Date,Revenue,Expenses,Profit,Margin_Pct,Unit_Price,Units_Sold,Customer_Visits,Support_Tickets,Inventory_Level,New_Signups,Region,Category,Sales_Channel,Status,Priority,CSAT_Score,NPS_Score,Conversion_Rate,Churn_Risk,Server_Uptime_Pct,Latency_ms,Error_Count,Fulfillment_Days,Transaction_ID,Customer_ID,Is_Promotional,Discount_Applied,Tax_Amount,Shipping_Cost
2023-01-01,57450.71,23092.05,34358.66,59.81,25.61,143,2955,18,73,99,Asia-Pacific,Apparel,Online,Shipped,Low,3.7,-53,0.2007,0.01,98.466,83.3,0,8,5306996,CUST-49521,True,0.13,4596.06,49.13
2023-01-02,47926.04,29750.37,18175.67,37.92,239.96,717,1165,10,1584,139,Europe,Books,Direct Sales,Pending,Low,3.6,20,0.1523,0.587,99.681,70.4,1,5,9894043,CUST-15707,False,0.0,3834.08,6.45
2023-01-03,59715.33,30144.13,29571.2,49.52,463.07,987,1158,13,858,41,Middle East,Apparel,Retail Store,Completed,Medium,4.6,-6,0.4542,0.522,98.167,128.3,2,6,1636790,CUST-52827,False,0.0,4777.23,36.03
2023-01-04,72845.45,33781.04,39064.41,53.63,204.82,399,3159,18,1380,93,North America,Books,Wholesale,Shipped,Medium,3.8,-40,0.0917,0.696,98.478,155.5,0,1,1320132,CUST-11038,False,0.0,5827.64,34.08
2023-01-05,46487.7,19065.13,27422.57,58.99,316.21,803,4172,11,984,96,Latin America,Sports,Online,Completed,High,1.7,50,0.2275,0.843,98.382,160.0,2,10,8114037,CUST-57029,False,0.0,3719.02,35.76
2023-01-06,46487.95,34740.54,11747.41,25.27,392.11,622,2700,15,1431,40,Asia-Pacific,Home & Kitchen,Direct Sales,Pending,Medium,4.0,-40,0.2307,0.164,99.907,110.9,3,9,6230769,CUST-55991,False,0.0,3719.04,23.75
2023-01-07,73688.19,8364.87,65323.32,88.65,394.12,996,4319,21,419,21,Europe,Apparel,Online,Shipped,High,1.7,-21,0.0957,0.856,99.255,121.6,2,13,1125485,CUST-80674,False,0.0,5895.06,22.11
2023-01-08,61511.52,24960.92,36550.6,59.42,264.45,434,2204,17,1046,94,Asia-Pacific,Home & Kitchen,Wholesale,Shipped,Low,3.2,90,0.1637,0.098,99.432,169.9,0,10,7469495,CUST-44471,False,0.0,4920.92,44.08
2023-01-09,42957.88,26093.81,16864.07,39.26,430.4,596,2953,7,1796,96,Europe,Electronics,Direct Sales,Completed,Low,1.3,-82,0.2016,0.883,98.217,93.3,2,7,4677710,CUST-90308,False,0.0,3436.63,12.09
2023-01-10,58138.4,35066.61,23071.79,39.68,201.78,815,2755,18,220,53,Middle East,Apparel,Direct Sales,Completed,High,1.2,-88,0.0527,0.85,98.388,33.4,0,5,2196505,CUST-10649,False,0.0,4651.07,18.7
2023-01-11,43048.73,30181.05,12867.68,29.89,445.46,519,1615,16,1654,85,Asia-Pacific,Apparel,Online,Completed,Low,2.9,29,0.2325,0.697,99.62,160.4,0,10,8373683,CUST-48599,False,0.0,3443.9,11.77
2023-01-12,43014.05,18755.5,24258.55,56.4,127.71,729,3117,18,271,38,Asia-Pacific,Sports,Online,Shipped,Low,1.4,78,0.0482,0.3,99.135,79.4,0,12,8567206,CUST-51877,False,0.0,3441.12,10.75
2023-01-13,53629.43,22120.05,31509.38,58.75,147.31,604,4247,12,492,141,Latin America,Apparel,Retail Store,Cancelled,Low,2.2,-26,0.4208,0.093,98.09,109.8,4,5,8108976,CUST-87332,False,0.0,4290.35,22.99
2023-01-14,21300.8,31589.44,-10288.64,-48.3,36.03,436,1673,11,1226,24,Europe,Electronics,Retail Store,Completed,Medium,2.4,-100,0.0931,0.778,99.131,136.0,1,4,7233501,CUST-28067,False,0.0,1704.06,46.36
2023-01-15,24126.23,29367.46,-5241.23,-21.72,399.84,958,2636,11,911,72,Europe,Electronics,Wholesale,Completed,Low,4.1,68,0.087,0.218,98.951,103.8,4,1,5868526,CUST-17876,False,0.0,1930.1,45.9
2023-01-16,41565.69,25367.01,16198.68,38.97,214.36,664,4026,17,425,81,Middle East,Home & Kitchen,Wholesale,Shipped,High,2.3,37,0.1403,0.441,98.307,157.8,3,1,3272931,CUST-80776,False,0.0,3325.26,34.82
2023-01-17,34807.53,26153.33,8654.2,24.86,122.27,483,2152,14,330,106,Asia-Pacific,Electronics,Direct Sales,Completed,High,3.0,-98,0.3055,0.531,99.186,213.5,3,1,9415093,CUST-54152,False,0.0,2784.6,27.44
2023-01-18,54713.71,35569.34,19144.37,34.99,123.58,577,3896,21,762,144,Latin America,Books,Wholesale,Completed,High,4.1,-93,0.2853,0.685,98.348,91.8,1,13,7568604,CUST-23466,True,0.22,4377.1,31.05
2023-01-19,36379.64,25858.46,10521.18,28.92,451.69,370,731,14,1292,129,North America,Beauty,Retail Store,Completed,Low,1.8,-21,0.1053,0.487,99.623,124.7,0,3,2970399,CUST-67450,False,0.0,2910.37,34.07
2023-01-20,28815.44,29295.27,-479.83,-1.67,418.62,961,1961,11,1993,77,Latin America,Apparel,Retail Store,Completed,Critical,4.2,63,0.0569,0.695,99.237,120.2,1,4,7971005,CUST-86320,False,0.0,2305.24,27.47
2023-01-21,71984.73,47359.49,24625.24,34.21,281.23,808,4052,14,1007,83,Latin America,Home & Kitchen,Retail Store,Refunded,Medium,4.3,6,0.1338,0.814,99.743,130.9,5,4,4940546,CUST-95081,False,0.0,5758.78,28.8
2023-01-22,46613.36,18610.54,28002.82,60.07,311.89,220,1332,12,1689,117,Latin America,Home & Kitchen,Online,Refunded,Low,5.0,-61,0.3147,0.713,98.849,98.9,0,12,9477976,CUST-70534,False,0.0,3729.07,41.25
2023-01-23,51012.92,15185.26,35827.66,70.23,242.42,962,2364,15,860,137,Latin America,Home & Kitchen,Retail Store,Completed,Low,2.8,66,0.0892,0.3,99.024,97.2,4,5,8486558,CUST-55197,False,0.0,4081.03,42.81
2023-01-24,28628.78,36268.72,-7639.94,-26.69,201.92,188,2147,16,876,29,Asia-Pacific,Home & Kitchen,Retail Store,Refunded,Medium,2.5,74,0.137,0.894,99.521,98.1,1,12,8214062,CUST-90341,False,0.0,2290.3,28.48
2023-01-25,41834.26,24570.86,17263.4,41.27,458.58,929,635,12,1895,105,Latin America,Apparel,Wholesale,Completed,Medium,3.8,18,0.0972,0.551,99.093,103.8,0,12,7073044,CUST-50811,False,0.0,3346.74,31.02
2023-01-26,51663.84,27454.1,24209.74,46.86,71.55,67,3633,17,535,35,Europe,Home & Kitchen,Retail Store,Shipped,Low,1.2,87,0.1779,0.465,99.144,104.4,4,4,8026795,CUST-16815,False,0.0,4133.11,12.83
2023-01-27,32735.1,23750.75,8984.35,27.45,215.04,82,4925,15,1583,38,Europe,Apparel,Retail Store,Completed,Medium,1.2,-93,0.0394,0.575,99.107,32.3,2,5,5481520,CUST-49946,False,0.0,2618.81,21.84
2023-01-28,55635.47,27921.6,27713.87,49.81,178.84,224,3197,14,384,72,Latin America,Home & Kitchen,Online,Shipped,Critical,2.3,-27,0.3812,0.483,98.983,123.1,4,5,9518715,CUST-66181,False,0.0,4450.84,29.44
2023-01-29,40990.42,42788.3,-1797.88,-4.39,254.09,909,1375,20,791,126,Europe,Home & Kitchen,Retail Store,Completed,Low,3.9,64,0.356,0.755,99.611,109.5,2,3,4017225,CUST-26869,False,0.0,3279.23,24.76
2023-01-30,45624.59,36417.03,9207.56,20.18,234.24,787,3173,27,459,50,Asia-Pacific,Beauty,Wholesale,Completed,Low,1.5,90,0.1202,0.421,98.97,94.9,0,12,1970876,CUST-36569,False,0.0,3649.97,39.57
2023-01-31,40974.4,36897.79,4076.61,9.95,264.26,968,1125,16,103,73,North America,Books,Online,Cancelled,High,3.5,-74,0.029,0.777,99.802,123.3,2,6,8431132,CUST-13965,False,0.0,3277.95,14.75
2023-02-01,77784.17,18670.18,59113.99,76.0,78.56,82,2151,15,750,31,Latin America,Electronics,Direct Sales,Completed,Low,2.1,-6,0.1166,0.76,99.617,119.8,2,11,5772136,CUST-17026,False,0.0,6222.73,15.28
2023-02-02,49797.54,20790.77,29006.77,58.25,261.44,476,3721,11,1807,49,Europe,Electronics,Retail Store,Refunded,High,3.6,30,0.0455,0.277,99.385,106.1,2,4,9785932,CUST-49027,False,0.0,3983.8,46.67
2023-02-03,34134.34,7287.37,26846.97,78.65,128.79,280,4663,20,1148,22,Europe,Electronics,Retail Store,Completed,High,2.8,66,0.1076,0.096,99.797,120.3,2,12,9653051,CUST-22864,False,0.0,2730.75,10.12
2023-02-04,62338.17,23524.95,38813.22,62.26,100.32,508,300,17,398,36,Asia-Pacific,Books,Retail Store,Completed,Low,1.5,-95,0.0361,0.851,99.074,99.6,1,1,5752376,CUST-89024,False,0.0,4987.05,15.73
2023-02-05,31687.35,37653.63,-5966.28,-18.83,41.77,363,4503,11,1024,6,Asia-Pacific,Apparel,Direct Sales,Shipped,Low,2.0,-91,0.0701,0.169,99.644,79.1,2,6,6590929,CUST-10605,False,0.0,2534.99,38.31
2023-02-06,53132.95,34135.57,18997.38,35.75,383.7,243,3423,17,1757,24,North America,Electronics,Online,Completed,Low,1.9,56,0.1003,0.031,98.484,188.6,2,8,5066086,CUST-86705,False,0.0,4250.64,28.64
2023-02-07,20604.95,28227.89,-7622.94,-37.0,219.45,328,3458,20,442,42,Middle East,Electronics,Online,Completed,Low,1.7,-72,0.0305,0.402,98.146,102.6,3,1,6336215,CUST-87372,False,0.0,1648.4,10.46
2023-02-08,30077.21,29821.6,255.61,0.85,317.06,28,3071,9,603,5,Middle East,Electronics,Retail Store,Completed,Medium,2.9,47,0.0565,0.254,99.37,129.3,2,3,2864693,CUST-72046,False,0.0,2406.18,34.05
2023-02-09,52952.92,24488.92,28464.0,53.75,366.52,634,685,14,1230,146,Middle East,Apparel,Direct Sales,Completed,Medium,4.8,-22,0.0877,0.22,98.603,210.9,2,5,6390238,CUST-10422,True,0.06,4236.23,14.94
2023-02-10,61077.0,31638.07,29438.93,48.2,342.87,584,3445,19,896,141,North America,Books,Wholesale,Completed,Medium,3.6,-35,0.2083,0.172,99.269,105.5,5,7,4590966,CUST-39289,False,0.0,4886.16,13.6
2023-02-11,52570.52,36127.03,16443.49,31.28,240.55,381,3954,7,130,140,Latin America,Books,Direct Sales,Completed,Medium,4.3,-89,0.2464,0.749,98.155,136.1,2,11,5574607,CUST-28353,False,0.0,4205.64,17.76
2023-02-12,48265.28,17072.91,31192.37,64.63,200.07,193,4704,6,1281,20,Middle East,Sports,Retail Store,Pending,Medium,4.9,-88,0.2308,0.783,99.911,201.4,1,9,8776668,CUST-51451,True,0.1,3861.22,21.94
2023-02-13,45483.44,32397.18,13086.26,28.77,194.22,286,3524,18,875,118,Middle East,Sports,Direct Sales,Pending,Critical,3.2,7,0.3622,0.046,99.03,62.3,1,10,1766340,CUST-36090,True,0.07,3638.68,45.64
2023-02-14,27822.17,37459.48,-9637.31,-34.64,323.62,683,4200,17,1159,12,Europe,Apparel,Online,Refunded,Medium,2.0,66,0.1154,0.547,98.019,166.7,2,13,5304566,CUST-89645,False,0.0,2225.77,27.87
2023-02-15,39202.34,26679.2,12523.14,31.94,252.45,764,459,12,793,27,Europe,Beauty,Online,Pending,High,4.7,66,0.3651,0.135,98.952,127.8,3,8,6959665,CUST-42879,False,0.0,3136.19,12.68
2023-02-16,43090.42,35605.6,7484.82,17.37,426.07,154,3769,17,1520,77,Latin America,Home & Kitchen,Online,Completed,Low,3.8,1,0.2415,0.5,99.579,102.3,4,2,8503979,CUST-72104,False,0.0,3447.23,48.6
2023-02-17,65856.83,52517.24,13339.59,20.26,438.6,667,4409,13,226,38,Asia-Pacific,Apparel,Wholesale,Completed,Medium,4.8,72,0.0929,0.348,99.73,121.7,3,13,7237257,CUST-24644,False,0.0,5268.55,22.24
2023-02-18,55154.27,29165.26,25989.01,47.12,93.57,90,3577,14,560,22,North America,Home & Kitchen,Direct Sales,Completed,Medium,3.6,68,0.1356,0.202,98.923,107.3,2,9,6292466,CUST-80967,False,0.0,4412.34,47.29
2023-02-19,23554.4,33146.46,-9592.06,-40.72,76.75,331,4758,8,1692,113,Middle East,Books,Retail Store,Completed,High,4.1,-10,0.0528,0.948,98.252,175.2,2,2,5714471,CUST-23340,False,0.0,1884.35,21.6
2023-02-20,54861.26,24095.54,30765.72,56.08,318.9,444,2912,13,188,48,North America,Home & Kitchen,Retail Store,Completed,Medium,4.6,70,0.0549,0.957,99.812,119.4,2,10,7966171,CUST-32439,False,0.0,4388.9,8.89
2023-02-21,44223.77,31450.01,12773.76,28.88,157.6,842,144,15,1175,147,Europe,Sports,Online,Shipped,Low,4.0,-39,0.1467,0.564,99.962,144.4,1,6,9785581,CUST-78928,False,0.0,3537.9,33.63
2023-02-22,39846.17,33682.17,6164.0,15.47,19.1,52,2850,14,522,19,North America,Electronics,Retail Store,Shipped,Low,3.3,30,0.1322,0.188,98.126,101.5,2,4,1953689,CUST-39364,False,0.0,3187.69,47.2
2023-02-23,59175.14,31558.74,27616.4,46.67,445.43,322,733,21,1895,97,Europe,Home & Kitchen,Wholesale,Pending,Low,2.9,-92,0.1981,0.583,98.156,130.2,3,10,9412756,CUST-10372,False,0.0,4734.01,36.56
2023-02-24,65464.99,21842.44,43622.55,66.63,121.18,915,1310,15,591,131,North America,Sports,Direct Sales,Completed,Low,4.3,71,0.012,0.928,99.131,106.6,4,8,6754296,CUST-40800,False,0.0,5237.2,6.84
2023-02-25,63969.2,31650.89,32318.31,50.52,465.35,302,1849,15,243,125,Europe,Home & Kitchen,Wholesale,Completed,Medium,4.1,24,0.073,0.378,99.068,70.3,1,4,3585180,CUST-28953,False,0.0,5117.54,16.52
2023-02-26,37411.74,41697.57,-4285.83,-11.46,361.54,697,3341,12,1906,27,North America,Books,Direct Sales,Pending,High,2.5,61,0.2239,0.138,99.177,165.8,0,9,8365577,CUST-59920,False,0.0,2992.94,30.73
2023-02-27,45361.81,33589.09,11772.72,25.95,383.7,897,2868,10,1829,75,Middle East,Beauty,Direct Sales,Shipped,Low,3.0,-82,0.1434,0.694,98.634,132.2,3,2,8272732,CUST-62174,False,0.0,3628.94,5.26
2023-02-28,54968.95,37695.9,17273.05,31.42,108.72,78,693,18,535,113,Middle East,Home & Kitchen,Direct Sales,Pending,Low,3.5,-11,0.0188,0.656,98.101,147.0,2,4,2574050,CUST-59550,False,0.0,4397.52,29.12
2023-03-01,64633.18,28103.9,36529.28,56.52,124.76,65,1524,15,1387,36,Latin America,Books,Retail Store,Completed,High,1.1,-14,0.3639,0.001,99.161,94.5,1,7,9823720,CUST-24249,False,0.0,5170.65,41.05
2023-03-02,42812.39,35999.2,6813.19,15.91,265.42,640,2026,15,1770,118,North America,Electronics,Retail Store,Pending,Low,2.0,-83,0.2985,0.854,98.303,161.5,1,2,7016242,CUST-12885,False,0.0,3424.99,49.45
2023-03-03,47215.12,32234.14,14980.98,31.73,94.33,213,956,14,854,37,Asia-Pacific,Home & Kitchen,Retail Store,Pending,Critical,2.0,73,0.1175,0.661,98.683,136.4,4,1,5176147,CUST-93181,False,0.0,3777.21,29.06
2023-03-04,33404.98,22392.71,11012.27,32.97,159.66,429,651,15,296,17,Latin America,Home & Kitchen,Retail Store,Completed,Low,4.5,3,0.0904,0.196,99.165,125.3,3,2,6158152,CUST-87853,True,0.21,2672.4,35.58
2023-03-05,32056.9,32548.17,-491.27,-1.53,167.52,936,4238,17,679,120,North America,Electronics,Retail Store,Completed,Medium,2.3,68,0.2448,0.003,98.417,156.0,4,2,4796426,CUST-84869,False,0.0,2564.55,11.92
2023-03-06,62187.89,22066.43,40121.46,64.52,88.22,576,2988,14,487,141,Asia-Pacific,Sports,Retail Store,Shipped,Low,3.2,25,0.2575,0.972,99.085,108.5,1,6,2232330,CUST-27947,False,0.0,4975.03,10.29
2023-03-07,70343.6,24936.96,45406.64,64.55,110.54,559,4374,15,122,71,Middle East,Sports,Online,Completed,Critical,4.3,-52,0.2452,0.755,99.429,165.3,1,3,5458214,CUST-28537,False,0.0,5627.49,33.93
2023-03-08,48919.85,31514.63,17405.22,35.58,396.39,252,1580,21,1142,36,Middle East,Sports,Online,Shipped,High,2.0,1,0.2924,0.365,98.132,96.8,2,7,1572276,CUST-46126,False,0.0,3913.59,12.21
2023-03-09,65052.99,32377.95,32675.04,50.23,91.93,210,706,25,803,77,Middle East,Apparel,Online,Completed,High,1.5,79,0.165,0.433,99.239,121.2,2,11,1491575,CUST-98336,False,0.0,5204.24,39.35
2023-03-10,55424.54,20486.14,34938.4,63.04,23.94,757,771,7,1225,109,Asia-Pacific,Beauty,Wholesale,Completed,Low,4.8,-27,0.1064,0.539,99.019,87.2,1,4,2303877,CUST-44772,False,0.0,4433.96,36.19
2023-03-11,40323.2,38431.89,1891.31,4.69,318.38,483,3415,11,880,133,Europe,Electronics,Wholesale,Completed,Critical,3.8,70,0.1566,0.719,98.195,79.8,2,10,8024644,CUST-52801,True,0.1,3225.86,21.74
2023-03-12,55420.93,34576.05,20844.88,37.61,488.23,536,116,17,143,117,North America,Sports,Wholesale,Completed,High,1.7,37,0.1042,0.173,99.413,103.7,2,2,7641587,CUST-36034,True,0.09,4433.67,35.07
2023-03-13,73070.55,24362.17,48708.38,66.66,172.29,665,2973,21,484,110,Latin America,Electronics,Direct Sales,Completed,Medium,4.3,-16,0.1467,0.196,98.622,114.4,3,10,7934176,CUST-90982,False,0.0,5845.64,21.71
2023-03-14,49462.61,17699.32,31763.29,64.22,68.14,86,2694,13,1856,73,Latin America,Electronics,Direct Sales,Shipped,Medium,4.1,65,0.1213,0.048,98.365,139.3,3,2,5649157,CUST-36306,False,0.0,3957.01,32.86
2023-03-15,73469.65,28840.76,44628.89,60.74,289.49,994,2584,14,1504,73,Middle East,Apparel,Wholesale,Pending,Critical,4.4,-63,0.0252,0.986,98.565,97.5,1,11,6734863,CUST-46187,False,0.0,5877.57,34.69
2023-03-16,10703.82,26432.45,-15728.63,-146.94,454.11,487,715,18,506,65,Europe,Electronics,Online,Refunded,Medium,2.1,74,0.0669,0.876,99.092,140.5,1,2,2504770,CUST-78304,False,0.0,856.31,36.98
2023-03-17,62328.54,30905.12,31423.42,50.42,394.19,830,3305,17,1503,12,North America,Apparel,Retail Store,Completed,Low,2.8,34,0.2022,0.553,99.16,108.8,3,4,6748207,CUST-68724,False,0.0,4986.28,28.68
2023-03-18,51305.71,27095.07,24210.64,47.19,315.03,449,2949,14,278,11,North America,Beauty,Retail Store,Completed,High,3.8,-89,0.1482,0.43,98.339,102.7,0,8,4842230,CUST-93981,True,0.1,4104.46,21.66
2023-03-19,45514.89,13940.35,31574.54,69.37,164.38,272,4507,13,79,149,Latin America,Apparel,Retail Store,Completed,Medium,2.6,-49,0.0771,0.237,99.873,142.0,6,10,6380087,CUST-48351,False,0.0,3641.19,32.78
2023-03-20,51376.41,26893.22,24483.19,47.65,275.52,194,3907,9,1698,74,Latin America,Beauty,Direct Sales,Completed,Critical,1.3,4,0.1106,0.595,98.658,100.9,2,11,4033039,CUST-13842,False,0.0,4110.11,26.66
2023-03-21,20186.47,27555.05,-7368.58,-36.5,54.71,64,2172,12,384,58,Latin America,Beauty,Wholesale,Completed,Medium,1.5,60,0.2804,0.691,98.537,183.9,2,12,9222860,CUST-43988,False,0.0,1614.92,7.68
2023-03-22,46704.92,35069.29,11635.63,24.91,342.68,317,624,16,709,40,North America,Beauty,Online,Pending,Low,3.4,-9,0.0336,0.689,98.373,135.1,3,3,7953547,CUST-71637,True,0.1,3736.39,27.03
2023-03-23,55356.69,24414.4,30942.29,55.9,365.3,525,3273,14,618,70,Latin America,Books,Retail Store,Completed,Medium,2.5,-77,0.2453,0.006,98.241,72.1,1,6,6208470,CUST-18030,True,0.1,4428.54,21.51
2023-03-24,72168.41,43429.4,28739.01,39.82,482.87,308,1573,21,226,7,North America,Beauty,Wholesale,Completed,Medium,1.0,75,0.1422,0.702,99.964,115.8,1,4,4717872,CUST-45318,False,0.0,5773.47,7.58
2023-03-25,42225.95,14706.88,27519.07,65.17,137.59,561,2525,9,873,17,Middle East,Apparel,Wholesale,Completed,Low,4.1,-70,0.0601,0.866,99.349,97.3,1,12,3986247,CUST-45139,False,0.0,3378.08,9.87
2023-03-26,37872.6,40489.34,-2616.74,-6.91,19.04,239,3374,15,617,33,Europe,Books,Direct Sales,Completed,Medium,2.7,-19,0.0952,0.115,99.574,62.6,2,2,9848134,CUST-49542,False,0.0,3029.81,30.71
2023-03-27,42473.64,28205.45,14268.19,33.59,277.35,386,3438,16,458,61,Latin America,Electronics,Direct Sales,Shipped,Low,2.3,-78,0.2549,0.755,98.803,157.0,0,13,8239875,CUST-57042,False,0.0,3397.89,41.78
2023-03-28,63731.03,36876.68,26854.35,42.14,356.33,295,2107,18,826,14,North America,Electronics,Direct Sales,Shipped,Medium,3.9,-30,0.4974,0.823,98.829,157.8,1,3,6630373,CUST-86091,False,0.0,5098.48,26.43
2023-03-29,54931.27,30638.41,24292.86,44.22,397.3,147,4657,20,1310,67,Middle East,Home & Kitchen,Direct Sales,Completed,Critical,2.8,-29,0.0855,0.276,99.974,94.6,1,4,4757836,CUST-86518,False,0.0,4394.5,7.18
2023-03-30,42053.6,39116.44,2937.16,6.98,104.93,487,2512,23,1351,77,Asia-Pacific,Beauty,Wholesale,Shipped,Medium,3.8,17,0.2819,0.712,98.401,144.9,5,12,6084594,CUST-87922,True,0.06,3364.29,42.89
2023-03-31,57699.01,26901.1,30797.91,53.38,138.26,624,2251,15,126,112,Middle East,Home & Kitchen,Direct Sales,Completed,Medium,1.1,42,0.3421,0.097,98.654,150.7,1,11,8486592,CUST-70026,False,0.0,4615.92,34.9
2023-04-01,51456.16,21211.04,30245.12,58.78,261.17,16,3282,12,982,105,Europe,Beauty,Retail Store,Completed,Low,1.0,-63,0.1569,0.649,98.39,119.6,4,11,5648585,CUST-87238,False,0.0,4116.49,46.2
2023-04-02,64529.67,41364.03,23165.64,35.9,171.99,685,527,16,685,100,Middle East,Beauty,Online,Completed,Medium,3.2,55,0.1481,0.51,98.565,153.3,2,9,1143547,CUST-57812,False,0.0,5162.37,49.55
2023-04-03,39469.2,29092.15,10377.05,26.29,431.65,428,4664,16,589,101,Latin America,Sports,Direct Sales,Pending,Medium,4.9,-10,0.0824,0.85,99.327,130.3,5,11,6744561,CUST-55645,False,0.0,3157.54,43.09
2023-04-04,45085.07,31772.47,13312.6,29.53,242.14,481,1114,21,1727,6,Latin America,Apparel,Retail Store,Completed,High,2.1,26,0.1209,0.452,98.618,160.1,4,13,5507254,CUST-58758,False,0.0,3606.81,45.97
2023-04-05,44118.38,39878.02,4240.36,9.61,401.79,944,1704,15,1231,114,Asia-Pacific,Apparel,Online,Completed,High,3.7,-80,0.0913,0.428,99.751,79.0,1,5,4056372,CUST-49937,False,0.0,3529.47,39.58
2023-04-06,28047.28,21744.36,6302.92,22.47,294.5,429,969,13,1240,134,North America,Electronics,Direct Sales,Completed,Medium,1.7,-74,0.1788,0.934,98.097,125.2,0,7,1144937,CUST-33037,False,0.0,2243.78,46.27
2023-04-07,54441.8,34763.93,19677.87,36.14,388.81,886,2827,15,1258,127,Middle East,Books,Direct Sales,Completed,Critical,2.2,74,0.1377,0.934,98.709,127.1,1,13,2050908,CUST-76691,False,0.0,4355.34,26.19
2023-04-08,53915.83,25280.84,28634.99,53.11,173.01,285,2952,23,1462,120,Asia-Pacific,Electronics,Online,Pending,High,1.3,-45,0.2066,0.036,99.721,79.5,3,1,9001579,CUST-32121,False,0.0,4313.27,46.65
2023-04-09,50076.7,28942.65,21134.05,42.2,417.39,570,985,15,61,41,Latin America,Beauty,Retail Store,Shipped,Low,4.5,24,0.2125,0.486,99.243,82.9,3,1,4897739,CUST-66715,False,0.0,4006.14,14.56
2023-04-10,46481.19,30578.23,15902.96,34.21,144.54,617,2708,12,218,134,North America,Sports,Retail Store,Pending,Medium,2.2,5,0.1468,0.161,99.542,64.6,3,6,6787172,CUST-39836,False,0.0,3718.5,10.32
2023-04-11,28769.44,17998.23,10771.21,37.44,277.59,580,1373,22,880,65,North America,Books,Wholesale,Refunded,High,1.9,41,0.1217,0.274,98.647,121.6,1,7,5898887,CUST-13203,False,0.0,2301.56,26.24
2023-04-12,43690.32,23769.3,19921.02,45.6,114.86,752,4526,19,1499,44,Europe,Home & Kitchen,Wholesale,Shipped,High,3.9,-80,0.2703,0.666,98.739,104.6,2,1,5503359,CUST-45358,False,0.0,3495.23,16.6
2023-04-13,44859.28,40808.58,4050.7,9.03,243.01,698,2055,13,1966,29,Latin America,Beauty,Direct Sales,Completed,Low,1.8,-87,0.308,0.129,99.776,74.8,2,4,7864119,CUST-25787,False,0.0,3588.74,34.46
2023-04-14,37965.84,37089.53,876.31,2.31,165.91,99,686,15,498,127,North America,Apparel,Retail Store,Completed,Medium,2.0,6,0.5556,0.011,99.499,162.6,1,6,9828907,CUST-26695,True,0.29,3037.27,41.72
2023-04-15,47580.71,29498.88,18081.83,38.0,140.68,291,300,17,1567,41,Europe,Electronics,Retail Store,Completed,Medium,1.4,-31,0.424,0.727,98.769,134.0,4,2,4091054,CUST-26133,True,0.22,3806.46,14.75
2023-04-16,56060.76,31944.99,24115.77,43.02,483.82,557,4649,10,498,31,Europe,Electronics,Direct Sales,Completed,Low,4.9,-73,0.3009,0.641,98.431,94.6,4,9,4152302,CUST-99542,False,0.0,4484.86,8.14
2023-04-17,78292.79,27646.06,50646.73,64.69,88.44,180,3717,14,1179,88,Latin America,Home & Kitchen,Online,Completed,High,2.0,12,0.2788,0.903,98.213,127.1,0,10,2006113,CUST-67041,True,0.18,6263.42,32.36
2023-04-18,52618.67,40852.67,11766.0,22.36,395.79,647,925,12,1839,48,North America,Electronics,Online,Pending,High,5.0,64,0.4622,0.542,99.724,111.7,2,2,1935678,CUST-72705,False,0.0,4209.49,34.67
2023-04-19,53863.26,28397.18,25466.08,47.28,492.24,820,210,24,476,76,North America,Electronics,Wholesale,Completed,Medium,1.7,1,0.33,0.945,99.395,65.3,3,10,1477282,CUST-42869,True,0.07,4309.06,31.11
2023-04-20,48883.31,31854.74,17028.57,34.84,19.75,364,3011,18,1005,136,Middle East,Books,Direct Sales,Pending,Low,1.1,-34,0.1227,0.609,99.215,129.6,4,5,7764778,CUST-36354,True,0.19,3910.66,36.1
2023-04-21,21218.43,39168.24,-17949.81,-84.6,352.52,213,3999,13,965,59,North America,Beauty,Online,Completed,High,4.6,23,0.1768,0.387,99.553,177.4,1,1,5168042,CUST-65005,False,0.0,1697.47,7.59
2023-04-22,49602.29,23781.03,25821.26,52.06,133.93,298,1007,17,1171,77,Europe,Books,Direct Sales,Completed,Medium,3.3,-68,0.1768,0.608,99.83,169.4,3,6,3617678,CUST-63069,False,0.0,3968.18,35.8
2023-04-23,50903.45,42470.31,8433.14,16.57,29.84,877,3815,17,680,16,Asia-Pacific,Books,Retail Store,Completed,Low,2.4,-89,0.0696,0.749,99.523,123.6,4,11,9342621,CUST-33907,False,0.0,4072.28,27.91
2023-04-24,86948.63,17756.31,69192.32,79.58,207.42,471,3789,13,275,146,Latin America,Electronics,Online,Completed,Low,3.1,39,0.0512,0.348,98.841,104.7,1,3,3833320,CUST-75803,True,0.28,6955.89,17.93
2023-04-25,47114.59,43037.14,4077.45,8.65,468.26,618,654,12,496,10,Asia-Pacific,Beauty,Online,Completed,Low,2.0,78,0.2028,0.373,98.353,139.7,2,13,3094766,CUST-16575,True,0.28,3769.17,24.83
2023-04-26,54523.21,27018.6,27504.61,50.45,15.76,759,2003,10,1960,51,North America,Electronics,Online,Completed,Medium,3.5,62,0.1396,0.63,99.428,129.3,3,12,1748059,CUST-29757,False,0.0,4361.86,13.4
2023-04-27,49479.32,28058.41,21420.91,43.29,298.06,182,206,15,1737,119,Europe,Sports,Retail Store,Completed,Low,3.5,2,0.051,0.456,98.493,115.1,2,6,9811071,CUST-52392,False,0.0,3958.35,6.09
2023-04-28,32469.83,14879.92,17589.91,54.17,255.68,310,3436,23,1549,72,Asia-Pacific,Sports,Wholesale,Completed,Low,1.3,-89,0.0725,0.527,99.565,185.1,3,12,4025109,CUST-53049,False,0.0,2597.59,13.85
2023-04-29,67142.34,26361.64,40780.7,60.74,437.96,609,2634,18,252,63,Latin America,Electronics,Direct Sales,Pending,High,4.6,-82,0.0482,0.982,98.677,106.1,3,9,5720241,CUST-71181,True,0.11,5371.39,27.85
2023-04-30,61279.0,21681.55,39597.45,64.62,51.16,920,2326,16,1017,141,Middle East,Books,Online,Completed,Critical,2.8,-6,0.267,0.044,98.314,153.5,4,11,3350817,CUST-96653,False,0.0,4902.32,24.83
2023-05-01,61865.48,25138.83,36726.65,59.37,343.95,872,3393,16,724,123,Asia-Pacific,Sports,Retail Store,Shipped,Low,1.8,-42,0.2207,0.648,98.509,125.0,1,8,6101601,CUST-62554,False,0.0,4949.24,48.1
2023-05-02,36359.19,28901.51,7457.68,20.51,343.25,538,1493,10,1370,52,Middle East,Apparel,Online,Completed,Low,2.2,16,0.2286,0.923,98.533,125.2,3,2,2492041,CUST-77096,False,0.0,2908.74,45.54
2023-05-03,71041.91,37662.33,33379.58,46.99,337.85,149,2784,17,683,13,North America,Sports,Direct Sales,Completed,Medium,4.5,-88,0.2204,0.236,98.758,62.2,1,9,5152475,CUST-39264,False,0.0,5683.35,16.06
2023-05-04,28972.23,31660.83,-2688.6,-9.28,471.74,775,2935,12,65,50,North America,Apparel,Direct Sales,Shipped,Low,2.5,-82,0.1217,0.212,98.515,158.5,1,12,1555713,CUST-58489,True,0.23,2317.78,23.89
2023-05-05,58802.86,32461.41,26341.45,44.8,413.31,287,266,22,1451,147,Latin America,Books,Online,Shipped,Low,3.2,63,0.0598,0.363,98.451,149.3,0,1,3385533,CUST-66795,True,0.27,4704.23,48.54
2023-05-06,82856.83,21235.84,61620.99,74.37,30.57,672,2810,11,1409,76,Middle East,Books,Retail Store,Shipped,Low,4.8,31,0.2397,0.074,98.783,126.6,5,3,2603615,CUST-35711,True,0.14,6628.55,22.97
2023-05-07,35141.96,22953.97,12187.99,34.68,240.83,520,3724,10,667,132,Middle East,Electronics,Online,Completed,High,3.6,-88,0.157,0.56,99.736,156.2,2,10,6199295,CUST-85773,True,0.21,2811.36,49.16
2023-05-08,41505.53,44389.8,-2884.27,-6.95,205.0,355,2447,9,1847,114,Latin America,Beauty,Retail Store,Completed,Critical,3.7,-17,0.3947,0.645,98.141,134.5,1,10,8624729,CUST-54257,False,0.0,3320.44,15.31
2023-05-09,51494.77,24118.39,27376.38,53.16,161.97,855,1504,13,1093,149,Asia-Pacific,Sports,Wholesale,Pending,High,2.0,33,0.2319,0.82,98.592,74.6,2,12,7612115,CUST-75263,False,0.0,4119.58,32.06
2023-05-10,42447.87,43249.67,-801.8,-1.89,231.15,149,1625,15,489,39,Latin America,Electronics,Online,Completed,Medium,3.7,-57,0.0725,0.066,99.125,86.0,1,4,7562237,CUST-79745,True,0.24,3395.83,39.18
2023-05-11,26740.05,28055.51,-1315.46,-4.92,198.26,123,4509,17,1317,136,North America,Electronics,Retail Store,Cancelled,Medium,2.6,-25,0.2197,0.436,99.749,117.9,4,5,1963442,CUST-61763,False,0.0,2139.2,10.76
2023-05-12,51028.44,30018.3,21010.14,41.17,221.84,589,4938,13,1317,52,Middle East,Home & Kitchen,Online,Completed,Medium,4.6,8,0.136,0.784,98.568,60.8,0,7,4020199,CUST-52580,True,0.1,4082.28,49.04
2023-05-13,34065.44,38562.92,-4497.48,-13.2,489.84,516,2874,13,1020,146,Europe,Electronics,Direct Sales,Completed,Medium,1.5,-20,0.1642,0.768,98.697,159.3,0,3,5589970,CUST-98121,False,0.0,2725.24,35.9
2023-05-14,57103.89,40175.14,16928.75,29.65,53.43,375,925,16,441,50,Europe,Beauty,Direct Sales,Completed,Medium,2.1,35,0.2152,0.074,99.596,112.5,3,6,3714703,CUST-43208,True,0.3,4568.31,8.03
2023-05-15,36208.64,29113.5,7095.14,19.6,461.89,700,1224,24,773,52,North America,Electronics,Online,Shipped,Medium,1.3,60,0.1089,0.011,98.745,124.8,0,12,2691109,CUST-26071,False,0.0,2896.69,8.21
2023-05-16,73249.02,26894.06,46354.96,63.28,245.32,646,668,12,785,11,Middle East,Books,Online,Completed,Low,2.5,20,0.0216,0.783,99.703,85.6,6,8,2575571,CUST-57043,True,0.17,5859.92,18.7
2023-05-17,38251.2,29552.64,8698.56,22.74,315.63,406,2058,12,1938,99,Middle East,Beauty,Retail Store,Cancelled,Low,1.6,-49,0.1884,0.138,98.911,142.6,5,11,2784697,CUST-26129,False,0.0,3060.1,48.49
2023-05-18,45169.08,32703.66,12465.42,27.6,416.79,834,3839,19,1335,64,Latin America,Sports,Retail Store,Completed,Critical,4.4,2,0.1318,0.578,99.138,115.0,1,5,7351163,CUST-52790,True,0.08,3613.53,42.62
2023-05-19,62202.76,37130.43,25072.33,40.31,186.63,832,2209,13,269,39,Asia-Pacific,Books,Direct Sales,Shipped,Low,4.7,16,0.0651,0.094,99.122,108.6,2,1,3846879,CUST-64006,False,0.0,4976.22,38.58
2023-05-20,31537.04,30033.84,1503.2,4.77,220.91,859,4564,9,1081,148,Latin America,Home & Kitchen,Retail Store,Completed,Low,3.7,-11,0.1782,0.296,98.239,169.4,2,5,9055999,CUST-36434,True,0.12,2522.96,16.36
2023-05-21,53411.9,34951.09,18460.81,34.56,210.66,884,4289,14,495,23,Europe,Home & Kitchen,Direct Sales,Shipped,Medium,1.4,-18,0.3643,0.158,98.71,165.8,0,3,2730683,CUST-51711,False,0.0,4272.95,43.21
2023-05-22,69607.14,43106.88,26500.26,38.07,193.62,933,4194,12,63,134,Middle East,Beauty,Wholesale,Completed,Low,2.4,-88,0.1381,0.736,98.483,146.2,1,4,5556200,CUST-35197,False,0.0,5568.57,29.42
2023-05-23,25887.75,33050.48,-7162.73,-27.67,463.51,879,3030,15,436,72,Asia-Pacific,Sports,Online,Shipped,Low,4.9,19,0.1861,0.673,99.366,127.3,3,13,2093064,CUST-92187,False,0.0,2071.02,49.53
2023-05-24,52769.51,32493.22,20276.29,38.42,416.18,754,863,16,691,102,Latin America,Apparel,Retail Store,Completed,Low,1.5,37,0.1793,0.135,99.867,101.9,5,10,3376205,CUST-94731,False,0.0,4221.56,17.26
2023-05-25,53898.24,17848.71,36049.53,66.88,63.41,949,3460,14,1095,11,Asia-Pacific,Apparel,Direct Sales,Completed,Medium,3.2,61,0.2947,0.059,98.425,109.9,4,7,2913566,CUST-15112,False,0.0,4311.86,44.67
2023-05-26,61727.34,8954.16,52773.18,85.49,62.98,668,3550,15,274,51,Europe,Beauty,Direct Sales,Completed,Low,2.4,-6,0.3673,0.466,98.183,108.3,2,3,2229226,CUST-11190,True,0.07,4938.19,7.73
2023-05-27,31445.74,33107.01,-1661.27,-5.28,219.66,951,2247,10,284,47,Asia-Pacific,Beauty,Online,Pending,Medium,5.0,54,0.1012,0.196,99.013,133.7,1,12,2894426,CUST-60884,True,0.22,2515.66,41.94
2023-05-28,30193.15,29241.41,951.74,3.15,58.34,120,3495,18,1414,36,Middle East,Books,Online,Completed,Low,2.1,85,0.1567,0.008,98.782,118.9,1,1,6364985,CUST-87255,False,0.0,2415.45,30.77
2023-05-29,57829.12,25881.74,31947.38,55.24,313.36,884,4524,16,1049,149,Asia-Pacific,Home & Kitchen,Online,Completed,Low,1.2,94,0.0826,0.264,98.071,119.8,0,8,3532638,CUST-59769,False,0.0,4626.33,26.1
2023-05-30,54454.77,31948.24,22506.53,41.33,80.41,367,3819,13,760,132,Asia-Pacific,Beauty,Retail Store,Completed,High,3.8,71,0.0382,0.215,99.843,173.9,1,4,3589393,CUST-63151,False,0.0,4356.38,14.99
2023-05-31,53757.39,29516.77,24240.62,45.09,265.96,247,4901,16,1207,123,Latin America,Electronics,Wholesale,Completed,High,2.3,-32,0.0683,0.685,99.88,160.0,0,3,8842849,CUST-89858,False,0.0,4300.59,12.6
2023-06-01,55196.72,39022.24,16174.48,29.3,13.54,12,320,9,1251,18,Asia-Pacific,Books,Wholesale,Pending,Medium,3.6,-96,0.1918,0.861,99.701,92.7,3,6,6318325,CUST-88101,True,0.27,4415.74,21.16
2023-06-02,39799.63,30688.89,9110.74,22.89,165.13,732,1961,21,1629,85,Asia-Pacific,Home & Kitchen,Wholesale,Completed,Low,1.4,64,0.0817,0.238,98.561,130.4,1,10,2908478,CUST-78055,False,0.0,3183.97,12.4
2023-06-03,53483.81,24024.61,29459.2,55.08,341.82,413,2714,20,1593,56,Europe,Books,Wholesale,Completed,Low,3.1,-30,0.1637,0.223,98.245,92.8,1,12,3520954,CUST-14186,False,0.0,4278.7,15.78
2023-06-04,54396.09,37921.33,16474.76,30.29,247.18,34,1121,13,841,8,Asia-Pacific,Home & Kitchen,Direct Sales,Completed,High,2.5,3,0.0591,0.388,99.185,141.1,4,4,2184519,CUST-46017,False,0.0,4351.69,49.43
2023-06-05,39284.73,28262.95,11021.78,28.06,489.35,852,209,14,1612,37,Latin America,Electronics,Retail Store,Completed,Low,3.1,-45,0.1666,0.173,98.563,187.5,2,7,8924336,CUST-37024,False,0.0,3142.78,43.01
2023-06-06,77986.62,34212.29,43774.33,56.13,438.31,518,4344,16,486,110,Latin America,Home & Kitchen,Wholesale,Completed,High,4.4,-50,0.1556,0.947,98.403,107.5,2,11,2176017,CUST-48316,False,0.0,6238.93,6.86
2023-06-07,57107.49,26180.71,30926.78,54.16,185.94,705,3948,9,1124,133,Middle East,Books,Wholesale,Completed,Medium,4.9,-45,0.0986,0.244,99.283,147.7,2,7,3593817,CUST-37322,False,0.0,4568.6,19.34
2023-06-08,32130.45,24801.38,7329.07,22.81,32.29,474,798,6,1997,101,Europe,Home & Kitchen,Retail Store,Completed,Medium,4.0,69,0.0875,0.093,99.501,176.5,3,3,5599642,CUST-60335,True,0.07,2570.44,12.44
2023-06-09,59848.3,30673.35,29174.95,48.75,424.36,70,207,14,1516,68,North America,Books,Retail Store,Completed,Medium,4.1,40,0.1096,0.557,99.055,115.2,5,2,3881850,CUST-87417,False,0.0,4787.86,13.16
2023-06-10,35379.77,30102.63,5277.14,14.92,456.5,517,488,18,630,132,Middle East,Beauty,Online,Shipped,Medium,3.1,-67,0.2058,0.538,98.64,137.3,2,4,1041422,CUST-19333,True,0.26,2830.38,12.33
2023-06-11,61806.27,33838.62,27967.65,45.25,412.11,132,524,13,1354,41,Asia-Pacific,Electronics,Online,Completed,Low,1.4,-1,0.1272,0.632,99.025,180.0,2,10,6685897,CUST-75509,False,0.0,4944.5,30.47
2023-06-12,67378.93,27850.83,39528.1,58.67,72.7,506,2594,15,1117,130,Europe,Books,Wholesale,Shipped,Medium,3.7,61,0.1077,0.967,99.199,87.2,2,6,4824136,CUST-41535,False,0.0,5390.31,12.88
2023-06-13,37689.77,15309.12,22380.65,59.38,498.98,64,3065,25,736,74,Middle East,Apparel,Direct Sales,Completed,High,1.6,-48,0.3766,0.323,98.104,83.7,3,11,5954465,CUST-82465,True,0.15,3015.18,49.83
2023-06-14,64450.64,26537.81,37912.83,58.82,136.71,172,2803,17,1704,139,Latin America,Apparel,Online,Pending,Low,2.0,-98,0.1001,0.36,98.888,76.5,0,10,1961753,CUST-54907,False,0.0,5156.05,13.57
2023-06-15,56191.71,36350.55,19841.16,35.31,364.86,983,2099,14,414,108,Europe,Sports,Retail Store,Completed,Low,3.8,-27,0.0744,0.337,99.197,146.4,2,3,7365576,CUST-84643,True,0.21,4495.34,44.13
2023-06-16,62330.9,27620.99,34709.91,55.69,454.94,708,3675,10,1961,118,Europe,Sports,Online,Completed,Low,3.6,6,0.1431,0.629,98.259,84.5,3,9,3611461,CUST-64857,False,0.0,4986.47,40.59
2023-06-17,78451.89,28028.93,50422.96,64.27,125.49,48,1627,13,318,59,Asia-Pacific,Home & Kitchen,Online,Pending,Medium,2.3,-2,0.067,0.604,98.898,139.6,3,10,2047041,CUST-74906,True,0.24,6276.15,48.14
2023-06-18,46319.18,37891.01,8428.17,18.2,455.05,706,4153,16,1766,125,Europe,Beauty,Retail Store,Shipped,Low,4.1,-64,0.1533,0.529,98.693,167.6,0,7,1400327,CUST-47307,False,0.0,3705.53,47.29
2023-06-19,38693.96,24304.21,14389.75,37.19,161.65,92,2126,13,1638,127,Europe,Beauty,Wholesale,Completed,High,4.8,79,0.1063,0.364,99.736,96.8,1,12,7092856,CUST-47607,True,0.13,3095.52,28.36
2023-06-20,36657.28,17657.57,18999.71,51.83,488.44,716,2468,13,1366,7,North America,Apparel,Online,Completed,Medium,3.2,33,0.2726,0.428,98.979,93.3,1,6,9653101,CUST-38526,True,0.07,2932.58,49.74
2023-06-21,37762.85,28714.95,9047.9,23.96,147.82,555,2866,15,1776,96,Asia-Pacific,Home & Kitchen,Online,Completed,High,3.7,48,0.1288,0.793,98.853,143.4,3,4,2511177,CUST-62001,False,0.0,3021.03,45.84
2023-06-22,48843.47,26126.61,22716.86,46.51,477.18,122,1955,10,1267,123,Europe,Beauty,Wholesale,Cancelled,High,2.1,-56,0.1296,0.609,98.488,121.7,1,4,8756118,CUST-12035,False,0.0,3907.48,26.63
2023-06-23,55117.28,22270.03,32847.25,59.6,36.24,434,546,11,1444,145,Europe,Beauty,Online,Shipped,Low,4.9,32,0.2135,0.716,99.915,37.3,3,4,5843622,CUST-63925,False,0.0,4409.38,26.29
2023-06-24,54150.36,28596.97,25553.39,47.19,357.54,927,1697,19,1625,65,North America,Home & Kitchen,Direct Sales,Completed,Low,2.1,-98,0.0213,0.277,99.922,173.6,3,9,3594009,CUST-62624,True,0.14,4332.03,37.77
2023-06-25,62407.75,33932.05,28475.7,45.63,270.73,239,309,18,127,105,North America,Books,Wholesale,Shipped,High,4.5,-81,0.0823,0.911,98.734,139.3,1,12,7690181,CUST-33600,False,0.0,4992.62,27.69
2023-06-26,50195.03,29925.69,20269.34,40.38,244.16,292,948,16,238,120,Latin America,Apparel,Direct Sales,Completed,Medium,4.7,-40,0.1999,0.035,99.858,106.7,1,10,4919708,CUST-74086,False,0.0,4015.6,45.52
2023-06-27,71803.01,32455.85,39347.16,54.8,119.51,926,1751,21,1680,37,Asia-Pacific,Sports,Retail Store,Pending,Low,3.9,62,0.1023,0.596,99.237,105.3,2,3,1047800,CUST-11654,False,0.0,5744.24,9.84
2023-06-28,46030.15,44507.26,1522.89,3.31,355.74,946,2016,11,1463,82,North America,Beauty,Direct Sales,Completed,High,4.2,59,0.164,0.812,99.562,144.5,4,3,6086961,CUST-66262,False,0.0,3682.41,47.78
2023-06-29,90802.54,27256.97,63545.57,69.98,103.5,296,3629,17,1098,28,Europe,Books,Retail Store,Completed,Medium,2.8,46,0.1302,0.866,98.18,118.4,2,11,6863691,CUST-45954,False,0.0,7264.2,49.29
2023-06-30,59385.01,32226.79,27158.22,45.73,280.89,164,2018,13,1688,56,North America,Books,Wholesale,Completed,Low,4.7,42,0.3365,0.32,98.043,122.0,1,7,5659283,CUST-13845,True,0.07,4750.8,49.64
2023-07-01,37142.64,25926.29,11216.35,30.2,134.09,174,676,15,1375,105,Middle East,Books,Retail Store,Refunded,Medium,4.0,-27,0.175,0.46,99.028,125.3,3,3,7405544,CUST-75769,False,0.0,2971.41,35.52
2023-07-02,33936.61,23229.12,10707.49,31.55,478.25,971,788,16,720,120,Latin America,Books,Retail Store,Shipped,High,2.3,-44,0.042,0.035,98.152,91.3,0,10,8355716,CUST-51399,False,0.0,2714.93,6.02
2023-07-03,57237.09,25320.74,31916.35,55.76,24.03,191,889,12,407,127,Latin America,Electronics,Retail Store,Shipped,Low,1.1,53,0.1175,0.79,99.783,107.4,0,4,3052432,CUST-52775,False,0.0,4578.97,40.75
2023-07-04,46648.06,26169.93,20478.13,43.9,107.87,248,1455,21,1793,10,Asia-Pacific,Electronics,Retail Store,Completed,Low,3.2,-31,0.0619,0.125,99.64,113.4,3,8,8970364,CUST-89163,False,0.0,3731.84,39.13
2023-07-05,60710.01,32875.81,27834.2,45.85,128.73,658,1787,14,1008,80,Latin America,Sports,Direct Sales,Completed,Low,4.4,10,0.1507,0.428,99.43,93.4,2,5,2362129,CUST-77399,False,0.0,4856.8,12.06
2023-07-06,57098.56,48792.61,8305.95,14.55,212.89,348,449,22,1932,94,Asia-Pacific,Home & Kitchen,Retail Store,Completed,High,4.4,-11,0.1513,0.991,98.063,129.6,2,4,3373148,CUST-93065,False,0.0,4567.88,17.79
2023-07-07,48907.57,24271.65,24635.92,50.37,124.04,947,2817,12,1167,127,Middle East,Apparel,Retail Store,Shipped,High,4.3,29,0.1421,0.918,98.917,137.0,2,5,4843574,CUST-59654,False,0.0,3912.61,14.14
2023-07-08,37298.09,26667.0,10631.09,28.5,250.76,521,3639,14,1909,68,Europe,Home & Kitchen,Online,Cancelled,Medium,1.9,-52,0.3257,0.33,98.156,179.0,2,9,8760675,CUST-82692,False,0.0,2983.85,46.37
2023-07-09,27277.29,29495.02,-2217.73,-8.13,437.51,941,4621,14,1624,146,Middle East,Electronics,Online,Completed,Medium,2.7,75,0.0587,0.224,99.857,93.4,1,3,7203692,CUST-80261,False,0.0,2182.18,20.61
2023-07-10,43302.28,33166.39,10135.89,23.41,358.91,275,4522,15,385,85,Asia-Pacific,Home & Kitchen,Online,Pending,Low,3.5,59,0.1634,0.252,99.225,151.2,4,9,5448740,CUST-85201,False,0.0,3464.18,47.59
2023-07-11,62845.98,32108.41,30737.57,48.91,294.18,196,1229,19,1237,75,Asia-Pacific,Home & Kitchen,Retail Store,Pending,Medium,3.7,30,0.0836,0.685,98.313,169.9,3,3,4547917,CUST-91301,False,0.0,5027.68,21.53
2023-07-12,53211.41,40272.77,12938.64,24.32,53.61,49,4450,10,952,69,Asia-Pacific,Books,Online,Completed,Critical,2.3,47,0.1767,0.726,99.121,153.2,1,8,3564480,CUST-12354,False,0.0,4256.91,21.62
2023-07-13,31313.92,10588.86,20725.06,66.18,350.06,831,4639,19,390,117,Europe,Beauty,Direct Sales,Completed,Medium,3.8,-7,0.1521,0.216,98.237,102.6,1,6,5579215,CUST-24898,False,0.0,2505.11,19.87
2023-07-14,52597.71,10904.56,41693.15,79.27,91.54,502,4308,17,883,106,Asia-Pacific,Electronics,Wholesale,Completed,Critical,3.4,64,0.1409,0.24,98.291,109.2,1,5,6638271,CUST-65139,False,0.0,4207.82,42.67
2023-07-15,55779.76,26032.97,29746.79,53.33,395.32,688,4884,12,616,8,Middle East,Electronics,Wholesale,Pending,Medium,3.3,8,0.1207,0.323,98.162,173.1,1,11,3228663,CUST-70372,False,0.0,4462.38,14.4
2023-07-16,36742.14,38778.4,-2036.26,-5.54,132.53,400,1090,8,121,140,Europe,Home & Kitchen,Wholesale,Shipped,Low,3.7,47,0.185,0.433,99.743,113.5,2,11,9542871,CUST-81975,True,0.26,2939.37,36.05
2023-07-17,52305.88,17474.82,34831.06,66.59,214.35,269,1973,11,1115,64,Middle East,Beauty,Online,Shipped,High,3.4,-41,0.1477,0.917,99.091,118.9,3,12,6395517,CUST-74838,False,0.0,4184.47,8.54
2023-07-18,50873.13,5938.94,44934.19,88.33,181.73,664,4241,15,460,49,Europe,Home & Kitchen,Retail Store,Pending,Low,1.7,-3,0.2914,0.027,98.656,103.0,1,6,6896732,CUST-12886,False,0.0,4069.85,49.85
2023-07-19,32855.45,34569.44,-1713.99,-5.22,430.82,725,4952,17,947,76,Asia-Pacific,Apparel,Wholesale,Completed,Medium,4.5,86,0.0841,0.638,98.001,147.1,3,4,9023176,CUST-40211,False,0.0,2628.44,26.77
2023-07-20,55366.81,31949.26,23417.55,42.3,72.01,185,1476,18,887,99,Europe,Electronics,Direct Sales,Pending,Medium,2.0,-20,0.3139,0.862,98.944,33.9,0,4,9659929,CUST-67240,False,0.0,4429.34,10.62
2023-07-21,58411.77,21278.33,37133.44,63.57,287.17,783,1326,16,693,35,North America,Books,Online,Shipped,High,4.0,-59,0.2608,0.723,99.026,91.6,0,9,3122072,CUST-18250,True,0.22,4672.94,25.58
2023-07-22,66245.77,22115.68,44130.09,66.62,79.61,773,663,14,70,124,Middle East,Books,Online,Pending,Low,1.7,50,0.0728,0.217,98.673,85.7,3,8,1955962,CUST-42325,False,0.0,5299.66,8.57
2023-07-23,65807.03,22242.05,43564.98,66.2,355.35,338,2987,23,1074,68,North America,Books,Direct Sales,Completed,High,3.6,68,0.1756,0.477,98.969,175.6,2,10,7843862,CUST-96783,True,0.14,5264.56,35.73
2023-07-24,29334.96,30884.28,-1549.32,-5.28,453.49,940,1440,21,727,71,North America,Sports,Retail Store,Cancelled,High,4.6,-28,0.0949,0.91,98.201,128.1,1,5,7027429,CUST-65121,False,0.0,2346.8,27.12
2023-07-25,35932.62,24989.48,10943.14,30.45,222.96,209,3837,13,1645,113,Asia-Pacific,Sports,Retail Store,Shipped,Low,1.0,-74,0.2008,0.116,99.844,112.9,5,6,7072203,CUST-21982,False,0.0,2874.61,10.6
2023-07-26,57725.53,33952.51,23773.02,41.18,249.17,720,1537,16,1149,72,Asia-Pacific,Electronics,Direct Sales,Shipped,High,4.9,-20,0.0825,0.988,98.517,112.9,3,9,7253868,CUST-13412,True,0.28,4618.04,32.45
2023-07-27,57706.79,7162.99,50543.8,87.59,464.44,205,194,20,652,39,North America,Electronics,Direct Sales,Cancelled,Low,1.1,73,0.0583,0.144,99.897,71.6,2,12,5143988,CUST-28302,False,0.0,4616.54,18.06
2023-07-28,57725.72,23145.19,34580.53,59.9,265.29,835,3396,17,1471,102,Europe,Books,Online,Completed,Low,1.0,-84,0.2492,0.142,98.986,167.5,1,4,1075965,CUST-81222,False,0.0,4618.06,47.4
2023-07-29,107790.97,20991.57,86799.4,80.53,248.92,598,1048,22,1792,40,Asia-Pacific,Electronics,Direct Sales,Shipped,Critical,4.4,12,0.2274,0.813,99.713,107.7,1,2,3922297,CUST-72699,True,0.05,8623.28,34.49
2023-07-30,58563.36,27949.27,30614.09,52.28,293.38,540,4748,15,137,136,Middle East,Books,Retail Store,Completed,Low,3.8,29,0.0939,0.828,99.154,140.8,0,6,4902649,CUST-63783,False,0.0,4685.07,23.25
2023-07-31,67033.48,25695.62,41337.86,61.67,347.72,71,2792,16,1667,53,North America,Apparel,Retail Store,Completed,Medium,1.4,-86,0.1177,0.038,99.689,97.0,2,9,6948256,CUST-30093,False,0.0,5362.68,11.26
2023-08-01,64310.03,36382.75,27927.28,43.43,62.37,336,4261,13,66,22,Middle East,Apparel,Retail Store,Pending,Medium,4.7,17,0.1803,0.168,98.02,117.9,1,6,6921738,CUST-67001,False,0.0,5144.8,36.47
2023-08-02,59770.87,15125.31,44645.56,74.69,412.34,915,3381,8,1402,64,Middle East,Apparel,Retail Store,Completed,Low,3.7,84,0.2796,0.949,98.373,87.8,5,7,8121021,CUST-85394,False,0.0,4781.67,26.27
2023-08-03,45270.96,30363.93,14907.03,32.93,223.4,290,1597,25,992,90,Middle East,Home & Kitchen,Retail Store,Completed,Medium,1.4,68,0.3231,0.279,98.708,111.3,1,12,7196626,CUST-57742,True,0.12,3621.68,38.71
2023-08-04,61384.54,34466.69,26917.85,43.85,45.45,949,4860,16,1283,142,North America,Home & Kitchen,Online,Refunded,Low,4.4,-28,0.3707,0.012,98.592,156.4,1,11,1922418,CUST-68152,False,0.0,4910.76,34.2
2023-08-05,38407.62,44853.18,-6445.56,-16.78,395.23,771,2831,17,873,117,Latin America,Beauty,Direct Sales,Completed,Low,2.9,-87,0.0887,0.254,99.893,123.7,1,5,8780462,CUST-32037,False,0.0,3072.61,33.0
2023-08-06,46447.72,26145.87,20301.85,43.71,194.71,236,2843,12,432,27,Asia-Pacific,Beauty,Direct Sales,Cancelled,High,2.1,-93,0.17,0.735,98.789,133.1,2,9,1698096,CUST-93481,True,0.12,3715.82,38.05
2023-08-07,42719.55,32595.67,10123.88,23.7,59.18,648,4375,13,1638,72,Middle East,Beauty,Wholesale,Completed,Critical,4.3,-25,0.2077,0.916,99.944,122.2,2,11,1834037,CUST-85259,True,0.28,3417.56,21.0
2023-08-08,51228.11,15569.1,35659.01,69.61,320.55,67,2981,19,689,63,North America,Apparel,Online,Completed,Medium,4.0,34,0.2231,0.155,99.302,177.1,2,8,6681147,CUST-10771,False,0.0,4098.25,48.53
2023-08-09,84719.88,10864.35,73855.53,87.18,441.26,930,301,7,1219,94,Latin America,Apparel,Online,Completed,Low,3.5,-34,0.1861,0.224,99.671,91.4,1,9,4417146,CUST-49797,False,0.0,6777.59,47.13
2023-08-10,21991.02,36758.2,-14767.18,-67.15,445.0,486,1598,12,502,11,North America,Apparel,Online,Pending,Medium,4.6,53,0.2343,0.442,98.788,115.2,5,1,6501078,CUST-13774,False,0.0,1759.28,37.28
2023-08-11,60293.9,29955.52,30338.38,50.32,479.26,385,3186,18,865,17,Asia-Pacific,Electronics,Online,Completed,High,4.4,-98,0.146,0.748,98.38,126.6,3,12,4904229,CUST-27146,False,0.0,4823.51,10.39
2023-08-12,25809.26,39428.1,-13618.84,-52.77,435.18,725,3213,19,1466,135,North America,Electronics,Online,Refunded,Low,1.9,73,0.1904,0.659,98.101,85.1,0,10,6138050,CUST-27808,True,0.07,2064.74,41.62
2023-08-13,42921.02,19012.78,23908.24,55.7,11.05,252,2690,15,359,15,Europe,Apparel,Retail Store,Pending,Low,4.5,31,0.1852,0.328,99.313,124.4,1,3,7770663,CUST-46595,False,0.0,3433.68,19.56
2023-08-14,66334.26,34159.22,32175.04,48.5,196.32,376,2048,17,980,55,Europe,Books,Wholesale,Shipped,High,2.5,84,0.1237,0.066,99.944,121.0,0,12,5836266,CUST-48990,False,0.0,5306.74,11.06
2023-08-15,50964.2,44950.54,6013.66,11.8,411.09,945,3704,22,541,36,Middle East,Beauty,Retail Store,Completed,Medium,2.7,23,0.2572,0.253,98.237,124.0,3,13,1805211,CUST-54806,False,0.0,4077.14,35.23
2023-08-16,33833.83,33357.64,476.19,1.41,189.46,853,4063,15,809,46,North America,Home & Kitchen,Wholesale,Completed,Low,4.9,73,0.0964,0.22,99.544,124.1,2,7,3193166,CUST-46417,True,0.23,2706.71,39.81
2023-08-17,39270.44,32212.65,7057.79,17.97,304.76,509,793,8,1503,106,North America,Beauty,Online,Cancelled,Low,4.0,-87,0.1068,0.021,98.729,96.5,1,4,2078845,CUST-31814,False,0.0,3141.64,43.67
2023-08-18,60193.97,30068.45,30125.52,50.05,307.1,847,1819,12,50,125,Middle East,Books,Online,Completed,High,2.3,30,0.2001,0.975,99.987,63.1,2,1,2039137,CUST-60429,False,0.0,4815.52,10.39
2023-08-19,39044.5,17432.95,21611.55,55.35,188.86,261,4033,12,90,82,Middle East,Sports,Direct Sales,Completed,Medium,3.6,40,0.2341,0.255,99.74,126.4,4,3,6100543,CUST-21623,False,0.0,3123.56,14.26
2023-08-20,53246.88,40844.58,12402.3,23.29,453.19,915,3832,14,1658,76,Latin America,Electronics,Online,Completed,Low,3.2,35,0.0446,0.837,98.462,88.7,3,5,2905823,CUST-48391,False,0.0,4259.75,45.58
2023-08-21,50683.58,25113.14,25570.44,50.45,256.58,331,2759,12,721,110,North America,Apparel,Online,Cancelled,High,1.5,83,0.2789,0.485,99.532,116.8,4,12,2708745,CUST-92134,True,0.1,4054.69,14.98
2023-08-22,40225.99,34035.87,6190.12,15.39,237.74,385,1821,17,261,123,Asia-Pacific,Electronics,Online,Completed,High,4.6,29,0.0429,0.972,99.468,93.8,0,7,4474645,CUST-21719,True,0.21,3218.08,31.63
2023-08-23,82159.16,17495.73,64663.43,78.71,498.78,418,4151,13,1406,37,Asia-Pacific,Electronics,Online,Completed,Low,4.3,1,0.031,0.15,99.527,68.2,0,1,9948095,CUST-67472,True,0.26,6572.73,13.38
2023-08-24,59508.79,20564.32,38944.47,65.44,251.82,720,2391,14,1881,83,Asia-Pacific,Books,Online,Pending,Medium,4.1,15,0.219,0.111,98.166,132.6,3,6,8174039,CUST-32023,False,0.0,4760.7,11.09
2023-08-25,19622.86,41480.7,-21857.84,-111.39,97.42,497,4299,14,1724,82,Middle East,Electronics,Wholesale,Cancelled,Low,3.2,-55,0.1277,0.002,99.619,144.5,4,5,7605052,CUST-12104,False,0.0,1569.83,15.81
2023-08-26,52796.81,27221.58,25575.23,48.44,261.4,352,2798,6,1519,123,Middle East,Electronics,Direct Sales,Completed,Medium,1.9,-70,0.3188,0.718,98.523,158.6,2,9,1953757,CUST-72548,False,0.0,4223.74,15.27
2023-08-27,40073.2,41626.2,-1553.0,-3.88,408.87,249,3474,14,353,61,Middle East,Beauty,Online,Completed,Low,4.5,-10,0.394,0.306,99.181,104.4,0,8,7800307,CUST-60481,False,0.0,3205.86,13.8
2023-08-28,62786.5,29374.15,33412.35,53.22,390.66,148,1110,20,1628,56,Asia-Pacific,Beauty,Online,Completed,Low,2.4,-66,0.3188,0.87,98.231,121.4,3,12,5537615,CUST-46841,False,0.0,5022.92,9.37
2023-08-29,38112.19,15264.82,22847.37,59.95,396.41,131,1141,13,740,76,Latin America,Sports,Online,Completed,Medium,1.1,-39,0.126,0.634,99.116,131.9,0,7,2238420,CUST-15430,False,0.0,3048.98,8.21
2023-08-30,48278.95,37136.54,11142.41,23.08,356.93,429,1657,22,1774,72,Europe,Books,Wholesale,Completed,Medium,4.9,73,0.1754,0.577,99.813,155.7,2,4,8326769,CUST-89859,False,0.0,3862.32,19.24
2023-08-31,57574.81,25280.86,32293.95,56.09,134.57,570,1307,15,1831,104,North America,Apparel,Wholesale,Completed,Low,4.4,51,0.2447,0.487,98.354,58.7,2,9,4320697,CUST-16681,False,0.0,4605.98,19.68
2023-09-01,62986.33,35589.51,27396.82,43.5,432.42,313,1780,11,1883,86,Europe,Beauty,Direct Sales,Completed,Low,3.5,-36,0.0888,0.258,99.71,68.6,1,3,2315998,CUST-85742,True,0.08,5038.91,40.1
2023-09-02,31995.55,30201.69,1793.86,5.61,447.79,124,3721,17,1227,63,North America,Sports,Online,Completed,Critical,1.0,-11,0.2534,0.065,98.871,168.6,4,3,5887185,CUST-36292,False,0.0,2559.64,42.39
2023-09-03,44982.48,17655.05,27327.43,60.75,105.13,352,3452,17,665,23,Middle East,Electronics,Direct Sales,Completed,Low,1.9,-57,0.4451,0.444,98.645,61.0,2,10,8841645,CUST-80237,False,0.0,3598.6,11.77
2023-09-04,42875.82,31314.36,11561.46,26.96,73.92,260,1778,13,572,7,Asia-Pacific,Sports,Retail Store,Cancelled,Medium,2.8,-2,0.0798,0.099,98.114,152.1,2,4,6095786,CUST-71859,False,0.0,3430.07,40.67
2023-09-05,40200.06,47569.79,-7369.73,-18.33,488.05,16,3696,15,74,43,Europe,Sports,Wholesale,Completed,Low,3.5,-50,0.031,0.906,99.057,166.6,1,7,7779503,CUST-19876,False,0.0,3216.0,17.05
2023-09-06,76481.81,33943.89,42537.92,55.62,435.48,740,2845,7,857,70,Middle East,Home & Kitchen,Online,Completed,Medium,3.8,7,0.3956,0.829,98.4,148.1,2,11,1791303,CUST-46252,True,0.08,6118.54,27.41
2023-09-07,56074.73,29539.86,26534.87,47.32,447.69,598,3645,15,74,77,North America,Beauty,Wholesale,Completed,Low,4.2,-13,0.0557,0.62,99.88,84.9,1,9,8983670,CUST-23491,False,0.0,4485.98,8.87
2023-09-08,31086.74,38602.75,-7516.01,-24.18,444.32,188,3093,20,645,138,Europe,Sports,Direct Sales,Completed,Low,3.2,73,0.301,0.452,98.476,88.8,1,7,6539680,CUST-97718,True,0.17,2486.94,22.92
2023-09-09,63767.93,31685.35,32082.58,50.31,275.43,154,880,16,1179,32,Europe,Sports,Retail Store,Pending,Medium,3.6,-68,0.1833,0.454,99.174,118.0,2,11,2880123,CUST-18276,False,0.0,5101.43,7.38
2023-09-10,81832.34,31676.27,50156.07,61.29,326.74,425,1045,11,1826,102,Europe,Home & Kitchen,Online,Shipped,Low,4.2,91,0.3819,0.465,99.117,181.3,0,5,4152463,CUST-90511,True,0.17,6546.59,5.31
2023-09-11,65486.98,21267.0,44219.98,67.52,277.23,675,3528,12,1192,97,Europe,Apparel,Wholesale,Completed,Medium,3.9,53,0.1676,0.745,98.674,181.0,2,7,9461038,CUST-59053,False,0.0,5238.96,46.95
2023-09-12,27209.45,31870.78,-4661.33,-17.13,35.09,130,3198,19,157,130,Europe,Electronics,Retail Store,Shipped,Low,4.8,0,0.1739,0.126,99.704,130.5,3,13,5449284,CUST-61526,False,0.0,2176.76,40.94
2023-09-13,42736.49,38283.55,4452.94,10.42,375.3,133,647,18,1403,20,Middle East,Beauty,Direct Sales,Shipped,Low,4.5,66,0.1697,0.531,98.366,64.2,0,1,7751307,CUST-53298,False,0.0,3418.92,14.58
2023-09-14,69003.67,23311.5,45692.17,66.22,257.61,159,2307,12,229,39,North America,Apparel,Direct Sales,Completed,Medium,1.7,-43,0.1071,0.813,99.634,125.7,2,7,8517123,CUST-96952,False,0.0,5520.29,17.78
2023-09-15,39384.96,41395.97,-2011.01,-5.11,327.38,406,3084,16,930,79,North America,Books,Wholesale,Completed,Low,4.8,14,0.1226,0.51,98.415,112.7,1,1,6462179,CUST-86724,True,0.06,3150.8,10.77
2023-09-16,56657.29,29266.35,27390.94,48.34,256.29,390,2690,17,180,111,Latin America,Apparel,Wholesale,Pending,Low,1.8,-75,0.2598,0.014,98.078,120.8,0,4,1178412,CUST-73612,True,0.25,4532.58,11.78
2023-09-17,61619.51,22897.84,38721.67,62.84,250.99,789,2274,12,1880,91,Asia-Pacific,Books,Online,Refunded,Low,5.0,16,0.0914,0.245,99.888,62.0,2,13,6401071,CUST-62860,False,0.0,4929.56,31.2
2023-09-18,36096.04,37981.06,-1885.02,-5.22,94.18,848,1897,18,652,73,Europe,Books,Direct Sales,Completed,Low,3.8,-26,0.1557,0.669,99.275,128.5,1,3,1555082,CUST-41485,False,0.0,2887.68,30.93
2023-09-19,49107.12,27705.65,21401.47,43.58,146.57,10,1980,19,802,120,North America,Beauty,Online,Completed,Low,3.5,-8,0.1254,0.934,99.261,67.4,2,2,5301235,CUST-59196,False,0.0,3928.57,30.37
2023-09-20,1380.99,36076.12,-34695.13,-2512.34,87.84,682,3156,12,808,12,Asia-Pacific,Home & Kitchen,Wholesale,Shipped,Low,2.3,94,0.0773,0.894,98.53,31.5,1,8,8922317,CUST-35690,False,0.0,110.48,6.66
2023-09-21,34634.19,27665.93,6968.26,20.12,105.88,253,2357,19,217,111,Asia-Pacific,Books,Retail Store,Completed,Low,1.5,100,0.1259,0.823,98.278,127.9,2,1,8938087,CUST-49840,False,0.0,2770.74,35.85
2023-09-22,46211.48,29521.39,16690.09,36.12,486.76,896,2297,12,272,111,Middle East,Electronics,Online,Pending,High,1.5,-44,0.2125,0.95,99.412,187.2,4,5,7194939,CUST-68829,False,0.0,3696.92,6.16
2023-09-23,31283.25,33948.48,-2665.23,-8.52,85.03,407,130,16,518,118,Europe,Beauty,Direct Sales,Completed,Low,4.5,-31,0.1813,0.28,99.037,90.8,1,1,5982377,CUST-46730,False,0.0,2502.66,49.57
2023-09-24,74486.17,32327.18,42158.99,56.6,141.94,260,711,15,327,14,Latin America,Sports,Wholesale,Completed,High,2.7,-28,0.0875,0.012,98.636,103.5,2,7,3259021,CUST-21626,False,0.0,5958.89,42.38
2023-09-25,28547.88,14035.75,14512.13,50.83,299.39,888,4497,19,239,32,Asia-Pacific,Sports,Wholesale,Completed,High,3.2,-93,0.0544,0.354,98.634,151.4,3,11,9113018,CUST-43981,False,0.0,2283.83,46.61
2023-09-26,43399.33,21030.05,22369.28,51.54,308.99,585,3110,19,580,64,Middle East,Books,Online,Pending,Low,4.7,-10,0.3648,0.577,99.779,160.7,1,3,1494208,CUST-22693,False,0.0,3471.95,40.82
2023-09-27,51961.11,37435.28,14525.83,27.96,85.45,308,3012,19,1599,14,Europe,Beauty,Online,Completed,Low,2.0,25,0.1797,0.316,99.779,123.7,2,13,7690838,CUST-55874,False,0.0,4156.89,19.32
2023-09-28,71619.1,28942.91,42676.19,59.59,398.92,769,3902,14,1828,146,North America,Electronics,Wholesale,Shipped,Low,4.1,-67,0.2496,0.044,98.549,95.2,2,6,9132460,CUST-94804,False,0.0,5729.53,13.81
2023-09-29,28462.07,25810.15,2651.92,9.32,394.75,963,2912,16,670,106,Latin America,Beauty,Online,Completed,Medium,2.9,-32,0.2085,0.507,99.588,166.4,1,12,1205998,CUST-70756,False,0.0,2276.97,27.14
2023-09-30,67447.46,19131.41,48316.05,71.64,126.29,306,782,15,1263,67,Europe,Beauty,Wholesale,Completed,Medium,1.9,-91,0.1421,0.2,98.453,76.9,2,7,4016219,CUST-58182,False,0.0,5395.8,40.8
2023-10-01,50153.5,21362.11,28791.39,57.41,151.45,986,356,7,267,60,Middle East,Sports,Direct Sales,Completed,Medium,4.4,-79,0.1236,0.728,99.616,101.8,0,12,7670969,CUST-63361,False,0.0,4012.28,28.66
2023-10-02,35277.37,13825.61,21451.76,60.81,469.61,973,1039,16,1372,138,Middle East,Books,Retail Store,Shipped,Medium,3.7,39,0.1981,0.089,98.253,140.6,5,10,5065122,CUST-62533,False,0.0,2822.19,18.51
2023-10-03,56931.55,29189.75,27741.8,48.73,414.58,509,2994,15,1384,132,Middle East,Apparel,Online,Shipped,Low,1.4,56,0.0977,0.958,99.516,65.1,3,11,7050843,CUST-87338,False,0.0,4554.52,16.76
2023-10-04,52985.9,25212.5,27773.4,52.42,351.92,124,3285,14,285,82,Middle East,Beauty,Direct Sales,Completed,High,3.2,58,0.3458,0.877,99.111,133.6,2,1,1608708,CUST-18526,False,0.0,4238.87,26.82
2023-10-05,40996.75,22267.3,18729.45,45.69,50.29,816,876,19,217,143,Middle East,Books,Direct Sales,Completed,Low,4.4,-95,0.089,0.874,98.235,159.9,3,11,4947155,CUST-87371,False,0.0,3279.74,22.95
2023-10-06,51047.03,29455.01,21592.02,42.3,214.95,10,2832,12,829,50,Latin America,Sports,Online,Shipped,Critical,1.3,9,0.1124,0.79,99.232,178.7,1,13,7768819,CUST-16452,True,0.08,4083.76,33.16
2023-10-07,44220.3,32911.77,11308.53,25.57,284.06,562,831,20,242,73,Asia-Pacific,Electronics,Direct Sales,Completed,Low,2.7,-94,0.251,0.634,98.385,106.3,1,10,8732691,CUST-48288,True,0.29,3537.62,5.57
2023-10-08,51702.76,46745.58,4957.18,9.59,101.83,694,2142,12,291,49,Asia-Pacific,Electronics,Wholesale,Completed,Low,4.2,-4,0.0439,0.053,98.388,104.6,2,7,7474256,CUST-33261,False,0.0,4136.22,33.46
2023-10-09,59931.96,17904.93,42027.03,70.12,229.63,609,1069,17,1235,99,North America,Apparel,Online,Completed,High,4.4,9,0.3107,0.662,98.895,145.0,2,12,9531647,CUST-99891,False,0.0,4794.56,26.38
2023-10-10,73790.25,39275.05,34515.2,46.77,304.5,491,202,21,1949,112,Asia-Pacific,Electronics,Retail Store,Refunded,Medium,4.1,-88,0.2174,0.747,99.929,98.4,3,12,1281732,CUST-62033,False,0.0,5903.22,41.02
2023-10-11,31432.77,37784.81,-6352.04,-20.21,170.41,619,1183,14,1412,62,Middle East,Books,Wholesale,Cancelled,Medium,2.2,-38,0.035,0.131,99.784,109.2,0,11,7199480,CUST-94737,True,0.1,2514.62,17.92
2023-10-12,81995.5,23767.26,58228.24,71.01,392.66,609,4962,15,840,119,Asia-Pacific,Apparel,Direct Sales,Completed,Medium,3.0,-77,0.086,0.616,99.653,131.3,3,12,9556504,CUST-75888,True,0.26,6559.64,40.31
2023-10-13,20718.68,31625.89,-10907.21,-52.64,421.82,772,3170,13,504,14,Asia-Pacific,Sports,Direct Sales,Completed,High,4.0,-7,0.1073,0.479,99.702,133.0,0,8,5187264,CUST-54656,False,0.0,1657.49,48.03
2023-10-14,47723.22,26338.93,21384.29,44.81,168.57,519,3848,17,1208,145,Middle East,Books,Retail Store,Shipped,High,1.6,-4,0.0537,0.472,98.995,53.3,1,1,1972673,CUST-35609,False,0.0,3817.86,25.42
2023-10-15,58824.76,31485.51,27339.25,46.48,420.94,344,471,20,242,115,Latin America,Sports,Retail Store,Completed,Medium,3.4,-17,0.1429,0.199,98.749,79.2,1,10,3273737,CUST-31444,False,0.0,4705.98,21.44
2023-10-16,54214.88,42073.05,12141.83,22.4,60.75,474,778,20,1475,17,Middle East,Sports,Direct Sales,Completed,Low,3.9,-82,0.181,0.739,99.768,55.8,1,3,5671893,CUST-76105,False,0.0,4337.19,43.5
2023-10-17,40659.51,34844.85,5814.66,14.3,420.49,150,301,17,441,40,Asia-Pacific,Apparel,Retail Store,Completed,Medium,4.4,-18,0.0981,0.925,98.162,61.6,2,8,9258182,CUST-90336,False,0.0,3252.76,15.6
2023-10-18,46878.17,34068.87,12809.3,27.32,84.85,592,188,16,650,90,Asia-Pacific,Apparel,Retail Store,Completed,Critical,1.4,-13,0.1697,0.788,99.992,80.8,1,6,5304094,CUST-23042,False,0.0,3750.25,37.97
2023-10-19,42604.99,26557.53,16047.46,37.67,50.63,146,2096,13,1115,132,North America,Books,Direct Sales,Shipped,Medium,2.3,-32,0.0507,0.369,99.106,112.2,1,2,6555871,CUST-82913,False,0.0,3408.4,30.77
2023-10-20,41159.53,18127.55,23031.98,55.96,324.47,968,4594,15,142,126,Middle East,Apparel,Wholesale,Completed,Critical,3.2,49,0.1402,0.984,99.081,115.6,3,2,1934593,CUST-78667,True,0.29,3292.76,24.41
2023-10-21,62744.03,28332.25,34411.78,54.84,241.25,620,287,13,1288,122,North America,Books,Online,Completed,Low,3.8,-41,0.0698,0.364,98.584,44.7,1,6,5110122,CUST-18520,False,0.0,5019.52,13.65
2023-10-22,55355.23,39652.87,15702.36,28.37,454.87,672,4847,13,398,139,North America,Electronics,Direct Sales,Completed,High,3.9,-79,0.0673,0.234,98.341,87.3,1,7,6755118,CUST-41743,False,0.0,4428.42,5.6
2023-10-23,39606.36,17782.66,21823.7,55.1,187.96,959,1654,18,562,19,Europe,Electronics,Retail Store,Shipped,Low,2.0,-9,0.0362,0.968,99.361,66.9,3,3,9251556,CUST-56879,False,0.0,3168.51,29.23
2023-10-24,63494.0,21559.29,41934.71,66.05,150.7,696,4782,16,1408,85,North America,Beauty,Retail Store,Shipped,Low,1.1,44,0.3169,0.79,98.723,113.0,0,7,4419715,CUST-88993,False,0.0,5079.52,7.61
2023-10-25,54609.49,31010.14,23599.35,43.21,255.36,176,329,14,1472,50,Asia-Pacific,Home & Kitchen,Wholesale,Completed,Medium,3.8,-6,0.2149,0.761,98.605,97.0,2,8,5536622,CUST-48401,False,0.0,4368.76,9.79
2023-10-26,62192.93,22122.76,40070.17,64.43,233.41,352,3652,12,973,52,Asia-Pacific,Home & Kitchen,Direct Sales,Cancelled,Medium,4.6,74,0.3146,0.077,98.325,164.0,0,4,6798264,CUST-11679,False,0.0,4975.43,32.2
2023-10-27,59444.43,23659.81,35784.62,60.2,178.77,419,154,10,1237,70,Europe,Electronics,Direct Sales,Completed,Low,4.2,34,0.1083,0.192,99.07,115.1,1,2,6650636,CUST-57538,False,0.0,4755.55,15.83
2023-10-28,37565.07,26611.21,10953.86,29.16,349.93,778,4466,16,155,8,Europe,Beauty,Retail Store,Shipped,High,3.5,44,0.3557,0.019,99.177,98.8,1,5,6037315,CUST-40547,False,0.0,3005.21,36.01
2023-10-29,41597.28,19075.06,22522.22,54.14,382.19,919,4131,11,1305,7,Middle East,Home & Kitchen,Direct Sales,Completed,High,4.9,89,0.1142,0.777,98.886,110.8,0,13,7159595,CUST-79303,True,0.21,3327.78,11.66
2023-10-30,61209.4,22207.03,39002.37,63.72,427.96,745,1223,18,1041,7,Europe,Books,Retail Store,Completed,High,2.7,90,0.107,0.278,98.024,97.5,4,12,7571421,CUST-81150,False,0.0,4896.75,8.17
2023-10-31,59155.55,35627.42,23528.13,39.77,486.7,889,3240,19,1631,73,Latin America,Books,Retail Store,Completed,Low,3.1,34,0.2235,0.132,98.983,167.0,3,5,5707179,CUST-42317,True,0.22,4732.44,28.58
2023-11-01,49686.48,19541.04,30145.44,60.67,140.66,851,3470,18,766,97,Asia-Pacific,Apparel,Retail Store,Completed,Low,1.0,-72,0.3582,0.182,98.544,108.3,2,10,3428981,CUST-22775,False,0.0,3974.92,15.73
2023-11-02,51759.91,17217.02,34542.89,66.74,360.89,74,1652,14,1606,32,Asia-Pacific,Home & Kitchen,Online,Shipped,Medium,4.8,99,0.3664,0.641,98.277,136.0,3,13,1547101,CUST-92246,True,0.11,4140.79,24.22
2023-11-03,69164.97,24959.8,44205.17,63.91,203.19,590,215,20,1250,27,Europe,Sports,Retail Store,Shipped,High,3.3,-97,0.2073,0.433,99.155,147.6,2,9,4907311,CUST-86760,True,0.18,5533.2,9.91
2023-11-04,41126.43,35855.64,5270.79,12.82,341.77,76,3713,14,1752,34,Europe,Books,Wholesale,Pending,Low,2.6,3,0.0688,0.941,99.342,96.9,1,13,2024300,CUST-70618,False,0.0,3290.11,18.17
2023-11-05,58206.46,28424.63,29781.83,51.17,243.23,442,4518,23,1367,66,Asia-Pacific,Home & Kitchen,Direct Sales,Completed,Medium,1.2,17,0.2373,0.366,99.038,56.9,3,1,3325711,CUST-20259,False,0.0,4656.52,7.67
2023-11-06,46967.11,26283.35,20683.76,44.04,496.95,59,2710,12,1338,91,Europe,Apparel,Online,Cancelled,Medium,2.4,-85,0.0914,0.834,99.229,103.2,2,13,9564672,CUST-51023,True,0.29,3757.37,41.48
2023-11-07,46734.78,30354.87,16379.91,35.05,367.16,323,459,12,837,55,Middle East,Electronics,Direct Sales,Completed,Medium,1.0,-21,0.1223,0.546,99.213,142.3,3,2,1739230,CUST-49235,True,0.14,3738.78,5.2
2023-11-08,66481.65,16034.34,50447.31,75.88,476.72,318,127,14,1925,45,Europe,Beauty,Wholesale,Pending,Medium,2.3,-15,0.2244,0.705,98.248,60.7,0,13,7747866,CUST-30940,False,0.0,5318.53,48.18
2023-11-09,62381.25,33957.65,28423.6,45.56,419.14,612,3937,14,1593,68,Europe,Sports,Online,Shipped,Medium,4.8,-26,0.1275,0.169,98.432,128.8,1,13,2518570,CUST-22208,True,0.23,4990.5,17.25
2023-11-10,62202.64,33067.48,29135.16,46.84,452.42,124,3633,10,1343,47,Middle East,Apparel,Direct Sales,Completed,Low,1.6,86,0.0188,0.749,98.019,149.4,3,5,8465484,CUST-17765,False,0.0,4976.21,8.51
2023-11-11,69582.18,26725.53,42856.65,61.59,409.07,895,1518,22,1903,95,Middle East,Apparel,Online,Pending,Low,3.2,-60,0.2589,0.086,99.964,168.7,2,10,5812282,CUST-38953,False,0.0,5566.57,43.48
2023-11-12,50315.06,38047.4,12267.66,24.38,234.99,578,4139,9,1285,62,Middle East,Apparel,Retail Store,Completed,High,1.7,-41,0.299,0.691,98.422,143.7,0,7,7875158,CUST-80385,True,0.2,4025.2,35.08
2023-11-13,60229.29,20980.03,39249.26,65.17,133.38,351,3016,19,1236,63,Asia-Pacific,Beauty,Retail Store,Completed,Low,4.1,96,0.1675,0.466,99.629,130.2,5,4,8291207,CUST-27843,False,0.0,4818.34,43.38
2023-11-14,45346.0,39023.27,6322.73,13.94,191.46,539,1394,14,872,66,Europe,Books,Direct Sales,Pending,Critical,3.2,-43,0.4158,0.229,99.562,126.5,5,8,7993874,CUST-77132,False,0.0,3627.68,29.58
2023-11-15,54862.5,31235.95,23626.55,43.07,19.92,793,3729,16,1630,120,Middle East,Home & Kitchen,Wholesale,Completed,Low,1.8,11,0.1792,0.48,99.41,77.7,1,7,7047505,CUST-38414,True,0.17,4389.0,16.6
2023-11-16,48047.85,27307.58,20740.27,43.17,266.76,651,2175,13,966,115,Middle East,Electronics,Online,Completed,Medium,4.5,-61,0.0708,0.856,98.899,86.9,1,4,4810166,CUST-56075,False,0.0,3843.83,9.43
2023-11-17,51454.94,29841.01,21613.93,42.01,257.48,504,4939,16,1818,27,Asia-Pacific,Electronics,Online,Completed,Low,4.1,-43,0.141,0.155,99.168,59.4,2,1,5665122,CUST-86804,False,0.0,4116.4,29.62
2023-11-18,58927.36,29141.88,29785.48,50.55,267.37,278,3777,12,1126,23,Latin America,Sports,Direct Sales,Completed,Critical,4.8,88,0.2795,0.17,98.373,122.5,3,13,1916578,CUST-41901,False,0.0,4714.19,34.13
2023-11-19,37726.69,39762.26,-2035.57,-5.4,487.28,950,3253,16,1306,15,Europe,Beauty,Retail Store,Completed,Critical,1.0,72,0.3743,0.534,98.212,135.4,1,10,9499403,CUST-27667,False,0.0,3018.14,25.11
2023-11-20,81385.81,21386.57,59999.24,73.72,456.61,89,1878,22,1511,64,Latin America,Electronics,Online,Shipped,Low,2.8,-24,0.0799,0.625,98.704,124.1,1,11,8741511,CUST-15790,False,0.0,6510.86,19.96
2023-11-21,34909.74,23899.85,11009.89,31.54,89.24,465,4775,22,903,7,Latin America,Sports,Retail Store,Completed,Low,5.0,-53,0.0725,0.42,99.651,129.9,2,6,3698734,CUST-34344,False,0.0,2792.78,43.19
2023-11-22,31787.17,38290.42,-6503.25,-20.46,190.75,308,3994,13,732,148,Middle East,Sports,Retail Store,Shipped,Medium,4.2,-11,0.0564,0.266,99.128,146.6,1,1,6466176,CUST-14720,False,0.0,2542.97,33.8
2023-11-23,67371.66,25235.72,42135.94,62.54,217.74,977,2598,12,1072,13,Asia-Pacific,Beauty,Wholesale,Pending,High,4.3,-90,0.0978,0.067,99.528,73.6,3,7,6187909,CUST-60459,True,0.18,5389.73,11.82
2023-11-24,61874.94,37204.26,24670.68,39.87,186.66,831,4628,9,1591,45,Europe,Beauty,Retail Store,Completed,Medium,3.5,-45,0.0407,0.05,99.781,122.2,1,3,2828902,CUST-94591,False,0.0,4950.0,46.29
2023-11-25,59361.8,43595.49,15766.31,26.56,401.26,211,473,19,1000,42,Europe,Home & Kitchen,Retail Store,Shipped,High,3.9,-78,0.0547,0.041,99.121,128.6,3,7,4054491,CUST-94418,False,0.0,4748.94,12.69
2023-11-26,59425.18,26785.64,32639.54,54.93,266.78,512,2365,18,93,73,Europe,Home & Kitchen,Online,Completed,Low,4.2,-68,0.0587,0.901,98.735,103.6,2,6,9060139,CUST-72796,False,0.0,4754.01,45.15
2023-11-27,49816.3,35450.9,14365.4,28.84,290.33,746,1231,23,652,39,Latin America,Beauty,Wholesale,Completed,Medium,1.4,79,0.2191,0.131,99.711,45.6,2,10,9318745,CUST-63000,True,0.27,3985.3,6.89
2023-11-28,36541.18,20770.46,15770.72,43.16,427.98,680,1942,14,1781,131,North America,Home & Kitchen,Wholesale,Completed,Medium,3.8,15,0.0162,0.295,98.459,84.2,0,5,1557217,CUST-78161,False,0.0,2923.29,48.69
2023-11-29,51137.07,36037.87,15099.2,29.53,404.9,725,1673,22,1589,52,Asia-Pacific,Books,Direct Sales,Completed,Low,4.3,-73,0.0393,0.986,98.05,102.2,3,12,1184763,CUST-15423,False,0.0,4090.97,27.54
2023-11-30,39842.57,31595.39,8247.18,20.7,74.78,658,4544,17,682,111,North America,Apparel,Direct Sales,Refunded,High,1.2,14,0.2025,0.927,98.101,125.2,1,7,4730584,CUST-42928,False,0.0,3187.41,10.54
2023-12-01,64626.8,33784.31,30842.49,47.72,359.82,494,887,11,1648,12,Latin America,Electronics,Direct Sales,Completed,High,2.2,31,0.3105,0.043,99.164,121.2,2,5,2194855,CUST-26795,True,0.08,5170.14,9.87
2023-12-02,47794.14,24835.42,22958.72,48.04,223.36,594,1645,16,141,31,Middle East,Electronics,Wholesale,Shipped,High,2.3,78,0.3102,0.551,99.785,187.3,0,10,4332248,CUST-47255,True,0.27,3823.53,23.81
2023-12-03,37617.54,16711.33,20906.21,55.58,154.38,569,4221,16,808,13,North America,Electronics,Retail Store,Pending,Low,4.4,37,0.0736,0.633,99.129,153.0,1,2,7430116,CUST-51379,False,0.0,3009.4,24.06
2023-12-04,45179.21,34026.02,11153.19,24.69,34.51,27,469,21,780,18,North America,Electronics,Wholesale,Completed,Low,4.1,-49,0.2065,0.054,98.818,119.2,4,9,6294035,CUST-70538,False,0.0,3614.34,31.14
2023-12-05,56193.97,13492.77,42701.2,75.99,248.75,487,4474,14,1003,33,Asia-Pacific,Books,Retail Store,Cancelled,Medium,3.6,99,0.1216,0.728,99.154,124.2,1,1,1847964,CUST-43153,False,0.0,4495.52,21.08
2023-12-06,41544.13,27461.2,14082.93,33.9,184.16,497,1802,16,1511,30,Latin America,Books,Direct Sales,Refunded,Low,4.2,-92,0.0675,0.988,99.342,164.5,2,10,6469591,CUST-81447,False,0.0,3323.53,27.91
2023-12-07,37666.69,37529.45,137.24,0.36,133.24,992,1757,22,386,147,Asia-Pacific,Apparel,Direct Sales,Cancelled,Critical,2.8,-83,0.2185,0.429,99.517,165.8,2,6,2937836,CUST-36005,False,0.0,3013.34,32.19
2023-12-08,53655.31,31535.18,22120.13,41.23,350.39,788,2028,15,1816,119,Middle East,Beauty,Retail Store,Completed,Low,4.5,93,0.1987,0.449,98.695,131.7,1,10,2155745,CUST-69726,False,0.0,4292.42,43.79
2023-12-09,53674.5,45586.74,8087.76,15.07,387.05,455,4155,8,1367,77,Europe,Home & Kitchen,Retail Store,Completed,High,1.9,-19,0.0509,0.659,98.774,180.7,2,10,1719290,CUST-39949,True,0.24,4293.96,48.15
2023-12-10,42395.85,38200.87,4194.98,9.89,129.95,349,706,21,749,85,Latin America,Apparel,Direct Sales,Completed,Low,3.8,67,0.224,0.737,98.047,88.6,0,8,2228412,CUST-99540,False,0.0,3391.67,44.74
2023-12-11,42934.43,24768.81,18165.62,42.31,34.23,540,2676,15,1893,71,Middle East,Electronics,Retail Store,Pending,Medium,2.0,-35,0.0202,0.79,99.299,119.0,4,9,4328498,CUST-93028,False,0.0,3434.75,8.68
2023-12-12,53480.75,30218.51,23262.24,43.5,425.89,621,4224,16,974,148,Middle East,Home & Kitchen,Wholesale,Completed,Low,1.2,-79,0.3011,0.078,99.553,230.8,1,7,7827447,CUST-94688,True,0.16,4278.46,18.56
2023-12-13,28278.73,29621.03,-1342.3,-4.75,14.88,125,422,12,729,145,North America,Apparel,Direct Sales,Pending,Low,2.1,-21,0.0945,0.801,99.022,144.9,1,6,5626786,CUST-91954,False,0.0,2262.3,10.84
2023-12-14,28888.04,17342.59,11545.45,39.97,469.19,867,1976,11,1016,94,Asia-Pacific,Electronics,Wholesale,Shipped,Medium,3.0,0,0.3932,0.864,98.753,115.1,1,1,2734156,CUST-24774,False,0.0,2311.04,31.55
2023-12-15,39223.34,22476.81,16746.53,42.7,317.53,83,683,11,313,100,North America,Apparel,Direct Sales,Completed,Medium,4.4,-5,0.1708,0.045,98.666,123.6,1,10,6398695,CUST-67241,False,0.0,3137.87,37.25
2023-12-16,46798.29,25513.91,21284.38,45.48,167.7,801,2909,12,154,122,North America,Electronics,Online,Completed,High,3.0,-27,0.2276,0.039,99.29,126.3,1,3,6023690,CUST-81981,False,0.0,3743.86,36.98
2023-12-17,54663.61,13710.24,40953.37,74.92,130.77,278,755,11,273,66,Europe,Sports,Wholesale,Cancelled,Low,1.7,4,0.3202,0.551,98.661,178.4,0,13,4205428,CUST-55208,False,0.0,4373.09,25.49
2023-12-18,72130.34,30379.95,41750.39,57.88,14.41,646,4981,9,1492,40,Asia-Pacific,Electronics,Online,Completed,Low,5.0,61,0.19,0.497,99.198,148.1,4,11,8246060,CUST-57316,True,0.16,5770.43,32.35
2023-12-19,62864.89,28007.43,34857.46,55.45,125.38,125,322,15,1027,128,Europe,Sports,Direct Sales,Completed,Medium,2.1,75,0.117,0.98,99.854,117.2,3,9,9444203,CUST-35335,False,0.0,5029.19,17.6
2023-12-20,47600.92,16616.85,30984.07,65.09,77.49,695,2222,17,164,26,Middle East,Books,Wholesale,Completed,High,4.9,-85,0.2832,0.294,98.661,61.3,2,9,7556379,CUST-56730,False,0.0,3808.07,35.31
2023-12-21,49714.76,33233.7,16481.06,33.15,309.96,702,2320,16,940,109,Europe,Electronics,Wholesale,Completed,Low,4.7,-52,0.1375,0.59,98.137,94.6,1,3,4052501,CUST-53799,False,0.0,3977.18,11.97
2023-12-22,34962.06,35726.98,-764.92,-2.19,91.61,747,3650,10,1308,118,Middle East,Apparel,Wholesale,Completed,Low,3.2,-3,0.2161,0.507,99.748,122.1,1,8,5130229,CUST-36952,False,0.0,2796.96,9.59
2023-12-23,49722.3,31816.28,17906.02,36.01,269.03,678,2542,14,1857,114,North America,Home & Kitchen,Retail Store,Completed,Low,1.4,0,0.3666,0.536,98.547,115.5,5,3,1562193,CUST-61073,True,0.15,3977.78,21.81
2023-12-24,45670.12,27407.45,18262.67,39.99,299.16,173,4085,15,1347,7,Europe,Books,Wholesale,Completed,Low,3.8,-38,0.0915,0.66,99.977,158.4,3,12,1846593,CUST-46869,False,0.0,3653.61,40.25
2023-12-25,54840.78,34731.54,20109.24,36.67,156.04,592,266,13,1303,101,Asia-Pacific,Sports,Wholesale,Completed,Low,4.4,67,0.2132,0.538,99.68,111.9,4,6,4692983,CUST-61714,False,0.0,4387.26,16.83
2023-12-26,37591.54,35441.76,2149.78,5.72,27.18,231,2116,12,778,40,Europe,Home & Kitchen,Online,Completed,Medium,2.8,-45,0.3364,0.007,98.854,149.4,4,3,6822304,CUST-67476,True,0.11,3007.32,13.94
2023-12-27,57790.2,32459.23,25330.97,43.83,28.25,135,217,15,83,14,Middle East,Sports,Wholesale,Completed,High,2.0,-3,0.298,0.844,99.256,68.5,3,11,9927223,CUST-80959,False,0.0,4623.22,45.76
2023-12-28,72991.08,23403.1,49587.98,67.94,22.91,666,1909,14,1461,104,Latin America,Beauty,Retail Store,Shipped,Low,4.2,7,0.1651,0.201,98.555,101.6,3,6,9536810,CUST-87366,False,0.0,5839.29,30.61
2023-12-29,48368.6,32212.81,16155.79,33.4,372.17,185,2306,11,1782,25,Asia-Pacific,Home & Kitchen,Wholesale,Completed,High,3.2,-24,0.2975,0.231,98.168,144.3,2,4,5786372,CUST-27116,False,0.0,3869.49,13.79
2023-12-30,56025.68,39563.85,16461.83,29.38,165.82,982,1350,14,1574,108,Middle East,Beauty,Online,Completed,Medium,1.8,75,0.0851,0.648,99.052,192.4,6,13,3133515,CUST-18611,False,0.0,4482.05,13.41
2023-12-31,60352.16,25226.97,35125.19,58.2,400.19,673,4106,16,944,119,Latin America,Beauty,Wholesale,Shipped,High,4.8,-64,0.2772,0.478,98.849,115.0,2,11,3876431,CUST-22067,False,0.0,4828.17,10.3
2024-01-01,43981.69,46783.51,-2801.82,-6.37,221.55,703,3209,11,511,141,Asia-Pacific,Books,Wholesale,Completed,High,4.8,39,0.2577,0.574,99.94,149.0,3,11,3660281,CUST-92812,True,0.06,3518.54,10.57
2024-01-02,53361.39,25794.95,27566.44,51.66,231.97,384,4658,20,498,116,Latin America,Home & Kitchen,Online,Completed,High,2.5,-8,0.1556,0.497,99.195,166.8,3,6,4004125,CUST-31431,False,0.0,4268.91,41.13
2024-01-03,50188.89,30259.26,19929.63,39.71,261.31,868,1771,20,878,124,North America,Sports,Direct Sales,Shipped,Medium,1.3,-3,0.3226,0.418,99.494,153.4,4,9,9818961,CUST-76427,True,0.11,4015.11,41.14
2024-01-04,51465.14,24620.12,26845.02,52.16,359.39,507,2251,19,1287,83,North America,Electronics,Wholesale,Completed,High,3.5,-69,0.148,0.483,98.27,146.2,2,13,2776666,CUST-38578,False,0.0,4117.21,47.91
2024-01-05,38404.85,31786.17,6618.68,17.23,144.02,94,2397,13,1119,100,Europe,Books,Direct Sales,Shipped,Low,2.3,7,0.2142,0.141,99.447,107.6,2,3,1286062,CUST-60510,True,0.07,3072.39,18.38
2024-01-06,50367.65,16062.23,34305.42,68.11,69.58,885,1136,19,454,112,Europe,Books,Online,Shipped,Low,1.3,50,0.3712,0.969,98.113,173.2,3,6,4138058,CUST-95307,False,0.0,4029.41,30.8
2024-01-07,57469.97,25631.67,31838.3,55.4,282.47,392,2714,27,382,123,Europe,Electronics,Online,Completed,High,4.6,-27,0.1934,0.575,99.226,73.9,1,3,9173516,CUST-28506,True,0.05,4597.6,29.17
2024-01-08,71767.15,21263.03,50504.12,70.37,170.22,642,1979,8,289,148,Europe,Home & Kitchen,Direct Sales,Completed,Medium,5.0,-29,0.2591,0.287,99.677,75.7,0,11,6768440,CUST-95765,False,0.0,5741.37,9.6
2024-01-09,64389.06,31082.71,33306.35,51.73,226.82,650,696,14,1327,32,Latin America,Sports,Retail Store,Completed,Low,2.4,-80,0.4261,0.713,98.966,185.4,2,10,6014956,CUST-63402,False,0.0,5151.12,28.6
2024-01-10,82297.74,37955.58,44342.16,53.88,327.0,472,720,16,277,10,Asia-Pacific,Books,Retail Store,Completed,High,4.0,39,0.061,0.88,98.43,132.7,4,10,1802624,CUST-92601,True,0.22,6583.82,14.54
2024-01-11,38489.79,35168.05,3321.74,8.63,252.12,460,170,14,782,65,Asia-Pacific,Beauty,Online,Shipped,Low,1.3,76,0.1187,0.296,98.887,76.7,1,5,8433842,CUST-83693,False,0.0,3079.18,15.96
2024-01-12,63084.81,11026.73,52058.08,82.52,313.94,527,1903,7,940,10,Europe,Electronics,Retail Store,Completed,Low,2.5,2,0.1273,0.325,99.682,69.8,5,6,3973336,CUST-13808,False,0.0,5046.78,41.95
2024-01-13,52750.13,46336.56,6413.57,12.16,276.66,855,4633,14,215,126,North America,Sports,Retail Store,Completed,Medium,1.4,74,0.1412,0.439,99.429,68.3,1,9,5240052,CUST-89909,False,0.0,4220.01,18.43
2024-01-14,82847.04,32362.24,50484.8,60.94,372.5,704,1167,17,634,109,Middle East,Apparel,Online,Completed,Medium,1.2,-3,0.1548,0.217,99.211,191.2,1,5,1996812,CUST-41158,False,0.0,6627.76,40.07
2024-01-15,37875.53,23788.01,14087.52,37.19,355.91,559,2025,11,786,66,Europe,Books,Wholesale,Completed,Medium,3.4,-39,0.0718,0.81,99.388,117.2,2,4,9588430,CUST-92962,False,0.0,3030.04,7.84
2024-01-16,37404.17,31257.02,6147.15,16.43,271.75,938,1137,11,1584,32,Europe,Sports,Wholesale,Completed,Low,4.2,-63,0.0996,0.584,99.668,101.9,1,11,9216937,CUST-76548,False,0.0,2992.33,29.36
2024-01-17,41009.11,31409.52,9599.59,23.41,342.66,125,3542,16,647,84,North America,Beauty,Wholesale,Completed,Critical,2.8,-3,0.0614,0.057,98.304,177.0,1,13,5584756,CUST-49788,False,0.0,3280.73,34.09
2024-01-18,18141.56,24665.21,-6523.65,-35.96,438.04,623,3283,13,642,13,Middle East,Home & Kitchen,Retail Store,Shipped,Critical,3.1,9,0.1934,0.997,99.684,128.8,2,3,3665962,CUST-39909,False,0.0,1451.32,40.45
2024-01-19,42113.67,31583.33,10530.34,25.0,221.81,17,1502,26,776,19,Latin America,Home & Kitchen,Direct Sales,Completed,Low,2.1,53,0.1793,0.575,99.613,108.5,5,13,2831416,CUST-22134,False,0.0,3369.09,39.4
2024-01-20,38613.01,25140.22,13472.79,34.89,212.25,227,2461,12,1749,24,Latin America,Electronics,Retail Store,Completed,Low,3.9,-61,0.0782,0.89,98.955,157.1,3,7,3331575,CUST-92060,False,0.0,3089.04,16.7
2024-01-21,52255.91,26765.1,25490.81,48.78,384.48,728,1538,10,1463,64,Middle East,Beauty,Wholesale,Completed,Low,2.4,43,0.1976,0.502,98.806,140.9,5,12,3277643,CUST-15699,False,0.0,4180.47,34.05
2024-01-22,55126.34,24509.77,30616.57,55.54,295.45,599,3911,19,1825,79,Middle East,Electronics,Online,Completed,High,1.3,-82,0.1458,0.582,99.865,141.0,1,11,3893975,CUST-54637,False,0.0,4410.11,13.12
2024-01-23,78142.56,18538.63,59603.93,76.28,44.79,889,584,22,1496,98,Latin America,Books,Online,Completed,High,1.7,77,0.1887,0.454,99.639,110.5,2,7,6154432,CUST-95720,False,0.0,6251.4,12.18
2024-01-24,64256.36,31166.69,33089.67,51.5,447.13,413,4364,12,974,71,Europe,Electronics,Online,Completed,Medium,1.5,83,0.1152,0.423,99.977,88.7,1,10,6814119,CUST-72908,False,0.0,5140.51,13.76
2024-01-25,41346.45,34682.4,6664.05,16.12,25.08,576,4998,14,1484,6,Europe,Apparel,Retail Store,Completed,High,2.7,-72,0.2324,0.218,99.284,84.6,0,3,2011184,CUST-16158,False,0.0,3307.72,14.33
2024-01-26,36523.78,34119.07,2404.71,6.58,376.71,313,345,14,1654,146,North America,Electronics,Direct Sales,Completed,Medium,1.3,8,0.1081,0.962,98.063,123.6,2,2,2312761,CUST-14235,True,0.15,2921.9,11.91
2024-01-27,57378.79,36559.4,20819.39,36.28,381.81,476,3471,8,698,48,Middle East,Electronics,Wholesale,Completed,Medium,4.2,65,0.0634,0.182,98.308,120.3,1,1,2201819,CUST-12580,True,0.1,4590.3,19.92
2024-01-28,30196.5,32594.72,-2398.22,-7.94,477.02,961,1450,17,1737,138,Europe,Books,Online,Shipped,Low,4.6,88,0.0796,0.526,99.641,136.9,4,10,1961671,CUST-99937,False,0.0,2415.72,37.06
2024-01-29,77471.88,25738.2,51733.68,66.78,36.53,749,629,25,496,140,Europe,Beauty,Wholesale,Completed,Low,2.0,63,0.3408,0.087,99.278,105.1,0,6,7028546,CUST-72232,False,0.0,6197.75,40.33
2024-01-30,67691.6,36717.31,30974.29,45.76,302.46,97,3914,16,1476,43,North America,Sports,Wholesale,Pending,Low,2.9,-16,0.1045,0.993,98.396,164.8,3,13,9307656,CUST-86026,True,0.17,5415.33,20.58
2024-01-31,42962.37,19139.86,23822.51,55.45,219.64,19,1888,19,146,97,Middle East,Sports,Retail Store,Completed,Medium,3.1,-91,0.054,0.556,98.024,73.6,2,11,3855026,CUST-34267,False,0.0,3436.99,37.73
2024-02-01,24302.98,22794.63,1508.35,6.21,172.01,317,1802,16,428,48,North America,Apparel,Online,Shipped,Low,4.9,74,0.1395,0.815,98.526,134.6,1,11,3639213,CUST-91948,False,0.0,1944.24,39.69
2024-02-02,70308.09,22286.4,48021.69,68.3,54.26,443,3725,14,719,31,North America,Electronics,Retail Store,Completed,Low,1.3,71,0.0917,0.563,98.275,88.2,3,5,2040714,CUST-86733,False,0.0,5624.65,22.42
2024-02-03,48281.9,38640.45,9641.45,19.97,285.7,811,3420,14,1259,20,Latin America,Books,Wholesale,Completed,Low,3.7,15,0.2505,0.805,99.752,111.5,1,7,7831208,CUST-25017,False,0.0,3862.55,49.77
2024-02-04,68567.24,37542.31,31024.93,45.25,244.73,173,859,9,1753,43,North America,Books,Wholesale,Shipped,Medium,2.4,7,0.1129,0.534,99.766,87.8,3,3,8955090,CUST-58405,True,0.18,5485.38,29.87
2024-02-05,26083.59,33898.44,-7814.85,-29.96,61.23,248,1503,10,1317,133,Middle East,Sports,Wholesale,Shipped,Critical,3.0,89,0.1373,0.445,99.685,107.1,1,4,2503607,CUST-11511,False,0.0,2086.69,36.55
2024-02-06,41009.37,38575.44,2433.93,5.94,310.12,326,897,15,680,37,Europe,Books,Online,Refunded,High,1.9,-94,0.1015,0.456,98.189,82.5,0,11,7181493,CUST-25966,True,0.15,3280.75,9.53
2024-02-07,50078.66,22965.74,27112.92,54.14,371.6,665,631,16,757,54,Europe,Beauty,Online,Completed,Medium,1.6,96,0.411,0.002,98.27,85.0,3,11,5183098,CUST-56318,False,0.0,4006.29,30.39
2024-02-08,50704.71,32788.76,17915.95,35.33,385.97,344,2017,17,552,107,Latin America,Electronics,Online,Completed,High,2.0,-82,0.2138,0.371,98.271,153.7,0,1,2561426,CUST-44966,False,0.0,4056.38,37.98
2024-02-09,43249.02,28998.6,14250.42,32.95,453.63,27,4237,13,337,31,Middle East,Home & Kitchen,Wholesale,Completed,Medium,1.3,9,0.0608,0.952,98.517,71.4,2,3,2181592,CUST-31044,True,0.26,3459.92,28.93
2024-02-10,59342.75,36775.06,22567.69,38.03,210.64,80,3516,18,418,128,Europe,Sports,Wholesale,Pending,Low,2.1,-68,0.1014,0.676,98.146,142.7,1,11,5163552,CUST-70404,True,0.16,4747.42,43.18
2024-02-11,33985.69,29078.21,4907.48,14.44,477.01,184,698,23,114,90,North America,Sports,Direct Sales,Refunded,Low,3.8,51,0.2907,0.919,99.963,149.8,3,12,8055897,CUST-11005,True,0.14,2718.86,8.33
2024-02-12,47864.31,26920.46,20943.85,43.76,434.06,863,405,15,211,32,Asia-Pacific,Apparel,Online,Completed,Low,3.6,-78,0.178,0.2,99.71,145.6,4,2,2897112,CUST-74369,False,0.0,3829.14,44.93
2024-02-13,51804.43,34327.27,17477.16,33.74,155.29,809,3009,19,646,68,Asia-Pacific,Home & Kitchen,Wholesale,Pending,Medium,3.2,-15,0.0145,0.491,98.138,119.1,4,6,2947533,CUST-53390,False,0.0,4144.35,39.68
2024-02-14,57716.58,37009.35,20707.23,35.88,88.05,820,778,13,976,53,Asia-Pacific,Beauty,Wholesale,Completed,Low,1.0,-1,0.0838,0.034,98.287,81.8,1,7,8323841,CUST-30007,False,0.0,4617.33,5.16
2024-02-15,60674.22,24653.24,36020.98,59.37,223.34,348,3484,14,620,115,Asia-Pacific,Sports,Direct Sales,Completed,High,1.5,80,0.2695,0.677,98.525,65.9,4,2,9089157,CUST-55174,False,0.0,4853.94,8.69
2024-02-16,33130.37,29511.39,3618.98,10.92,206.93,945,830,13,1023,132,North America,Electronics,Direct Sales,Completed,Low,4.4,9,0.3499,0.784,99.55,78.7,0,7,1467007,CUST-60016,True,0.26,2650.43,9.75
2024-02-17,26988.29,21532.47,5455.82,20.22,292.1,257,2125,20,1867,13,Europe,Home & Kitchen,Wholesale,Completed,Low,2.1,48,0.2378,0.748,99.428,78.9,0,3,9146742,CUST-52757,False,0.0,2159.06,23.45
2024-02-18,69165.15,10015.51,59149.64,85.52,295.86,202,4328,15,711,27,Latin America,Home & Kitchen,Online,Completed,Critical,4.6,-19,0.0701,0.087,99.261,129.6,1,6,3668947,CUST-24089,False,0.0,5533.21,11.16
2024-02-19,54984.71,31603.68,23381.03,42.52,377.49,428,2866,15,1491,139,North America,Sports,Retail Store,Completed,Low,4.5,1,0.3328,0.248,99.824,70.5,0,8,6455976,CUST-36438,False,0.0,4398.78,6.83
2024-02-20,38772.7,34871.24,3901.46,10.06,259.85,334,2198,8,530,64,Europe,Home & Kitchen,Retail Store,Completed,Medium,1.6,-10,0.0847,0.656,98.073,112.8,1,2,9207591,CUST-59549,False,0.0,3101.82,42.07
2024-02-21,73267.28,32096.53,41170.75,56.19,61.36,315,491,14,1706,65,Middle East,Apparel,Retail Store,Completed,Low,4.6,-64,0.0383,0.759,98.323,121.4,4,9,7253987,CUST-20869,True,0.16,5861.38,14.67
2024-02-22,51735.12,14403.51,37331.61,72.16,430.56,789,2843,20,318,79,Europe,Electronics,Online,Shipped,Low,3.5,-52,0.0694,0.274,98.38,109.4,2,8,2602805,CUST-86165,True,0.26,4138.81,32.16
2024-02-23,67689.46,27193.2,40496.26,59.83,161.78,213,3884,14,1840,104,Europe,Books,Wholesale,Completed,Medium,3.5,52,0.3133,0.406,98.119,110.5,2,1,1982791,CUST-39497,False,0.0,5415.16,31.51
2024-02-24,51012.78,12253.22,38759.56,75.98,485.94,862,3937,19,785,58,Europe,Electronics,Retail Store,Completed,Medium,4.4,-62,0.0877,0.351,99.237,164.7,7,10,8950428,CUST-77187,False,0.0,4081.02,41.15
2024-02-25,80911.22,40957.61,39953.61,49.38,67.75,132,4703,13,616,35,North America,Sports,Retail Store,Completed,Low,2.6,-71,0.3511,0.005,98.419,137.5,0,1,6692243,CUST-28286,False,0.0,6472.9,29.35
2024-02-26,76330.11,21311.56,55018.55,72.08,479.54,579,1785,21,1721,32,Europe,Home & Kitchen,Online,Shipped,High,3.9,-58,0.2214,0.577,98.965,144.6,1,11,8554546,CUST-45291,False,0.0,6106.41,48.75
2024-02-27,46265.54,40043.23,6222.31,13.45,54.6,860,3014,14,1263,94,Europe,Electronics,Wholesale,Completed,Medium,3.7,81,0.0728,0.669,99.371,107.0,1,10,3826313,CUST-92794,False,0.0,3701.24,28.88
2024-02-28,64573.56,37566.96,27006.6,41.82,123.21,456,1518,14,455,10,Middle East,Books,Wholesale,Refunded,Low,4.1,-69,0.1639,0.276,99.191,147.5,2,4,3043680,CUST-84752,False,0.0,5165.88,35.31
2024-02-29,59680.64,22795.28,36885.36,61.8,32.82,722,4291,15,814,38,Middle East,Apparel,Online,Completed,Low,3.6,25,0.1092,0.688,98.58,130.6,2,8,8470146,CUST-39368,False,0.0,4774.45,45.79
2024-03-01,70529.47,20937.72,49591.75,70.31,355.51,500,4301,16,1562,96,Asia-Pacific,Electronics,Retail Store,Completed,High,1.3,-6,0.0498,0.243,98.828,127.4,1,8,4710681,CUST-87136,False,0.0,5642.36,37.41
2024-03-02,35526.15,32802.96,2723.19,7.67,426.65,442,4190,14,1385,112,North America,Electronics,Wholesale,Completed,Medium,2.2,76,0.1823,0.716,98.68,106.3,2,7,8097062,CUST-46026,False,0.0,2842.09,37.82
2024-03-03,60290.77,23245.41,37045.36,61.44,222.69,633,3826,23,1669,13,Europe,Apparel,Wholesale,Completed,Low,4.8,-99,0.1071,0.457,99.705,128.3,3,7,8015809,CUST-18089,False,0.0,4823.26,7.61
2024-03-04,65876.37,30819.88,35056.49,53.22,464.98,137,4873,19,1990,97,Asia-Pacific,Apparel,Retail Store,Completed,Low,1.9,-54,0.1303,0.872,98.84,193.8,3,11,7281941,CUST-28612,True,0.16,5270.11,8.79
2024-03-05,23618.91,26137.38,-2518.47,-10.66,299.25,557,3729,20,915,102,Asia-Pacific,Sports,Online,Completed,Low,2.9,-2,0.163,0.545,98.123,141.1,2,11,5527769,CUST-42913,False,0.0,1889.51,17.36
2024-03-06,32251.12,15750.73,16500.39,51.16,318.7,755,3413,10,1762,16,North America,Home & Kitchen,Retail Store,Completed,Low,2.4,-78,0.2835,0.185,99.239,179.8,2,3,2660822,CUST-78631,False,0.0,2580.09,30.33
2024-03-07,19411.52,12156.26,7255.26,37.38,424.26,831,4985,20,1167,20,Asia-Pacific,Home & Kitchen,Direct Sales,Completed,Low,1.3,33,0.1702,0.822,98.395,54.0,5,2,3097649,CUST-31777,False,0.0,1552.92,44.8
2024-03-08,45958.9,31813.47,14145.43,30.78,155.43,56,4710,13,439,75,Asia-Pacific,Sports,Wholesale,Pending,Critical,1.7,-16,0.3166,0.778,98.677,122.5,0,4,8195817,CUST-69558,False,0.0,3676.71,8.94
2024-03-09,60763.13,25507.54,35255.59,58.02,183.59,514,1184,7,596,139,North America,Apparel,Online,Shipped,High,2.1,-60,0.0777,0.084,98.655,148.7,0,12,2437378,CUST-25566,True,0.28,4861.05,11.39
2024-03-10,72535.36,25575.28,46960.08,64.74,453.92,124,1107,11,1484,7,Latin America,Books,Retail Store,Completed,High,2.9,-59,0.0883,0.048,98.145,133.5,6,4,5543743,CUST-41651,False,0.0,5802.83,28.8
2024-03-11,51111.42,35566.91,15544.51,30.41,451.47,425,1417,7,1285,9,Asia-Pacific,Home & Kitchen,Retail Store,Completed,Low,4.5,80,0.1616,0.136,99.902,138.0,5,7,8804297,CUST-28521,False,0.0,4088.91,11.21
2024-03-12,74429.23,39387.54,35041.69,47.08,488.48,776,2449,16,1711,42,Middle East,Books,Online,Completed,Low,3.1,-29,0.1061,0.845,99.094,106.4,3,10,6490517,CUST-61103,True,0.1,5954.34,26.1
2024-03-13,29298.48,27819.64,1478.84,5.05,451.9,232,2793,13,1442,83,Asia-Pacific,Apparel,Wholesale,Completed,Low,3.6,66,0.0386,0.32,98.312,162.4,2,1,7101089,CUST-93667,True,0.16,2343.88,45.65
2024-03-14,24449.26,27275.21,-2825.95,-11.56,72.41,645,2378,10,791,103,North America,Electronics,Online,Pending,Medium,2.7,37,0.2777,0.505,99.112,64.0,3,11,5062180,CUST-85845,False,0.0,1955.94,38.61
2024-03-15,49166.78,34001.14,15165.64,30.85,413.62,958,3822,12,1241,6,North America,Sports,Direct Sales,Pending,Low,4.5,11,0.1185,0.603,98.903,114.8,3,3,1685353,CUST-95082,False,0.0,3933.34,38.6
2024-03-16,55760.98,19144.52,36616.46,65.67,210.82,512,3793,18,1087,104,Latin America,Apparel,Online,Completed,Low,3.7,-51,0.1938,0.743,98.69,124.3,1,9,6183591,CUST-25486,False,0.0,4460.88,23.77
2024-03-17,49509.58,31785.22,17724.36,35.8,495.49,681,4492,11,635,146,Latin America,Apparel,Direct Sales,Completed,Low,1.4,-26,0.1501,0.83,98.945,100.0,6,2,3525368,CUST-33623,True,0.22,3960.77,35.36
2024-03-18,18988.37,34415.09,-15426.72,-81.24,241.42,967,4650,20,1637,143,Middle East,Beauty,Wholesale,Completed,High,2.9,35,0.0565,0.516,99.339,121.0,3,4,4717218,CUST-89908,False,0.0,1519.07,38.16
2024-03-19,48663.2,35441.84,13221.36,27.17,281.38,942,4435,16,923,136,Middle East,Apparel,Retail Store,Shipped,Medium,4.3,-100,0.0869,0.416,98.399,51.2,4,2,5152896,CUST-64214,False,0.0,3893.06,5.91
2024-03-20,30432.96,14505.98,15926.98,52.33,269.59,105,3347,8,1280,51,Asia-Pacific,Home & Kitchen,Direct Sales,Completed,Low,3.9,99,0.0751,0.196,99.076,74.6,4,7,6362649,CUST-63192,False,0.0,2434.64,41.65
2024-03-21,60045.09,23909.16,36135.93,60.18,167.65,116,3234,16,1881,120,Latin America,Electronics,Direct Sales,Refunded,High,4.6,96,0.1103,0.608,99.626,164.5,1,1,2327631,CUST-34225,False,0.0,4803.61,45.14
2024-03-22,55498.97,22973.89,32525.08,58.6,46.76,641,2698,20,92,98,Middle East,Books,Online,Refunded,High,1.9,-100,0.1475,0.55,98.445,128.5,3,5,1591218,CUST-85163,False,0.0,4439.92,10.46
2024-03-23,35901.8,30799.1,5102.7,14.21,448.87,622,2285,13,929,104,Asia-Pacific,Beauty,Online,Shipped,Low,4.9,94,0.2173,0.291,99.031,106.7,1,13,4851393,CUST-87246,False,0.0,2872.14,42.84
2024-03-24,42292.0,33845.96,8446.04,19.97,403.31,624,4152,14,1515,24,Europe,Sports,Retail Store,Completed,Low,2.1,-74,0.0782,0.446,99.931,154.3,2,9,2059076,CUST-11565,False,0.0,3383.36,21.12
2024-03-25,34111.8,41973.68,-7861.88,-23.05,78.37,687,4649,12,1588,20,Asia-Pacific,Home & Kitchen,Wholesale,Completed,High,1.2,8,0.1082,0.74,99.601,168.6,1,9,8446482,CUST-40949,False,0.0,2728.94,19.31
2024-03-26,49059.81,26040.28,23019.53,46.92,390.62,935,3924,15,960,140,Middle East,Electronics,Direct Sales,Completed,Low,3.0,88,0.1104,0.627,99.186,183.3,2,4,3236648,CUST-60553,False,0.0,3924.78,32.23
2024-03-27,64327.13,26019.42,38307.71,59.55,316.66,707,3620,12,656,68,Asia-Pacific,Books,Retail Store,Refunded,High,1.4,24,0.1778,0.482,99.498,54.0,4,3,5232427,CUST-25623,False,0.0,5146.17,41.55
2024-03-28,35214.11,39197.38,-3983.27,-11.31,210.48,41,1349,15,1468,108,Europe,Electronics,Direct Sales,Completed,Low,3.7,75,0.0988,0.272,99.051,168.4,4,4,3402924,CUST-91159,False,0.0,2817.13,22.86
2024-03-29,57560.7,32372.62,25188.08,43.76,134.47,502,2174,19,287,137,Middle East,Home & Kitchen,Retail Store,Pending,Medium,4.6,-78,0.095,0.668,99.973,79.4,1,11,4912800,CUST-80664,False,0.0,4604.86,33.48
2024-03-30,42046.14,40141.21,1904.93,4.53,431.27,75,2604,17,1752,42,Asia-Pacific,Sports,Online,Cancelled,Low,4.7,71,0.0749,0.628,98.338,130.6,2,4,8310740,CUST-25594,False,0.0,3363.69,42.29
2024-03-31,38106.91,32309.82,5797.09,15.21,353.09,188,4890,12,1604,23,Middle East,Sports,Online,Shipped,Medium,3.4,67,0.2872,0.458,99.439,141.4,1,10,5319131,CUST-37528,False,0.0,3048.55,40.28
2024-04-01,48394.54,20743.07,27651.47,57.14,278.39,788,4905,20,768,78,Asia-Pacific,Electronics,Wholesale,Completed,Critical,3.1,38,0.1672,0.239,98.012,176.3,1,11,1269351,CUST-84815,False,0.0,3871.56,17.43
2024-04-02,34471.37,19334.97,15136.4,43.91,308.69,452,2114,14,791,145,North America,Apparel,Online,Completed,Medium,5.0,8,0.0673,0.175,98.251,136.4,1,12,1733136,CUST-87570,False,0.0,2757.71,36.77
2024-04-03,41695.26,17587.9,24107.36,57.82,54.62,925,1048,18,453,141,Middle East,Electronics,Retail Store,Completed,Low,3.3,38,0.1883,0.339,99.444,129.8,5,7,4253928,CUST-15624,False,0.0,3335.62,33.69
2024-04-04,32031.83,35296.41,-3264.58,-10.19,242.22,558,206,15,263,21,Middle East,Apparel,Direct Sales,Completed,Low,4.7,-1,0.031,0.909,99.519,90.7,1,1,2468662,CUST-63242,False,0.0,2562.55,36.09
2024-04-05,79470.88,39508.77,39962.11,50.29,104.91,210,2591,16,1641,99,Middle East,Sports,Retail Store,Cancelled,High,4.7,1,0.0785,0.754,98.079,60.9,4,8,9398046,CUST-71797,False,0.0,6357.67,24.1
2024-04-06,50528.95,44794.9,5734.05,11.35,112.11,879,4792,14,895,49,Middle East,Home & Kitchen,Wholesale,Cancelled,High,2.2,-70,0.1933,0.891,98.668,89.8,2,12,1303128,CUST-55594,False,0.0,4042.32,5.92
2024-04-07,39504.12,36744.84,2759.28,6.98,334.04,58,254,9,1447,92,Asia-Pacific,Beauty,Online,Completed,Low,1.1,87,0.0771,0.843,98.236,169.2,2,6,3380982,CUST-56205,True,0.06,3160.33,20.34
2024-04-08,53209.7,39302.71,13906.99,26.14,456.52,796,3340,9,181,46,Latin America,Apparel,Online,Completed,Critical,2.8,-46,0.0596,0.459,99.78,121.1,2,2,6291091,CUST-78082,True,0.07,4256.78,38.2
2024-04-09,48315.08,25359.87,22955.21,47.51,207.84,960,895,19,58,55,Asia-Pacific,Sports,Direct Sales,Completed,Medium,4.4,51,0.0154,0.53,98.908,178.1,2,7,5001591,CUST-69977,False,0.0,3865.21,39.86
2024-04-10,46685.46,20748.67,25936.79,55.56,111.8,689,4467,19,1816,117,Europe,Electronics,Wholesale,Completed,Low,4.3,-39,0.2002,0.17,98.885,94.9,2,9,4087254,CUST-54097,False,0.0,3734.84,44.15
2024-04-11,59212.5,36800.63,22411.87,37.85,327.89,272,1670,24,202,137,North America,Sports,Wholesale,Completed,Medium,3.4,46,0.2327,0.721,99.648,147.5,3,7,7233722,CUST-45444,False,0.0,4737.0,15.39
2024-04-12,61362.62,33341.45,28021.17,45.66,436.88,142,1734,18,480,12,Asia-Pacific,Electronics,Online,Completed,Medium,1.6,-5,0.2161,0.422,99.391,125.9,2,3,9556687,CUST-77642,False,0.0,4909.01,34.31
2024-04-13,42042.48,30859.55,11182.93,26.6,376.68,819,2038,24,532,41,Asia-Pacific,Electronics,Wholesale,Cancelled,High,1.4,-61,0.1029,0.161,99.845,165.3,2,1,2024194,CUST-37303,False,0.0,3363.4,14.05
2024-04-14,41362.73,33098.97,8263.76,19.98,435.69,353,1632,15,354,51,Middle East,Sports,Retail Store,Cancelled,Low,4.8,1,0.0551,0.095,99.877,112.2,3,12,3321370,CUST-24103,False,0.0,3309.02,12.67
2024-04-15,45874.22,32585.48,13288.74,28.97,272.91,185,3128,13,1996,104,Europe,Home & Kitchen,Wholesale,Completed,High,2.7,-84,0.0864,0.696,98.626,115.5,2,10,2248918,CUST-31416,False,0.0,3669.94,36.53
2024-04-16,15471.18,40270.53,-24799.35,-160.29,378.42,400,4317,14,333,93,Middle East,Books,Retail Store,Pending,High,3.6,77,0.0728,0.482,99.297,162.6,2,4,2308231,CUST-67652,False,0.0,1237.69,12.82
2024-04-17,27272.13,40359.88,-13087.75,-47.99,78.63,20,1540,12,521,137,Middle East,Electronics,Retail Store,Completed,Medium,4.6,-2,0.1044,0.009,99.084,46.9,3,8,4521616,CUST-89664,False,0.0,2181.77,6.45
2024-04-18,70503.11,34353.76,36149.35,51.27,180.65,210,1498,20,1042,90,Latin America,Electronics,Retail Store,Pending,Low,4.5,-89,0.231,0.825,99.192,115.0,3,4,7449663,CUST-17740,False,0.0,5640.25,32.28
2024-04-19,74674.52,36766.42,37908.1,50.76,200.88,954,3746,13,239,29,North America,Apparel,Online,Completed,Critical,3.3,42,0.0471,0.619,99.251,61.9,2,13,3103705,CUST-13048,False,0.0,5973.96,6.54
2024-04-20,46264.46,34112.5,12151.96,26.27,260.53,935,3497,14,1601,130,Latin America,Beauty,Retail Store,Completed,Medium,3.0,66,0.3652,0.038,98.12,119.0,3,10,1919099,CUST-17231,True,0.19,3701.16,29.15
2024-04-21,58648.35,26310.64,32337.71,55.14,465.25,818,4345,21,561,120,Middle East,Sports,Direct Sales,Completed,High,3.9,-88,0.3317,0.305,99.79,105.3,1,6,2301326,CUST-57009,True,0.14,4691.87,41.22
2024-04-22,54668.75,36052.52,18616.23,34.05,438.41,12,4902,12,392,124,North America,Electronics,Wholesale,Completed,Low,2.4,-7,0.1762,0.722,98.281,141.1,2,1,9142012,CUST-36906,False,0.0,4373.5,6.99
2024-04-23,96183.21,18844.04,77339.17,80.41,75.92,223,3142,15,1503,34,Asia-Pacific,Home & Kitchen,Retail Store,Shipped,Critical,3.5,5,0.0839,0.059,98.849,136.3,6,13,5936277,CUST-40783,True,0.07,7694.66,35.15
2024-04-24,66793.62,38431.13,28362.49,42.46,94.67,817,1715,20,764,52,Europe,Books,Direct Sales,Refunded,High,1.1,-82,0.0292,0.736,98.584,110.0,0,6,9671013,CUST-12414,False,0.0,5343.49,8.28
2024-04-25,48081.24,20443.82,27637.42,57.48,185.24,316,1613,13,1759,98,Latin America,Books,Online,Pending,High,4.3,100,0.1164,0.505,99.107,86.3,1,1,5926215,CUST-23115,False,0.0,3846.5,33.02
2024-04-26,35666.89,32286.43,3380.46,9.48,152.46,989,2698,15,729,59,Europe,Books,Online,Pending,Low,5.0,-44,0.054,0.783,99.923,122.7,1,1,1056681,CUST-25412,True,0.07,2853.35,44.2
2024-04-27,25903.31,23238.77,2664.54,10.29,311.24,553,944,13,1924,50,Middle East,Home & Kitchen,Online,Completed,Medium,4.8,-9,0.1864,0.855,98.825,165.7,1,11,3990718,CUST-63447,False,0.0,2072.26,24.33
2024-04-28,53051.95,34427.11,18624.84,35.11,452.36,569,3519,22,1107,35,North America,Books,Online,Completed,Low,2.4,-41,0.3535,0.768,99.206,85.7,0,3,3334497,CUST-52361,False,0.0,4244.16,22.01
2024-04-29,38654.74,29728.6,8926.14,23.09,481.52,336,3630,17,520,96,Asia-Pacific,Sports,Wholesale,Pending,Low,3.1,83,0.1929,0.078,98.282,67.4,4,10,6221532,CUST-49679,True,0.29,3092.38,42.01
2024-04-30,28666.19,17241.95,11424.24,39.85,330.27,773,2427,10,1467,78,North America,Books,Online,Completed,Low,1.9,52,0.382,0.46,98.926,55.5,1,10,9486586,CUST-20380,False,0.0,2293.3,33.24
2024-05-01,40301.41,33365.6,6935.81,17.21,420.7,208,3140,16,790,60,Europe,Apparel,Wholesale,Completed,Critical,2.2,3,0.1297,0.319,99.832,66.3,1,4,7756712,CUST-36059,False,0.0,3224.11,25.25
2024-05-02,33776.78,25376.63,8400.15,24.87,267.35,925,2076,13,1568,126,Europe,Books,Direct Sales,Pending,Medium,2.8,31,0.1784,0.508,99.865,119.7,2,2,1411454,CUST-16732,False,0.0,2702.14,33.31
2024-05-03,75307.12,37049.17,38257.95,50.8,112.08,610,1935,21,562,61,Asia-Pacific,Apparel,Online,Completed,Low,4.0,79,0.1946,0.966,99.093,70.8,1,6,3089281,CUST-25668,False,0.0,6024.57,18.55
2024-05-04,63224.6,30010.61,33213.99,52.53,267.1,118,4999,11,1395,21,Asia-Pacific,Apparel,Online,Completed,Critical,1.1,26,0.079,0.124,99.537,106.9,3,10,7420135,CUST-86816,False,0.0,5057.97,46.04
2024-05-05,49880.41,33163.37,16717.04,33.51,281.99,300,454,17,1188,143,North America,Apparel,Direct Sales,Completed,Medium,2.6,0,0.2149,0.866,98.006,136.2,4,11,7794606,CUST-11208,False,0.0,3990.43,5.29
2024-05-06,72199.16,22339.45,49859.71,69.06,373.8,117,1705,15,1287,21,Latin America,Home & Kitchen,Direct Sales,Completed,High,3.2,34,0.133,0.991,99.063,45.5,1,5,2873776,CUST-63134,False,0.0,5775.93,17.08
2024-05-07,51160.52,25285.34,25875.18,50.58,117.74,417,4573,16,1839,109,North America,Electronics,Wholesale,Pending,High,1.9,-33,0.0183,0.99,99.465,154.5,2,8,4701282,CUST-12125,True,0.16,4092.84,42.72
2024-05-08,37080.74,26330.89,10749.85,28.99,190.47,561,3295,22,194,142,Europe,Beauty,Retail Store,Pending,High,1.3,-14,0.1061,0.797,98.66,170.0,1,11,1687320,CUST-54918,False,0.0,2966.46,13.95
2024-05-09,72846.86,36853.62,35993.24,49.41,188.37,982,2227,17,608,138,North America,Sports,Wholesale,Completed,Low,3.2,7,0.0502,0.466,99.802,185.3,5,2,9657852,CUST-26786,False,0.0,5827.75,15.57
2024-05-10,58083.65,43419.02,14664.63,25.25,480.13,61,1087,15,841,85,Middle East,Sports,Retail Store,Refunded,Critical,3.6,97,0.309,0.178,99.559,171.6,1,7,9082150,CUST-77364,False,0.0,4646.69,30.28
2024-05-11,34441.31,23558.63,10882.68,31.6,227.53,121,4428,15,1251,20,North America,Books,Wholesale,Shipped,Low,3.6,72,0.1405,0.608,99.539,204.4,1,4,5591131,CUST-25766,False,0.0,2755.3,35.42
2024-05-12,47144.92,38614.79,8530.13,18.09,380.0,304,253,21,1798,107,North America,Beauty,Retail Store,Completed,Medium,2.4,36,0.0793,0.61,98.042,128.1,1,4,9076379,CUST-67494,False,0.0,3771.59,6.88
2024-05-13,36865.73,12642.58,24223.15,65.71,377.9,589,1006,15,409,94,Middle East,Electronics,Online,Pending,High,1.9,20,0.1011,0.316,98.368,148.2,1,4,3013189,CUST-75994,False,0.0,2949.26,42.27
2024-05-14,29258.0,20446.48,8811.52,30.12,140.12,198,3863,14,334,8,Europe,Apparel,Retail Store,Completed,Low,1.9,-92,0.2652,0.617,99.427,111.2,3,11,5731251,CUST-28989,False,0.0,2340.64,30.57
2024-05-15,63892.66,22329.77,41562.89,65.05,290.22,853,1720,10,1318,66,Asia-Pacific,Apparel,Direct Sales,Shipped,Medium,1.2,30,0.2477,0.117,99.123,143.2,2,4,6312999,CUST-68067,False,0.0,5111.41,7.15
2024-05-16,78641.25,19179.93,59461.32,75.61,448.21,730,3728,15,814,60,North America,Apparel,Direct Sales,Shipped,Low,1.7,-24,0.0696,0.634,99.157,124.8,2,2,2391784,CUST-12182,False,0.0,6291.3,29.25
2024-05-17,29021.49,17331.29,11690.2,40.28,242.85,74,3674,15,1279,37,Latin America,Apparel,Retail Store,Completed,Low,4.3,-38,0.2506,0.897,98.03,61.8,1,3,5408394,CUST-60774,False,0.0,2321.72,12.37
2024-05-18,58444.54,33303.99,25140.55,43.02,473.11,583,4518,22,633,35,Asia-Pacific,Books,Online,Pending,Low,1.0,18,0.1832,0.472,98.884,67.4,2,8,8240478,CUST-43174,False,0.0,4675.56,11.34
2024-05-19,40240.36,28287.46,11952.9,29.7,115.08,474,431,20,1807,139,Latin America,Electronics,Online,Shipped,High,1.2,-8,0.1563,0.765,99.573,183.3,2,10,6012467,CUST-55658,False,0.0,3219.23,30.25
2024-05-20,42693.12,33035.24,9657.88,22.62,46.34,267,4438,16,1415,137,North America,Electronics,Retail Store,Completed,Low,1.5,29,0.1367,0.636,99.327,125.4,1,5,3736509,CUST-44964,False,0.0,3415.45,36.79
2024-05-21,41114.09,35523.78,5590.31,13.6,446.81,655,529,26,776,5,Latin America,Electronics,Retail Store,Completed,High,2.7,58,0.1708,0.003,99.145,169.7,3,10,9389643,CUST-86089,False,0.0,3289.13,17.87
2024-05-22,37040.14,32124.94,4915.2,13.27,425.36,643,2523,20,1433,49,Asia-Pacific,Beauty,Direct Sales,Completed,Medium,2.3,-63,0.1701,0.122,99.393,100.2,9,5,8386937,CUST-18159,True,0.09,2963.21,45.91
2024-05-23,50727.82,35262.11,15465.71,30.49,496.37,340,180,11,1572,51,Latin America,Sports,Direct Sales,Completed,Medium,1.7,-94,0.0171,0.775,99.702,88.8,2,5,1683128,CUST-76481,False,0.0,4058.23,23.95
2024-05-24,37535.75,29443.74,8092.01,21.56,342.9,510,1673,13,1214,34,Latin America,Apparel,Wholesale,Completed,High,1.4,3,0.139,0.04,99.699,117.0,1,7,3825739,CUST-12715,True,0.18,3002.86,21.46
2024-05-25,54056.85,20504.05,33552.8,62.07,468.98,692,519,18,1009,85,Asia-Pacific,Home & Kitchen,Online,Completed,Medium,4.8,37,0.0242,0.956,98.912,147.5,1,9,3746785,CUST-17268,False,0.0,4324.55,30.93
2024-05-26,49246.43,38462.51,10783.92,21.9,415.21,219,566,19,1741,28,Asia-Pacific,Sports,Online,Completed,Low,4.6,-24,0.0825,0.894,98.616,168.7,3,1,5414978,CUST-50001,False,0.0,3939.71,40.3
2024-05-27,46415.78,25287.1,21128.68,45.52,423.77,817,3493,15,1295,35,Asia-Pacific,Electronics,Online,Completed,Low,4.1,86,0.113,0.362,98.733,126.5,1,2,9984624,CUST-24705,True,0.15,3713.26,8.59
2024-05-28,36386.55,22515.23,13871.32,38.12,288.88,98,1665,12,1462,32,Asia-Pacific,Beauty,Wholesale,Pending,Medium,2.0,-100,0.1685,0.31,99.043,142.9,2,8,3553746,CUST-82200,True,0.09,2910.92,43.17
2024-05-29,41348.43,28576.66,12771.77,30.89,197.36,688,1618,22,1403,136,Middle East,Books,Wholesale,Refunded,Medium,2.3,-64,0.1574,0.613,98.179,115.0,1,8,2731539,CUST-67829,True,0.27,3307.87,27.47
2024-05-30,61330.87,22697.51,38633.36,62.99,467.93,37,4130,15,792,43,North America,Apparel,Direct Sales,Cancelled,Low,3.7,52,0.4111,0.612,99.182,171.0,0,13,6239921,CUST-22867,False,0.0,4906.47,28.46
2024-05-31,57513.76,26660.56,30853.2,53.64,221.74,247,2135,20,1466,87,Asia-Pacific,Beauty,Direct Sales,Completed,Medium,2.2,-7,0.069,0.089,98.907,171.5,1,11,9471718,CUST-71309,True,0.26,4601.1,42.41
2024-06-01,35336.67,32752.43,2584.24,7.31,274.02,345,903,12,703,75,Europe,Sports,Retail Store,Shipped,Medium,3.1,-35,0.0739,0.215,99.518,92.5,0,11,4519042,CUST-76005,True,0.1,2826.93,30.11
2024-06-02,51489.98,32786.73,18703.25,36.32,228.6,72,1177,11,407,13,Latin America,Home & Kitchen,Wholesale,Cancelled,High,3.6,-1,0.1183,0.636,98.548,133.4,2,4,7373102,CUST-75302,False,0.0,4119.2,25.09
2024-06-03,61270.81,22817.36,38453.45,62.76,286.76,969,1732,20,1467,26,Asia-Pacific,Home & Kitchen,Wholesale,Cancelled,Medium,3.1,-25,0.3407,0.801,98.133,85.2,2,12,3627550,CUST-80021,True,0.08,4901.66,42.25
2024-06-04,24958.92,26098.36,-1139.44,-4.57,240.55,776,2084,17,636,131,Asia-Pacific,Books,Wholesale,Shipped,High,2.7,-96,0.3271,0.192,99.789,148.6,0,3,5350022,CUST-59619,True,0.09,1996.71,48.42
2024-06-05,58150.4,38594.66,19555.74,33.63,33.5,917,103,8,89,6,North America,Electronics,Online,Shipped,Medium,2.4,-45,0.0907,0.702,98.136,106.2,1,1,4293747,CUST-16027,True,0.3,4652.03,38.77
2024-06-06,40060.64,33971.2,6089.44,15.2,442.2,562,702,22,951,95,Asia-Pacific,Electronics,Direct Sales,Completed,High,4.1,-59,0.0825,0.87,99.855,92.1,1,13,6485911,CUST-79440,True,0.06,3204.85,46.17
2024-06-07,58558.98,46600.52,11958.46,20.42,227.75,509,2467,23,322,20,Middle East,Beauty,Retail Store,Completed,Medium,4.0,91,0.0873,0.118,98.995,48.6,2,2,9502770,CUST-75190,False,0.0,4684.72,39.99
2024-06-08,38551.11,39441.03,-889.92,-2.31,298.58,550,3775,13,1493,9,Europe,Sports,Wholesale,Completed,Medium,3.8,-52,0.1158,0.439,98.113,157.9,3,3,6370399,CUST-54840,True,0.08,3084.09,40.56
2024-06-09,22926.77,39154.34,-16227.57,-70.78,78.2,800,600,18,1143,144,Europe,Beauty,Wholesale,Completed,Low,2.5,-55,0.0981,0.851,98.252,126.7,10,3,6416499,CUST-21778,False,0.0,1834.14,14.96
2024-06-10,25586.86,18897.05,6689.81,26.15,11.66,478,284,20,878,19,Asia-Pacific,Sports,Wholesale,Refunded,Medium,4.1,-30,0.1345,0.371,99.066,128.8,3,1,5858283,CUST-83853,False,0.0,2046.95,46.76
2024-06-11,50721.27,36110.88,14610.39,28.81,130.19,601,3609,22,672,71,North America,Electronics,Online,Completed,High,4.8,-99,0.0729,0.269,98.032,149.1,0,4,4733272,CUST-22919,False,0.0,4057.7,10.14
2024-06-12,53895.84,29575.15,24320.69,45.13,355.25,60,3351,20,507,77,Asia-Pacific,Electronics,Retail Store,Cancelled,Low,3.8,-34,0.2824,0.746,99.83,93.3,0,5,7257616,CUST-99793,False,0.0,4311.67,28.91
2024-06-13,36435.25,25592.15,10843.1,29.76,58.61,121,3247,19,283,96,Latin America,Beauty,Retail Store,Shipped,Low,2.6,31,0.157,0.401,99.593,87.9,1,2,6690016,CUST-24431,False,0.0,2914.82,5.58
2024-06-14,59578.89,31344.12,28234.77,47.39,455.35,882,3040,12,246,67,Europe,Apparel,Wholesale,Completed,High,4.2,-39,0.2283,0.706,99.009,139.2,1,8,3261975,CUST-34860,False,0.0,4766.31,21.42
2024-06-15,25077.2,37561.69,-12484.49,-49.78,115.36,310,1395,19,1924,104,Latin America,Sports,Retail Store,Completed,Medium,3.4,11,0.1123,0.126,99.852,160.5,2,7,7497013,CUST-15294,False,0.0,2006.18,35.89
2024-06-16,49008.8,34006.65,15002.15,30.61,110.25,99,154,11,1784,29,Middle East,Sports,Online,Completed,Low,4.5,-21,0.0179,0.554,98.519,138.6,1,7,3313334,CUST-51184,False,0.0,3920.7,6.58
2024-06-17,31834.76,22972.21,8862.55,27.84,98.94,238,1824,19,1582,45,Europe,Home & Kitchen,Wholesale,Pending,Medium,3.9,-74,0.1589,0.379,99.707,176.1,2,9,7521584,CUST-53929,False,0.0,2546.78,8.24
2024-06-18,40222.46,35939.67,4282.79,10.65,16.85,159,3010,15,585,32,Europe,Home & Kitchen,Direct Sales,Shipped,Medium,4.1,-15,0.2102,0.997,99.61,139.8,0,12,1921763,CUST-14348,False,0.0,3217.8,29.02
2024-06-19,50710.98,24899.3,25811.68,50.9,388.18,764,1970,19,1892,115,Middle East,Books,Direct Sales,Refunded,Medium,3.7,-34,0.4081,0.591,99.164,137.8,2,8,9738229,CUST-26014,False,0.0,4056.88,7.65
2024-06-20,37093.8,31733.46,5360.34,14.45,438.77,147,4272,14,987,25,Latin America,Home & Kitchen,Retail Store,Completed,High,1.4,12,0.0416,0.682,98.638,148.8,1,2,4793231,CUST-39657,False,0.0,2967.5,18.77
2024-06-21,44231.67,27573.2,16658.47,37.66,310.94,144,2443,18,196,65,Asia-Pacific,Sports,Direct Sales,Completed,Low,2.9,21,0.0402,0.131,99.117,111.9,0,8,1369688,CUST-52184,True,0.11,3538.53,39.25
2024-06-22,65094.39,28249.07,36845.32,56.6,102.22,466,3390,15,623,107,North America,Beauty,Direct Sales,Completed,Medium,1.2,44,0.0617,0.992,99.914,76.5,1,10,2141658,CUST-61004,False,0.0,5207.55,19.39
2024-06-23,41346.62,36129.94,5216.68,12.62,149.79,610,3448,17,1532,143,Latin America,Apparel,Wholesale,Completed,High,2.8,79,0.3574,0.051,98.169,120.7,1,1,5713309,CUST-91364,True,0.18,3307.73,22.82
2024-06-24,62535.38,21678.45,40856.93,65.33,243.2,503,1701,16,1140,79,Middle East,Beauty,Online,Shipped,High,3.9,-30,0.1394,0.071,98.402,145.0,1,10,5446898,CUST-64576,False,0.0,5002.83,39.62
2024-06-25,33054.4,45561.56,-12507.16,-37.84,477.63,536,2893,23,79,5,Middle East,Electronics,Wholesale,Completed,Low,2.7,-44,0.1624,0.076,99.288,89.9,0,12,2999587,CUST-53290,True,0.11,2644.35,11.68
2024-06-26,57947.06,15431.31,42515.75,73.37,131.2,342,3437,12,156,113,Middle East,Sports,Online,Completed,Low,1.0,-71,0.0669,0.871,99.357,70.8,2,11,2133382,CUST-14800,False,0.0,4635.76,42.66
2024-06-27,71623.53,25218.66,46404.87,64.79,368.51,371,2190,14,1751,81,Europe,Electronics,Wholesale,Completed,Medium,2.5,99,0.0199,0.729,98.329,94.6,1,12,1593416,CUST-35979,False,0.0,5729.88,5.45
2024-06-28,12925.33,32961.7,-20036.37,-155.02,225.33,183,1351,6,439,21,Asia-Pacific,Sports,Direct Sales,Completed,High,1.3,98,0.0484,0.973,99.613,166.7,1,9,5912754,CUST-79561,False,0.0,1034.03,15.65
2024-06-29,38046.57,34674.51,3372.06,8.86,155.95,611,270,16,928,115,Europe,Home & Kitchen,Wholesale,Pending,High,4.1,92,0.055,0.067,99.857,137.3,3,10,4137111,CUST-18498,False,0.0,3043.73,23.25
2024-06-30,58656.08,29196.19,29459.89,50.22,233.4,222,2909,17,455,23,Europe,Apparel,Retail Store,Completed,Medium,4.1,43,0.5192,0.692,98.159,115.6,2,3,4794331,CUST-46773,True,0.15,4692.49,14.66
2024-07-01,46954.32,29540.87,17413.45,37.09,44.89,352,2454,13,1194,78,Europe,Sports,Retail Store,Completed,Critical,4.2,13,0.0971,0.533,99.948,86.1,4,7,5662894,CUST-83080,True,0.27,3756.35,42.51
2024-07-02,55567.19,33284.4,22282.79,40.1,401.36,70,1873,8,1084,63,Middle East,Books,Online,Pending,Medium,1.1,21,0.1753,0.639,98.562,129.6,2,5,5110253,CUST-12706,True,0.29,4445.38,46.8
2024-07-03,40940.22,28151.44,12788.78,31.24,129.22,885,3854,19,633,119,Latin America,Beauty,Online,Completed,High,1.1,3,0.4106,0.513,98.618,126.5,2,4,2324539,CUST-72123,True,0.28,3275.22,18.07
2024-07-04,51298.85,41145.45,10153.4,19.79,365.45,741,4091,18,396,42,North America,Books,Online,Pending,High,4.6,2,0.1221,0.675,98.09,136.0,3,6,5597006,CUST-11405,False,0.0,4103.91,10.73
2024-07-05,47664.84,36714.79,10950.05,22.97,43.49,70,2181,11,1326,35,North America,Books,Retail Store,Cancelled,High,1.5,54,0.1118,0.907,98.995,207.6,0,8,5013313,CUST-35421,True,0.1,3813.19,41.42
2024-07-06,67516.73,36982.59,30534.14,45.22,478.0,828,926,19,846,110,Asia-Pacific,Books,Wholesale,Pending,Critical,3.7,-27,0.1933,0.587,99.91,137.3,1,5,8212848,CUST-54248,False,0.0,5401.34,49.74
2024-07-07,53816.31,22270.75,31545.56,58.62,104.58,687,1765,13,168,115,Asia-Pacific,Books,Direct Sales,Completed,Medium,4.2,-3,0.1603,0.896,98.322,95.7,2,9,5104077,CUST-98139,False,0.0,4305.3,32.09
2024-07-08,55064.04,29364.89,25699.15,46.67,442.54,533,229,20,1960,54,Middle East,Beauty,Online,Pending,Low,2.8,74,0.0969,0.782,99.154,71.5,2,9,9953310,CUST-34492,False,0.0,4405.12,49.34
2024-07-09,43821.85,27596.27,16225.58,37.03,406.64,225,1517,23,569,130,North America,Electronics,Wholesale,Shipped,Medium,3.2,-87,0.3365,0.865,98.549,100.4,2,8,7083350,CUST-72086,True,0.26,3505.75,6.02
2024-07-10,42685.91,21955.19,20730.72,48.57,484.25,598,3887,22,1288,107,Latin America,Beauty,Wholesale,Completed,High,1.9,29,0.0268,0.659,98.037,104.0,2,13,3286480,CUST-28685,True,0.06,3414.87,39.84
2024-07-11,43511.63,32881.31,10630.32,24.43,244.17,753,1507,18,782,63,Middle East,Electronics,Retail Store,Pending,High,4.7,66,0.0339,0.519,99.974,149.0,2,11,6608998,CUST-13389,False,0.0,3480.93,27.65
2024-07-12,55916.78,25698.83,30217.95,54.04,366.42,633,693,16,129,125,Asia-Pacific,Electronics,Retail Store,Completed,Low,2.2,-46,0.29,0.07,99.432,98.4,1,2,7847686,CUST-11280,True,0.23,4473.34,22.83
2024-07-13,43685.23,35243.23,8442.0,19.32,191.65,587,1137,12,468,149,Middle East,Beauty,Direct Sales,Shipped,Low,1.9,-75,0.2806,0.835,99.471,85.3,2,5,2448593,CUST-74014,False,0.0,3494.82,31.26
2024-07-14,54346.62,21438.47,32908.15,60.55,100.34,703,2228,12,633,99,Asia-Pacific,Beauty,Wholesale,Completed,Medium,3.1,-57,0.3054,0.242,99.326,138.8,3,8,5281122,CUST-60091,False,0.0,4347.73,15.83
2024-07-15,81131.01,43752.32,37378.69,46.07,227.11,432,3378,10,761,98,North America,Beauty,Online,Cancelled,Medium,1.8,-32,0.1888,0.037,98.287,98.3,3,6,4708266,CUST-16016,False,0.0,6490.48,26.35
2024-07-16,63066.87,22829.34,40237.53,63.8,91.22,725,4399,21,1758,56,Middle East,Sports,Retail Store,Completed,Low,3.7,-63,0.1596,0.519,98.413,140.2,0,3,2975426,CUST-66965,False,0.0,5045.35,27.68
2024-07-17,45109.65,31754.42,13355.23,29.61,491.2,432,122,19,1362,146,Europe,Electronics,Wholesale,Completed,High,3.1,-21,0.1968,0.633,98.771,90.4,0,10,8941134,CUST-67877,False,0.0,3608.77,39.24
2024-07-18,68018.21,36334.87,31683.34,46.58,57.16,380,1733,17,283,20,Asia-Pacific,Beauty,Retail Store,Completed,Low,1.6,-89,0.1109,0.662,99.991,103.5,0,5,8956858,CUST-52092,True,0.2,5441.46,30.23
2024-07-19,43878.87,25434.88,18443.99,42.03,298.71,215,4101,17,310,59,Europe,Apparel,Wholesale,Completed,Medium,1.3,4,0.2023,0.67,99.345,99.6,3,13,7177316,CUST-75307,False,0.0,3510.31,29.98
2024-07-20,19428.13,36819.75,-17391.62,-89.52,316.97,295,4299,18,982,141,Asia-Pacific,Home & Kitchen,Retail Store,Completed,Low,1.5,7,0.2528,0.654,98.885,134.4,0,9,6928208,CUST-79453,False,0.0,1554.25,6.58
2024-07-21,34878.71,20166.53,14712.18,42.18,273.66,114,1505,14,706,140,Europe,Home & Kitchen,Online,Completed,High,1.5,-84,0.2145,0.808,98.969,115.0,3,9,6227483,CUST-33550,False,0.0,2790.3,42.95
2024-07-22,21938.12,41616.94,-19678.82,-89.7,334.47,763,1578,19,1095,113,North America,Apparel,Direct Sales,Completed,Medium,2.3,-76,0.1419,0.769,99.844,77.2,2,12,1346383,CUST-49149,False,0.0,1755.05,24.92
2024-07-23,44727.3,30113.19,14614.11,32.67,66.93,756,1294,14,127,98,North America,Home & Kitchen,Online,Completed,Low,4.3,91,0.1226,0.813,98.393,74.3,3,2,2183634,CUST-10388,False,0.0,3578.18,44.47
2024-07-24,50276.28,25228.71,25047.57,49.82,281.96,697,675,18,791,11,Latin America,Electronics,Retail Store,Completed,Medium,1.2,-13,0.2941,0.46,98.642,108.9,0,2,4310807,CUST-65659,False,0.0,4022.1,43.16
2024-07-25,75146.56,27606.55,47540.01,63.26,150.73,732,1706,19,721,137,Latin America,Beauty,Retail Store,Completed,Low,1.5,38,0.1164,0.063,98.742,70.5,1,2,6459803,CUST-97458,False,0.0,6011.72,31.64
2024-07-26,54903.91,36471.35,18432.56,33.57,470.69,552,4469,11,1087,144,Latin America,Beauty,Retail Store,Completed,Critical,2.2,45,0.2717,0.64,99.795,105.5,2,3,2563796,CUST-24986,False,0.0,4392.31,5.55
2024-07-27,46713.49,25324.36,21389.13,45.79,383.42,756,551,23,1821,85,Middle East,Sports,Online,Completed,High,3.2,63,0.0037,0.21,99.554,129.0,1,5,2465159,CUST-62079,False,0.0,3737.08,24.37
2024-07-28,62441.08,24005.14,38435.94,61.56,486.53,251,224,6,1221,92,Asia-Pacific,Beauty,Retail Store,Completed,High,4.1,-98,0.2977,0.86,99.182,78.6,1,12,7478884,CUST-53477,True,0.26,4995.29,16.84
2024-07-29,16832.97,28227.71,-11394.74,-67.69,28.4,500,3554,17,1735,112,Middle East,Apparel,Online,Completed,Low,4.7,-18,0.1504,0.722,98.629,149.7,2,10,3285361,CUST-75566,False,0.0,1346.64,12.68
2024-07-30,53534.22,20584.3,32949.92,61.55,149.72,674,2464,19,79,87,Latin America,Apparel,Retail Store,Completed,Low,2.6,-31,0.2215,0.766,98.404,168.4,1,7,7112528,CUST-69778,True,0.17,4282.74,29.06
2024-07-31,61562.98,44564.35,16998.63,27.61,105.76,717,1966,11,487,49,Asia-Pacific,Electronics,Direct Sales,Completed,Medium,1.4,-14,0.1034,0.286,98.662,157.9,2,12,1925029,CUST-19488,False,0.0,4925.04,21.55
2024-08-01,27821.21,25468.84,2352.37,8.46,15.47,507,1783,16,1746,84,Middle East,Apparel,Direct Sales,Completed,Low,1.9,-30,0.2857,0.633,99.859,143.4,1,3,9731434,CUST-13601,False,0.0,2225.7,38.31
2024-08-02,67156.31,36652.93,30503.38,45.42,128.74,444,1006,13,1846,29,North America,Sports,Retail Store,Completed,High,2.1,10,0.1162,0.528,99.82,134.8,2,1,2938583,CUST-30558,False,0.0,5372.5,16.08
2024-08-03,55077.45,31675.76,23401.69,42.49,342.6,790,3634,15,1603,31,Asia-Pacific,Beauty,Wholesale,Completed,Medium,4.1,7,0.2195,0.268,98.844,128.4,1,4,9564464,CUST-19468,False,0.0,4406.2,30.01
2024-08-04,43770.68,22123.73,21646.95,49.46,123.23,493,529,14,112,55,Latin America,Sports,Online,Completed,Low,3.7,-92,0.1171,0.812,98.651,132.9,2,7,1808703,CUST-38534,True,0.19,3501.65,27.72
2024-08-05,59491.73,29952.36,29539.37,49.65,259.41,456,2851,12,1503,123,North America,Electronics,Retail Store,Completed,Low,1.8,93,0.4753,0.55,99.769,98.8,3,13,3476493,CUST-21892,False,0.0,4759.34,23.37
2024-08-06,84060.39,36272.02,47788.37,56.85,445.03,393,3925,13,1208,112,Asia-Pacific,Electronics,Online,Shipped,Critical,4.4,27,0.2008,0.191,98.892,119.1,3,3,7397051,CUST-39157,False,0.0,6724.83,43.78
2024-08-07,52727.99,28493.91,24234.08,45.96,349.94,519,461,11,206,64,Middle East,Beauty,Wholesale,Shipped,Critical,4.4,21,0.1482,0.305,98.077,125.2,2,8,7415452,CUST-44639,False,0.0,4218.24,32.23
2024-08-08,53723.31,39544.9,14178.41,26.39,203.37,179,4991,12,618,76,Latin America,Books,Direct Sales,Refunded,Low,4.5,-54,0.1817,0.227,98.691,142.4,3,11,8466483,CUST-96621,False,0.0,4297.86,39.72
2024-08-09,43109.59,38172.12,4937.47,11.45,192.51,959,531,15,992,84,Middle East,Beauty,Online,Completed,Low,2.1,77,0.096,0.312,99.215,64.3,2,4,6361551,CUST-65027,False,0.0,3448.77,41.44
2024-08-10,37252.33,37351.32,-98.99,-0.27,233.31,878,2822,18,826,76,North America,Electronics,Online,Completed,Low,1.5,-37,0.0639,0.188,99.889,127.4,2,10,1485575,CUST-17409,True,0.15,2980.19,11.67
2024-08-11,62455.04,26322.75,36132.29,57.85,96.75,332,3161,17,303,100,North America,Books,Online,Cancelled,Low,1.4,8,0.1619,0.371,98.849,157.2,3,11,2089153,CUST-29229,False,0.0,4996.4,8.31
2024-08-12,37158.74,21361.26,15797.48,42.51,320.66,857,3323,14,1056,130,North America,Beauty,Online,Completed,High,2.6,11,0.0131,0.694,98.48,98.9,2,9,2173289,CUST-67245,False,0.0,2972.7,8.83
2024-08-13,51073.49,25091.3,25982.19,50.87,188.43,483,1730,24,1260,100,Asia-Pacific,Beauty,Online,Completed,Medium,2.7,-54,0.0672,0.959,98.769,116.2,1,3,9324858,CUST-56331,True,0.21,4085.88,25.47
2024-08-14,42835.14,31569.93,11265.21,26.3,427.66,241,4771,15,1953,143,Latin America,Books,Direct Sales,Completed,Critical,4.5,-26,0.4136,0.211,98.114,54.8,2,5,5032239,CUST-98132,False,0.0,3426.81,22.38
2024-08-15,57184.7,34366.29,22818.41,39.9,380.71,705,369,16,922,113,North America,Books,Online,Completed,High,2.1,94,0.3611,0.3,99.798,122.3,2,9,1663555,CUST-93136,False,0.0,4574.78,47.74
2024-08-16,55004.93,12627.43,42377.5,77.04,309.15,368,1223,16,1452,10,Middle East,Home & Kitchen,Online,Completed,High,3.5,24,0.0366,0.002,98.067,67.9,2,12,4131597,CUST-14611,True,0.2,4400.39,24.26
2024-08-17,65563.1,29935.09,35628.01,54.34,188.46,284,3276,20,1400,26,Latin America,Sports,Direct Sales,Shipped,Medium,4.2,-59,0.0412,0.225,98.002,100.6,2,10,3886729,CUST-77724,False,0.0,5245.05,11.59
2024-08-18,42349.75,31264.71,11085.04,26.17,112.87,951,3492,14,248,107,Middle East,Books,Retail Store,Refunded,High,2.1,-52,0.1328,0.418,99.228,118.3,1,9,9698334,CUST-10777,False,0.0,3387.98,12.4
2024-08-19,45951.88,27779.65,18172.23,39.55,390.31,920,4633,12,930,16,Middle East,Apparel,Retail Store,Completed,Medium,2.1,-71,0.1902,0.462,98.308,98.8,1,7,6985753,CUST-33540,False,0.0,3676.15,20.24
2024-08-20,35318.54,40330.19,-5011.65,-14.19,248.34,41,1142,16,1244,31,North America,Books,Online,Shipped,Low,3.7,-93,0.1884,0.266,98.592,114.3,1,12,1392078,CUST-62497,False,0.0,2825.48,43.25
2024-08-21,43335.6,33374.24,9961.36,22.99,120.13,186,1741,17,1388,133,Latin America,Electronics,Direct Sales,Completed,Medium,3.9,64,0.1201,0.15,98.982,133.1,2,9,1942683,CUST-97638,True,0.13,3466.85,36.05
2024-08-22,55659.51,40481.54,15177.97,27.27,105.64,926,2541,13,55,84,Europe,Books,Online,Completed,Medium,4.8,-16,0.1719,0.563,99.584,118.7,2,8,5421709,CUST-55672,False,0.0,4452.76,39.64
2024-08-23,61354.83,28272.32,33082.51,53.92,91.05,74,3397,10,1951,64,Asia-Pacific,Beauty,Retail Store,Pending,Critical,4.4,-93,0.1708,0.409,98.775,124.9,0,10,4803938,CUST-57785,True,0.22,4908.39,19.15
2024-08-24,36167.52,37499.82,-1332.3,-3.68,390.81,719,1483,6,1329,120,Europe,Apparel,Direct Sales,Completed,Medium,4.3,90,0.1666,0.426,99.914,54.6,2,13,8129411,CUST-72269,True,0.14,2893.4,27.61
2024-08-25,63044.09,43080.53,19963.56,31.67,122.2,36,4096,12,1952,74,Asia-Pacific,Books,Wholesale,Completed,Low,3.8,27,0.0688,0.895,98.906,114.5,1,8,1869308,CUST-90730,True,0.27,5043.53,45.43
2024-08-26,70334.57,40493.55,29841.02,42.43,268.05,672,114,12,870,40,Latin America,Apparel,Direct Sales,Completed,Low,1.5,-90,0.3109,0.561,99.84,42.3,1,3,4707240,CUST-23134,True,0.11,5626.77,35.41
2024-08-27,56201.52,21262.87,34938.65,62.17,231.26,824,1774,7,1393,133,North America,Sports,Retail Store,Completed,High,4.2,20,0.0944,0.388,98.905,106.1,3,3,5854681,CUST-52647,False,0.0,4496.12,36.61
2024-08-28,78151.94,27970.59,50181.35,64.21,294.01,488,3717,21,297,56,Latin America,Home & Kitchen,Direct Sales,Completed,Critical,4.7,85,0.0548,0.254,99.032,184.4,1,10,7715916,CUST-99373,True,0.25,6252.16,11.48
2024-08-29,38393.16,27238.68,11154.48,29.05,439.81,277,1580,13,1804,134,Europe,Apparel,Wholesale,Cancelled,Medium,2.6,20,0.0623,0.429,99.916,152.8,1,2,5147143,CUST-32976,False,0.0,3071.45,33.89
2024-08-30,31330.18,33914.04,-2583.86,-8.25,435.2,606,1845,13,53,141,Middle East,Beauty,Direct Sales,Pending,Low,2.3,61,0.1102,0.862,99.35,70.0,4,1,2173402,CUST-73016,True,0.14,2506.41,33.44
2024-08-31,23319.2,35490.83,-12171.63,-52.2,231.03,75,3146,15,562,115,Asia-Pacific,Home & Kitchen,Online,Completed,Low,3.1,66,0.1475,0.965,98.299,101.0,3,11,5921274,CUST-43532,False,0.0,1865.54,39.47
2024-09-01,72440.66,23288.86,49151.8,67.85,17.53,142,4310,17,887,92,Asia-Pacific,Books,Online,Completed,Medium,4.8,43,0.0435,0.377,99.197,113.8,0,3,7876831,CUST-17234,False,0.0,5795.25,35.02
2024-09-02,59815.48,30542.71,29272.77,48.94,218.96,914,1075,11,555,52,Europe,Sports,Retail Store,Cancelled,Critical,1.2,-30,0.265,0.209,98.45,137.7,2,10,3710421,CUST-23798,False,0.0,4785.24,36.73
2024-09-03,49166.23,13840.58,35325.65,71.85,307.03,925,1785,21,80,109,North America,Sports,Direct Sales,Pending,High,3.8,31,0.1437,0.915,98.619,149.8,1,4,2727066,CUST-21551,False,0.0,3933.3,41.29
2024-09-04,54199.53,41535.56,12663.97,23.37,283.3,375,2183,19,1906,46,Latin America,Sports,Retail Store,Completed,High,4.3,-5,0.0596,0.144,99.676,177.0,2,4,8875921,CUST-38606,False,0.0,4335.96,38.99
2024-09-05,33117.66,25901.01,7216.65,21.79,329.15,91,2389,15,1702,98,Europe,Apparel,Direct Sales,Completed,Medium,4.2,0,0.093,0.297,99.364,86.6,4,5,5801781,CUST-45459,False,0.0,2649.41,35.83
2024-09-06,86686.28,30446.91,56239.37,64.88,85.5,902,1786,17,1348,49,Latin America,Home & Kitchen,Retail Store,Completed,High,3.3,73,0.322,0.204,98.574,127.6,2,10,5279671,CUST-50960,False,0.0,6934.9,23.8
2024-09-07,51938.32,27522.8,24415.52,47.01,326.8,840,4258,14,758,134,North America,Books,Direct Sales,Completed,Low,4.7,-79,0.3287,0.566,98.009,58.3,0,8,7954758,CUST-57495,True,0.13,4155.07,10.53
2024-09-08,51640.92,39168.22,12472.7,24.15,99.5,991,608,8,935,108,Middle East,Sports,Online,Shipped,Low,1.5,98,0.1601,0.409,99.062,134.3,1,7,8325823,CUST-42907,False,0.0,4131.27,19.31
2024-09-09,60886.5,7299.95,53586.55,88.01,377.76,337,287,17,1398,111,Latin America,Sports,Retail Store,Completed,High,2.0,-88,0.1245,0.287,98.5,137.2,0,6,1933614,CUST-86928,False,0.0,4870.92,36.5
2024-09-10,57215.14,29867.12,27348.02,47.8,176.15,107,2882,10,1250,43,North America,Sports,Retail Store,Refunded,Low,2.2,-19,0.0187,0.768,98.057,120.7,3,5,2436099,CUST-68773,False,0.0,4577.21,49.32
2024-09-11,53358.26,29153.45,24204.81,45.36,357.85,594,4288,21,1360,138,Europe,Sports,Wholesale,Completed,Medium,1.0,69,0.0223,0.664,98.127,142.9,2,10,7501229,CUST-79837,True,0.1,4268.66,14.27
2024-09-12,38142.88,26370.91,11771.97,30.86,33.45,336,4200,17,797,31,Middle East,Books,Direct Sales,Completed,Medium,2.5,61,0.0602,0.996,99.347,89.9,2,10,4332850,CUST-83176,False,0.0,3051.43,11.86
2024-09-13,57072.03,43809.81,13262.22,23.24,209.85,551,3609,14,128,147,Middle East,Apparel,Online,Completed,Low,1.6,-88,0.1243,0.312,98.829,73.8,1,10,4879153,CUST-76203,True,0.28,4565.76,26.91
2024-09-14,78230.37,22901.36,55329.01,70.73,355.47,134,3617,12,292,23,Middle East,Sports,Online,Completed,Low,3.9,56,0.3361,0.845,98.525,86.7,3,11,4207832,CUST-48311,False,0.0,6258.43,41.16
2024-09-15,70181.3,36174.37,34006.93,48.46,121.17,219,2172,14,1896,68,Asia-Pacific,Sports,Online,Completed,Low,2.7,25,0.1174,0.303,99.759,133.0,1,6,7115705,CUST-60276,False,0.0,5614.5,7.84
2024-09-16,73897.8,32850.02,41047.78,55.55,399.69,996,197,15,550,55,North America,Apparel,Retail Store,Completed,High,3.8,74,0.1426,0.009,99.65,165.9,7,11,3373668,CUST-96744,False,0.0,5911.82,43.61
2024-09-17,42331.76,40092.15,2239.61,5.29,319.08,793,1391,13,254,61,Latin America,Home & Kitchen,Online,Refunded,Low,2.2,96,0.1084,0.151,98.932,90.0,1,13,5358627,CUST-45894,False,0.0,3386.54,12.95
2024-09-18,35155.93,24662.49,10493.44,29.85,297.91,734,3564,11,1533,24,Europe,Apparel,Retail Store,Completed,Medium,1.5,-6,0.0102,0.508,98.551,96.1,1,9,2599595,CUST-12390,True,0.19,2812.47,29.5
2024-09-19,48113.2,24136.25,23976.95,49.83,183.24,142,1887,23,1456,24,Middle East,Books,Wholesale,Completed,Medium,1.5,-90,0.1407,0.81,99.014,124.0,1,8,8446265,CUST-58747,False,0.0,3849.06,31.57
2024-09-20,50835.87,38768.56,12067.31,23.74,246.4,512,783,14,772,86,Middle East,Beauty,Online,Completed,Low,1.8,-38,0.0222,0.057,99.506,240.6,2,8,4344907,CUST-59380,True,0.13,4066.87,20.35
2024-09-21,66412.87,33402.57,33010.3,49.7,302.7,166,1232,17,382,105,Middle East,Home & Kitchen,Wholesale,Completed,Low,1.5,1,0.3086,0.832,98.021,104.3,2,6,3525674,CUST-40760,False,0.0,5313.03,28.45
2024-09-22,24613.03,17640.5,6972.53,28.33,241.51,568,4222,10,652,42,North America,Beauty,Direct Sales,Completed,Low,1.9,-50,0.1173,0.716,99.225,153.7,1,1,5821230,CUST-23007,False,0.0,1969.04,22.67
2024-09-23,72943.25,25685.56,47257.69,64.79,352.17,878,3304,19,215,42,Europe,Sports,Direct Sales,Completed,Low,3.3,87,0.3381,0.035,99.42,113.8,1,1,1355921,CUST-87731,False,0.0,5835.46,46.51
2024-09-24,47629.88,33091.06,14538.82,30.52,222.51,884,3223,10,210,69,North America,Beauty,Wholesale,Completed,Medium,2.0,-54,0.0743,0.106,99.634,101.1,2,5,5036536,CUST-16944,False,0.0,3810.39,6.08
2024-09-25,43596.78,36702.11,6894.67,15.81,109.11,391,3936,16,55,80,Europe,Books,Direct Sales,Shipped,Critical,2.4,-97,0.1787,0.076,98.433,73.5,2,8,5484714,CUST-94460,True,0.23,3487.74,44.07
2024-09-26,34818.43,24566.15,10252.28,29.44,114.83,31,4976,14,1726,137,Latin America,Beauty,Online,Completed,Low,1.2,-94,0.0878,0.679,98.407,109.4,2,5,9189935,CUST-11520,True,0.24,2785.47,8.47
2024-09-27,25177.15,6685.95,18491.2,73.44,12.84,983,1714,17,254,127,Asia-Pacific,Electronics,Online,Pending,High,4.6,-14,0.1017,0.561,98.431,149.7,0,7,1707979,CUST-53229,False,0.0,2014.17,29.49
2024-09-28,62347.56,34185.79,28161.77,45.17,157.47,962,1141,11,581,129,Europe,Home & Kitchen,Retail Store,Completed,Medium,1.6,-70,0.1919,0.359,99.863,89.6,2,2,9634343,CUST-47932,False,0.0,4987.8,49.92
2024-09-29,51099.77,20237.43,30862.34,60.4,376.97,604,2965,16,1173,31,North America,Books,Wholesale,Completed,Medium,2.4,17,0.3781,0.088,98.282,123.4,4,13,2693619,CUST-32392,False,0.0,4087.98,14.33
2024-09-30,30650.59,13861.29,16789.3,54.78,399.14,428,954,8,1750,107,North America,Apparel,Wholesale,Completed,High,2.5,-15,0.0841,0.393,99.529,90.1,2,11,6697061,CUST-99137,False,0.0,2452.05,24.2
2024-10-01,30573.82,7341.39,23232.43,75.99,109.21,481,2126,18,94,24,North America,Books,Retail Store,Completed,Medium,4.1,-71,0.2415,0.682,99.974,105.4,0,7,6179924,CUST-61660,False,0.0,2445.91,25.27
2024-10-02,44963.23,36511.85,8451.38,18.8,479.93,243,2087,16,506,64,Asia-Pacific,Apparel,Online,Completed,Low,2.9,56,0.0458,0.093,99.893,67.0,2,5,4996641,CUST-55686,False,0.0,3597.06,35.31
2024-10-03,75035.32,31028.94,44006.38,58.65,256.18,581,2650,14,1922,87,Europe,Books,Wholesale,Completed,Low,2.5,-58,0.3499,0.857,98.82,201.1,1,12,9468343,CUST-44475,False,0.0,6002.83,19.07
2024-10-04,46106.13,28194.75,17911.38,38.85,459.32,463,339,20,276,10,Europe,Electronics,Retail Store,Refunded,High,3.8,-16,0.089,0.063,99.679,130.7,4,10,3839133,CUST-14035,False,0.0,3688.49,42.11
2024-10-05,27452.86,41112.19,-13659.33,-49.76,356.31,709,589,23,1388,116,Europe,Home & Kitchen,Wholesale,Pending,Low,3.4,49,0.1236,0.608,99.34,108.6,2,3,8684883,CUST-47719,True,0.22,2196.23,14.47
2024-10-06,46313.85,35098.6,11215.25,24.22,363.99,579,3951,10,101,143,Europe,Sports,Wholesale,Completed,Medium,1.3,75,0.1987,0.189,99.737,165.2,2,1,8878698,CUST-93220,True,0.27,3705.11,49.81
2024-10-07,45909.15,42930.4,2978.75,6.49,51.67,780,1136,14,1219,118,Middle East,Sports,Retail Store,Completed,Medium,2.3,3,0.1321,0.092,98.322,116.8,2,12,3963773,CUST-13040,False,0.0,3672.73,42.84
2024-10-08,9546.7,18858.12,-9311.42,-97.54,117.8,171,1438,7,1354,88,Middle East,Beauty,Wholesale,Completed,Low,4.9,75,0.2143,0.355,99.53,136.1,2,13,2323777,CUST-27581,False,0.0,763.74,6.52
2024-10-09,49185.58,29723.6,19461.98,39.57,14.32,310,4880,13,1196,26,North America,Books,Direct Sales,Completed,High,2.9,11,0.2747,0.667,99.173,174.7,1,12,2550109,CUST-58352,False,0.0,3934.85,36.53
2024-10-10,46535.98,17066.29,29469.69,63.33,360.9,315,3369,15,1792,88,Middle East,Home & Kitchen,Retail Store,Pending,Medium,2.7,84,0.039,0.121,99.08,171.6,2,9,8072934,CUST-55768,False,0.0,3722.88,11.79
2024-10-11,60443.1,28164.94,32278.16,53.4,178.77,11,2654,13,520,51,Europe,Home & Kitchen,Retail Store,Shipped,Medium,1.6,49,0.0747,0.476,99.458,80.0,4,10,8983297,CUST-75401,False,0.0,4835.45,41.6
2024-10-12,77734.34,28011.07,49723.27,63.97,395.46,280,3600,13,946,106,Europe,Home & Kitchen,Direct Sales,Completed,Low,4.4,54,0.0372,0.406,98.546,120.4,4,7,1492516,CUST-14829,False,0.0,6218.75,22.04
2024-10-13,66898.48,35012.91,31885.57,47.66,176.08,430,3962,15,1370,84,Middle East,Home & Kitchen,Wholesale,Completed,Low,1.5,-38,0.3454,0.427,98.149,164.7,1,8,1170498,CUST-26437,False,0.0,5351.88,16.49
2024-10-14,45966.67,30364.51,15602.16,33.94,411.47,152,1867,19,663,29,Latin America,Home & Kitchen,Direct Sales,Completed,Medium,1.4,-97,0.1432,0.943,99.004,82.2,3,10,8110272,CUST-65688,False,0.0,3677.33,9.2
2024-10-15,33402.11,34987.26,-1585.15,-4.75,74.04,709,4808,20,561,95,North America,Beauty,Wholesale,Pending,High,2.8,-11,0.132,0.349,98.604,111.0,4,10,6746304,CUST-13362,False,0.0,2672.17,17.24
2024-10-16,88600.4,35627.52,52972.88,59.79,94.95,873,261,18,835,71,Asia-Pacific,Sports,Online,Completed,Medium,2.7,21,0.4546,0.992,98.513,109.7,1,4,8206684,CUST-64964,False,0.0,7088.03,7.58
2024-10-17,50888.28,47239.43,3648.85,7.17,177.03,862,755,20,1714,149,North America,Beauty,Direct Sales,Cancelled,Critical,4.9,-98,0.3211,0.538,99.997,137.5,1,3,7616840,CUST-62138,False,0.0,4071.06,49.55
2024-10-18,50208.94,27477.63,22731.31,45.27,210.16,969,3106,11,1575,44,North America,Books,Direct Sales,Pending,Low,1.5,-20,0.2625,0.842,98.396,148.1,1,5,1195956,CUST-26856,True,0.09,4016.72,16.85
2024-10-19,49638.12,22471.82,27166.3,54.73,180.86,986,4816,17,1752,34,North America,Sports,Direct Sales,Cancelled,Critical,2.9,67,0.3016,0.349,98.471,160.3,3,1,4553080,CUST-58575,True,0.23,3971.05,18.55
2024-10-20,52971.27,31968.67,21002.6,39.65,384.19,745,3606,11,1275,63,Middle East,Sports,Online,Completed,Medium,1.8,-18,0.2031,0.085,98.668,122.9,3,6,2343371,CUST-28587,False,0.0,4237.7,20.9
2024-10-21,47834.59,23581.76,24252.83,50.7,57.51,888,1356,14,464,32,North America,Apparel,Wholesale,Completed,High,3.8,-19,0.2309,0.084,98.994,83.6,1,12,3588617,CUST-43494,False,0.0,3826.77,24.11
2024-10-22,41395.07,41855.69,-460.62,-1.11,182.1,701,2258,17,663,51,Europe,Books,Online,Pending,Low,2.6,55,0.1136,0.574,99.738,107.6,2,1,9359829,CUST-73865,False,0.0,3311.61,19.98
2024-10-23,41797.12,27734.26,14062.86,33.65,420.25,544,2051,16,1656,121,North America,Home & Kitchen,Direct Sales,Pending,Medium,3.6,16,0.1372,0.93,98.353,83.0,2,12,7356197,CUST-57545,False,0.0,3343.77,31.23
2024-10-24,49508.7,25475.39,24033.31,48.54,42.73,876,849,13,1495,87,Europe,Apparel,Online,Completed,High,2.4,42,0.1367,0.071,99.232,96.1,3,8,1727402,CUST-91555,False,0.0,3960.7,32.46
2024-10-25,41848.63,26229.47,15619.16,37.32,471.75,46,808,14,569,61,Middle East,Sports,Direct Sales,Refunded,High,3.3,-50,0.3299,0.689,98.737,144.8,1,5,3848204,CUST-55722,False,0.0,3347.89,7.04
2024-10-26,39307.31,35747.34,3559.97,9.06,493.3,116,1721,9,723,133,Middle East,Books,Retail Store,Cancelled,Low,2.9,53,0.0574,0.563,99.594,69.8,2,12,4969958,CUST-63990,False,0.0,3144.58,30.32
2024-10-27,51596.45,28738.02,22858.43,44.3,53.4,306,4236,14,1146,33,North America,Apparel,Wholesale,Completed,Low,2.5,-66,0.0219,0.652,99.204,100.7,1,10,7982483,CUST-40432,False,0.0,4127.72,44.22
2024-10-28,46175.34,24866.67,21308.67,46.15,152.72,750,4755,18,394,68,Europe,Sports,Direct Sales,Completed,Medium,3.2,25,0.1335,0.216,99.59,151.2,0,12,6928675,CUST-28777,False,0.0,3694.03,12.05
2024-10-29,72559.89,43322.82,29237.07,40.29,192.48,834,565,17,1100,103,Europe,Beauty,Online,Completed,High,2.5,-21,0.0882,0.071,99.71,144.0,4,7,7861145,CUST-68661,False,0.0,5804.79,19.87
2024-10-30,10235.45,23150.64,-12915.19,-126.18,390.43,106,4095,13,1242,41,Europe,Home & Kitchen,Online,Shipped,Medium,4.2,-86,0.2582,0.075,99.824,91.9,0,4,1010711,CUST-32075,False,0.0,818.84,32.32
2024-10-31,66372.6,30284.53,36088.07,54.37,302.0,290,1200,19,824,132,Europe,Apparel,Online,Pending,Low,3.0,32,0.2484,0.247,99.991,88.5,2,5,5357710,CUST-33446,False,0.0,5309.81,33.12
2024-11-01,68691.28,35218.45,33472.83,48.73,325.74,119,1813,23,1873,139,Asia-Pacific,Electronics,Wholesale,Completed,High,4.6,73,0.2615,0.214,99.238,175.1,2,2,4522361,CUST-28540,False,0.0,5495.3,8.33
2024-11-02,18899.15,16949.32,1949.83,10.32,381.18,558,4685,11,634,94,Middle East,Home & Kitchen,Retail Store,Completed,Medium,1.9,-77,0.0697,0.126,99.275,133.1,4,7,1308391,CUST-15210,False,0.0,1511.93,24.18
2024-11-03,44859.69,33842.08,11017.61,24.56,67.81,561,216,19,1282,91,Europe,Beauty,Wholesale,Completed,Low,1.4,-99,0.0422,0.265,98.281,91.5,5,13,7743595,CUST-67417,False,0.0,3588.78,6.7
2024-11-04,44428.39,21559.14,22869.25,51.47,418.27,606,2581,10,1684,68,Asia-Pacific,Beauty,Retail Store,Completed,Low,2.5,86,0.2609,0.534,98.21,118.6,0,9,1428411,CUST-18631,False,0.0,3554.27,46.77
2024-11-05,28887.32,36582.26,-7694.94,-26.64,355.75,823,295,12,929,22,Asia-Pacific,Books,Online,Completed,Medium,1.7,63,0.0499,0.95,98.975,158.0,2,7,3339134,CUST-74496,True,0.29,2310.99,35.46
2024-11-06,38332.75,22298.79,16033.96,41.83,292.9,197,4814,13,1985,33,Middle East,Sports,Wholesale,Pending,Low,2.6,-56,0.0108,0.922,99.387,88.7,5,4,4996822,CUST-87491,False,0.0,3066.62,9.49
2024-11-07,33341.36,35542.15,-2200.79,-6.6,445.97,761,1574,10,947,118,Latin America,Electronics,Retail Store,Pending,Low,1.8,-6,0.3055,0.272,98.496,88.0,5,13,1022292,CUST-43320,True,0.11,2667.31,34.38
2024-11-08,76284.06,38846.66,37437.4,49.08,353.15,879,2572,22,1616,64,North America,Apparel,Online,Completed,Medium,4.5,-7,0.1237,0.066,98.654,127.7,0,8,7477455,CUST-41073,False,0.0,6102.72,9.44
2024-11-09,64035.18,36891.49,27143.69,42.39,108.83,497,4229,14,897,58,Middle East,Books,Online,Pending,Low,3.3,22,0.082,0.996,99.4,72.7,2,11,3331489,CUST-84645,False,0.0,5122.81,7.53
2024-11-10,69073.33,32010.53,37062.8,53.66,220.58,363,3154,9,1618,76,Latin America,Beauty,Wholesale,Completed,Low,3.0,-64,0.3199,0.476,98.423,96.4,1,11,6920323,CUST-62080,False,0.0,5525.87,14.69
2024-11-11,60825.08,28149.59,32675.49,53.72,252.08,28,1374,15,774,62,North America,Apparel,Retail Store,Completed,Medium,4.2,17,0.1902,0.978,99.043,104.8,0,6,8982381,CUST-39809,False,0.0,4866.01,48.78
2024-11-12,33064.22,25388.64,7675.58,23.21,37.06,868,3809,17,706,40,North America,Beauty,Online,Pending,Medium,1.5,84,0.0139,0.538,99.077,27.0,2,6,3733457,CUST-49873,False,0.0,2645.14,31.06
2024-11-13,42132.2,41768.28,363.92,0.86,477.77,402,438,17,660,149,North America,Beauty,Online,Completed,Low,4.4,-16,0.2124,0.886,99.834,122.9,1,3,4970454,CUST-65323,False,0.0,3370.58,19.64
2024-11-14,57340.62,24404.04,32936.58,57.44,73.0,846,3611,15,1895,84,Asia-Pacific,Electronics,Online,Completed,Low,2.9,39,0.0788,0.447,98.805,141.4,2,13,2983524,CUST-20983,False,0.0,4587.25,7.95
2024-11-15,31668.08,21703.47,9964.61,31.47,351.76,270,4375,11,1383,19,Europe,Home & Kitchen,Direct Sales,Completed,Medium,1.5,21,0.0877,0.622,98.421,188.3,9,12,6495359,CUST-83833,False,0.0,2533.45,5.7
2024-11-16,60694.98,35322.95,25372.03,41.8,258.05,994,4817,12,1073,44,North America,Apparel,Retail Store,Completed,Low,4.3,62,0.2424,0.536,98.348,140.9,1,11,2597519,CUST-35303,True,0.06,4855.6,45.24
2024-11-17,46395.12,23630.91,22764.21,49.07,22.56,419,3399,16,996,85,Europe,Electronics,Retail Store,Shipped,Medium,2.8,49,0.0186,0.22,98.586,84.1,3,2,4577561,CUST-57909,False,0.0,3711.61,26.62
2024-11-18,44377.69,22399.49,21978.2,49.53,463.13,412,1756,18,229,55,North America,Sports,Direct Sales,Completed,Critical,3.4,16,0.2372,0.764,98.558,104.2,3,3,1401625,CUST-59511,False,0.0,3550.22,9.11
2024-11-19,60664.4,18451.17,42213.23,69.58,427.4,679,742,9,696,145,Asia-Pacific,Beauty,Online,Completed,Medium,4.6,-29,0.0981,0.055,99.5,185.1,3,11,7710353,CUST-84562,False,0.0,4853.15,29.53
2024-11-20,56663.95,26136.72,30527.23,53.87,266.89,493,1780,24,487,101,North America,Beauty,Direct Sales,Shipped,Low,4.6,54,0.0459,0.362,99.187,135.9,3,12,1932530,CUST-71881,False,0.0,4533.12,7.94
2024-11-21,44585.51,29338.28,15247.23,34.2,122.18,313,1450,13,1550,147,Middle East,Electronics,Direct Sales,Completed,Low,4.6,-1,0.1336,0.87,99.365,156.7,1,7,4714835,CUST-11769,False,0.0,3566.84,23.24
2024-11-22,67389.95,31944.73,35445.22,52.6,69.6,633,718,19,444,121,Latin America,Sports,Direct Sales,Completed,Low,2.7,-94,0.0606,0.503,99.261,99.9,2,3,9675231,CUST-22452,False,0.0,5391.2,45.99
2024-11-23,33784.05,37610.45,-3826.4,-11.33,188.06,665,1269,13,1775,137,North America,Apparel,Retail Store,Completed,Low,4.0,-98,0.061,0.078,98.962,112.4,2,7,5809802,CUST-69852,False,0.0,2702.72,46.68
2024-11-24,59239.03,34215.18,25023.85,42.24,135.16,777,351,14,1615,6,Latin America,Beauty,Online,Cancelled,Low,1.9,-97,0.1825,0.208,99.857,117.6,2,3,6316961,CUST-42334,True,0.22,4739.12,47.86
2024-11-25,58896.52,28473.02,30423.5,51.66,258.28,976,401,15,643,119,Latin America,Sports,Online,Pending,Low,4.3,-93,0.0734,0.11,99.635,152.2,1,4,3536204,CUST-12100,False,0.0,4711.72,11.42
2024-11-26,45356.8,28414.43,16942.37,37.35,483.54,27,3241,10,106,82,Asia-Pacific,Apparel,Retail Store,Completed,High,2.4,-56,0.0979,0.278,98.422,105.0,0,11,9797683,CUST-45916,True,0.24,3628.54,13.25
2024-11-27,54892.0,34081.26,20810.74,37.91,291.73,193,1666,23,1247,97,Latin America,Electronics,Retail Store,Pending,High,2.9,100,0.0244,0.165,98.847,141.1,2,5,6989702,CUST-12515,True,0.13,4391.36,43.29
2024-11-28,31233.3,40180.56,-8947.26,-28.65,446.07,414,3264,16,1793,81,Asia-Pacific,Beauty,Direct Sales,Completed,Medium,4.6,47,0.1853,0.712,98.576,120.0,4,2,2470816,CUST-64278,False,0.0,2498.66,9.61
2024-11-29,63860.41,31010.51,32849.9,51.44,328.93,808,4057,16,375,64,North America,Books,Direct Sales,Completed,Low,4.2,32,0.1447,0.659,99.491,77.5,1,5,3879642,CUST-70838,False,0.0,5108.83,5.56
2024-11-30,47226.47,26246.95,20979.52,44.42,242.87,906,2310,12,371,100,Europe,Books,Wholesale,Pending,High,4.8,73,0.2877,0.135,98.689,119.9,2,11,7136231,CUST-11854,True,0.28,3778.12,36.46
2024-12-01,42159.15,22057.07,20102.08,47.68,428.76,140,3252,18,232,102,Asia-Pacific,Beauty,Wholesale,Completed,Low,2.5,-32,0.1861,0.445,99.28,158.6,1,10,6149637,CUST-89533,True,0.16,3372.73,24.96
2024-12-02,65735.14,18438.36,47296.78,71.95,240.97,488,3759,10,284,60,Latin America,Home & Kitchen,Retail Store,Pending,Low,1.6,-66,0.1776,0.296,98.584,120.2,2,6,8886236,CUST-50159,False,0.0,5258.81,41.16
2024-12-03,39434.84,35330.16,4104.68,10.41,435.63,802,711,17,668,122,Latin America,Beauty,Direct Sales,Completed,Low,4.6,92,0.0632,0.337,98.343,108.5,2,9,1495517,CUST-58270,False,0.0,3154.79,11.98
2024-12-04,28873.08,34623.83,-5750.75,-19.92,152.87,766,2043,15,1259,123,North America,Beauty,Retail Store,Completed,Medium,3.0,42,0.1496,0.576,98.018,169.8,0,10,4000022,CUST-50452,True,0.22,2309.85,24.66
2024-12-05,26650.56,34618.91,-7968.35,-29.9,73.12,17,173,14,315,42,Asia-Pacific,Beauty,Direct Sales,Completed,Low,4.6,-84,0.0858,0.899,99.989,133.6,2,4,2420066,CUST-10258,False,0.0,2132.04,41.76
2024-12-06,59090.15,28970.72,30119.43,50.97,429.1,714,2973,12,1717,106,North America,Electronics,Direct Sales,Completed,Low,3.9,-25,0.1721,0.897,98.439,71.6,4,10,7802783,CUST-75072,False,0.0,4727.21,16.64
2024-12-07,30793.56,41255.48,-10461.92,-33.97,297.83,327,4737,15,1058,55,Asia-Pacific,Beauty,Retail Store,Completed,Low,4.5,73,0.1401,0.413,99.664,109.9,2,5,5481517,CUST-93801,True,0.05,2463.48,26.2
2024-12-08,76321.91,26127.05,50194.86,65.77,445.66,400,256,17,891,131,Europe,Beauty,Retail Store,Completed,High,3.6,88,0.0903,0.393,99.644,129.4,0,4,4482948,CUST-55858,False,0.0,6105.75,33.0
2024-12-09,18771.06,37642.15,-18871.09,-100.53,469.54,528,3658,7,378,107,Middle East,Electronics,Online,Pending,Low,4.2,70,0.1657,0.518,98.472,128.2,1,5,7559950,CUST-69557,False,0.0,1501.68,37.4
2024-12-10,75446.85,29690.06,45756.79,60.65,36.28,145,355,11,1903,133,North America,Beauty,Online,Completed,Low,1.5,21,0.3447,0.474,98.831,137.9,4,13,6514433,CUST-14051,False,0.0,6035.75,28.51
2024-12-11,53165.26,25133.19,28032.07,52.73,255.47,540,3210,16,1438,89,Latin America,Books,Wholesale,Completed,Medium,4.9,-22,0.0701,0.062,99.672,114.4,3,1,7461110,CUST-55631,True,0.17,4253.22,37.53
2024-12-12,48549.3,34740.24,13809.06,28.44,193.73,922,1151,13,732,107,North America,Books,Retail Store,Completed,Low,1.7,-10,0.0865,0.579,99.38,112.6,3,11,7728734,CUST-36527,True,0.08,3883.94,38.88
2024-12-13,41826.21,33277.09,8549.12,20.44,316.67,660,2517,19,1883,22,Asia-Pacific,Sports,Wholesale,Completed,Medium,1.1,13,0.1077,0.585,98.74,120.5,0,8,9025056,CUST-99856,False,0.0,3346.1,42.5
2024-12-14,55987.04,32855.78,23131.26,41.32,398.86,376,2356,11,73,31,North America,Beauty,Retail Store,Shipped,Low,3.1,-79,0.3026,0.45,99.898,147.8,3,9,2774221,CUST-93580,False,0.0,4478.96,45.86
2024-12-15,49435.48,30650.23,18785.25,38.0,147.49,498,2734,23,1334,96,Europe,Electronics,Retail Store,Completed,Medium,3.8,36,0.0578,0.414,98.685,96.0,2,3,7826205,CUST-31551,False,0.0,3954.84,36.63
2024-12-16,66549.53,29696.86,36852.67,55.38,282.83,698,2996,12,1428,76,Asia-Pacific,Beauty,Retail Store,Shipped,Medium,3.9,-54,0.0387,0.939,98.424,117.5,2,13,6250145,CUST-70694,False,0.0,5323.96,45.37
2024-12-17,51713.41,49106.98,2606.43,5.04,357.28,20,1991,18,245,99,Latin America,Beauty,Online,Pending,High,2.4,-98,0.3984,0.601,98.293,128.7,2,10,6724592,CUST-85920,False,0.0,4137.07,7.73
2024-12-18,52254.53,39474.05,12780.48,24.46,75.87,562,3783,16,660,80,Latin America,Sports,Wholesale,Completed,Low,4.0,79,0.4232,0.816,99.403,101.2,0,3,3085916,CUST-21228,False,0.0,4180.36,10.85
2024-12-19,44545.82,35782.62,8763.2,19.67,408.89,455,4511,13,1563,10,Asia-Pacific,Apparel,Retail Store,Cancelled,Medium,4.4,-70,0.2137,0.954,98.058,136.2,5,9,7810444,CUST-89797,True,0.29,3563.67,23.2
2024-12-20,49145.82,30894.39,18251.43,37.14,306.99,123,3564,14,1961,94,Europe,Sports,Wholesale,Pending,Critical,3.4,-88,0.3466,0.81,99.692,132.2,1,12,8054896,CUST-82652,False,0.0,3931.67,12.49
2024-12-21,54617.03,38057.26,16559.77,30.32,475.27,701,2591,15,1406,84,North America,Home & Kitchen,Wholesale,Cancelled,Medium,2.5,-99,0.1913,0.943,98.608,47.6,0,9,2973738,CUST-59467,True,0.24,4369.36,20.18
2024-12-22,24347.47,34143.96,-9796.49,-40.24,176.37,715,3839,17,662,87,Middle East,Electronics,Online,Completed,Critical,3.5,10,0.2076,0.759,98.74,121.2,1,13,9447419,CUST-13838,False,0.0,1947.8,44.76
2024-12-23,29777.22,30209.64,-432.42,-1.45,62.99,205,1875,15,1937,86,Latin America,Home & Kitchen,Online,Completed,High,4.4,-94,0.1975,0.17,99.604,169.6,5,7,7745255,CUST-72273,True,0.16,2382.18,10.52
2024-12-24,61148.96,27571.49,33577.47,54.91,258.19,869,4036,8,681,49,Europe,Apparel,Retail Store,Completed,Medium,4.6,-72,0.2065,0.227,99.628,172.4,1,5,5789664,CUST-18264,False,0.0,4891.92,33.6
2024-12-25,52562.98,29352.66,23210.32,44.16,52.05,746,2070,16,370,75,Europe,Home & Kitchen,Direct Sales,Completed,Low,1.1,31,0.3867,0.194,98.8,143.9,4,1,3907622,CUST-12133,True,0.14,4205.04,15.3
2024-12-26,47240.25,4636.59,42603.66,90.19,485.07,852,3819,11,1520,11,Europe,Beauty,Wholesale,Cancelled,High,1.5,31,0.2461,0.322,99.108,164.5,2,9,1972812,CUST-13089,False,0.0,3779.22,27.13
2024-12-27,50276.51,31684.81,18591.7,36.98,28.96,332,4053,11,1450,148,North America,Books,Online,Pending,Medium,1.0,-13,0.2577,0.355,99.358,114.6,2,12,5657177,CUST-40586,True,0.27,4022.12,22.82
2024-12-28,55213.73,26092.19,29121.54,52.74,379.22,945,2592,8,252,130,Europe,Electronics,Wholesale,Pending,Medium,3.0,48,0.0514,0.811,99.377,139.9,2,6,1357002,CUST-78881,True,0.3,4417.1,43.9
2024-12-29,41903.6,42741.36,-837.76,-2.0,267.3,782,4765,16,1163,62,Europe,Electronics,Direct Sales,Cancelled,Medium,2.7,72,0.1343,0.361,99.068,125.7,3,3,1998742,CUST-41826,False,0.0,3352.29,29.25
2024-12-30,38325.43,30154.75,8170.68,21.32,190.62,521,748,20,1780,61,Asia-Pacific,Beauty,Wholesale,Refunded,Medium,3.2,26,0.1083,0.727,99.688,143.4,1,5,4365799,CUST-78972,False,0.0,3066.03,41.97
2024-12-31,52937.68,20488.29,32449.39,61.3,42.26,637,1740,15,226,115,Asia-Pacific,Sports,Retail Store,Completed,Medium,3.7,55,0.3618,0.904,99.683,184.6,1,11,4408084,CUST-30581,True,0.06,4235.01,23.63
2025-01-01,35324.41,29600.96,5723.45,16.2,314.86,990,4534,18,676,146,Europe,Home & Kitchen,Wholesale,Pending,Medium,2.5,-93,0.153,0.115,99.698,155.1,0,13,6840166,CUST-74798,False,0.0,2825.95,34.78
2025-01-02,56123.79,21631.03,34492.76,61.46,296.76,671,628,19,1918,60,Europe,Electronics,Online,Completed,Low,1.8,-59,0.136,0.0,98.536,108.0,4,13,9576721,CUST-16428,True,0.13,4489.9,45.91
2025-01-03,24461.25,33787.26,-9326.01,-38.13,147.63,639,2201,16,81,16,Asia-Pacific,Sports,Retail Store,Completed,High,2.6,44,0.1859,0.889,98.514,175.3,0,9,3431434,CUST-64103,True,0.16,1956.9,11.69
2025-01-04,65437.33,32327.58,33109.75,50.6,456.01,174,518,15,1953,97,North America,Apparel,Retail Store,Refunded,High,1.0,36,0.238,0.238,98.28,128.7,2,1,2389008,CUST-73584,False,0.0,5234.99,30.21
2025-01-05,57088.96,37662.72,19426.24,34.03,159.01,261,2452,9,995,19,Asia-Pacific,Apparel,Direct Sales,Shipped,Medium,4.3,88,0.1019,0.153,99.653,142.8,4,10,7554480,CUST-15842,False,0.0,4567.12,33.44
2025-01-06,53840.45,23672.95,30167.5,56.03,230.37,788,3609,22,776,12,Asia-Pacific,Home & Kitchen,Retail Store,Pending,Low,2.5,-17,0.2197,0.295,98.121,111.7,1,1,6943849,CUST-43022,False,0.0,4307.24,32.77
2025-01-07,64740.36,30272.06,34468.3,53.24,276.44,53,184,21,1003,57,Asia-Pacific,Apparel,Online,Completed,Low,3.5,-32,0.1369,0.186,98.271,145.8,1,10,1886912,CUST-93535,False,0.0,5179.23,29.81
2025-01-08,74982.12,19079.83,55902.29,74.55,59.11,479,2399,18,869,141,Asia-Pacific,Books,Direct Sales,Pending,Low,2.3,-2,0.3928,0.794,99.852,134.0,1,13,8624002,CUST-93122,False,0.0,5998.57,40.76
2025-01-09,65215.55,35611.96,29603.59,45.39,466.76,498,1851,10,840,96,Middle East,Beauty,Retail Store,Completed,Low,3.5,-60,0.1085,0.635,98.25,159.6,0,4,9382359,CUST-77103,True,0.19,5217.24,7.64
2025-01-10,22386.89,34150.97,-11764.08,-52.55,193.52,190,4321,19,292,11,Latin America,Electronics,Direct Sales,Completed,Low,3.2,56,0.0939,0.167,98.243,102.4,2,6,5127654,CUST-37412,True,0.19,1790.95,34.83
2025-01-11,30806.35,33966.44,-3160.09,-10.26,49.58,86,2757,15,1871,48,North America,Sports,Wholesale,Completed,Low,1.8,-47,0.1624,0.584,99.818,153.3,1,3,3626257,CUST-91821,True,0.16,2464.51,44.88
2025-01-12,40627.72,30012.95,10614.77,26.13,199.77,383,4075,12,119,18,North America,Beauty,Retail Store,Completed,Low,3.5,59,0.1187,0.208,98.62,34.6,2,3,5764085,CUST-63510,False,0.0,3250.22,46.17
2025-01-13,50391.37,33318.18,17073.19,33.88,304.1,637,2451,16,1064,79,Europe,Home & Kitchen,Online,Completed,Medium,1.4,92,0.1952,0.198,99.763,98.4,1,4,1300140,CUST-43419,False,0.0,4031.31,12.99
2025-01-14,57764.89,42834.71,14930.18,25.85,261.69,966,3199,15,1144,119,Middle East,Beauty,Online,Pending,Critical,2.9,20,0.1833,0.595,98.755,72.9,5,12,1314343,CUST-36298,False,0.0,4621.19,32.08
2025-01-15,39113.84,27719.25,11394.59,29.13,350.33,76,1389,13,1696,96,Europe,Electronics,Retail Store,Completed,Low,3.9,-58,0.4225,0.665,98.747,131.8,0,1,2343407,CUST-45163,False,0.0,3129.11,17.61
2025-01-16,52801.5,31109.16,21692.34,41.08,37.19,534,3223,15,207,138,North America,Sports,Wholesale,Shipped,Medium,3.2,-32,0.1248,0.346,98.27,153.6,1,5,9691731,CUST-99101,False,0.0,4224.12,37.53
2025-01-17,38669.26,21310.99,17358.27,44.89,149.42,101,2802,13,598,77,North America,Electronics,Direct Sales,Completed,Critical,4.0,14,0.0329,0.763,99.837,119.7,0,8,4124097,CUST-58454,False,0.0,3093.54,8.58
2025-01-18,40827.23,23053.91,17773.32,43.53,411.42,767,743,15,1889,134,Europe,Home & Kitchen,Online,Completed,High,2.1,-1,0.1266,0.837,99.523,167.5,2,6,8373447,CUST-75174,False,0.0,3266.18,10.58
2025-01-19,28900.08,30782.51,-1882.43,-6.51,49.15,788,3005,17,375,35,Latin America,Electronics,Online,Completed,Low,1.2,-85,0.1749,0.916,98.451,92.9,0,3,6905217,CUST-74531,False,0.0,2312.01,35.26
2025-01-20,36151.5,38831.47,-2679.97,-7.41,429.19,660,4167,15,1108,130,Europe,Apparel,Direct Sales,Shipped,Low,1.2,48,0.2308,0.626,99.456,70.9,6,4,9577706,CUST-12553,False,0.0,2892.12,29.66
2025-01-21,29724.73,27949.75,1774.98,5.97,55.03,862,4163,21,1553,123,Latin America,Sports,Direct Sales,Shipped,Low,2.1,60,0.0328,0.22,98.207,145.3,3,5,1191313,CUST-92170,False,0.0,2377.98,45.32
2025-01-22,35361.9,28112.67,7249.23,20.5,418.88,253,4769,20,509,31,Latin America,Sports,Online,Completed,Low,2.6,53,0.1475,0.748,99.048,161.0,1,11,4492092,CUST-42388,False,0.0,2828.95,6.27
2025-01-23,65804.63,26744.92,39059.71,59.36,186.79,350,3022,20,1909,114,Asia-Pacific,Beauty,Direct Sales,Completed,Medium,3.2,30,0.301,0.108,98.509,123.7,1,5,1745716,CUST-62108,True,0.15,5264.37,36.57
2025-01-24,35759.02,25721.95,10037.07,28.07,309.98,912,2121,17,465,110,North America,Books,Retail Store,Pending,Low,4.0,-78,0.0591,0.181,99.701,183.8,1,2,4084407,CUST-16324,False,0.0,2860.72,37.14
2025-01-25,89485.73,32359.77,57125.96,63.84,84.91,794,3724,10,620,124,Asia-Pacific,Books,Online,Completed,Medium,4.4,-12,0.3361,0.833,99.022,137.8,3,3,7070473,CUST-25490,False,0.0,7158.86,42.32
2025-01-26,57399.77,18021.94,39377.83,68.6,42.42,313,2970,17,935,86,North America,Books,Online,Completed,Low,3.8,81,0.1066,0.911,99.842,133.9,2,10,8584194,CUST-25409,False,0.0,4591.98,39.68
2025-01-27,52772.54,40247.52,12525.02,23.73,115.81,407,3218,18,1492,56,Asia-Pacific,Home & Kitchen,Online,Completed,Medium,2.9,-17,0.1548,0.067,99.17,104.9,1,8,3718507,CUST-28541,False,0.0,4221.8,28.35
2025-01-28,37124.63,24676.62,12448.01,33.53,72.65,712,236,18,560,18,Latin America,Books,Retail Store,Completed,Low,2.1,-54,0.1475,0.312,99.008,74.4,1,13,7352673,CUST-40278,False,0.0,2969.97,17.91
2025-01-29,60504.65,35775.23,24729.42,40.87,163.08,457,4325,18,417,24,Asia-Pacific,Sports,Online,Completed,Medium,2.7,17,0.1934,0.629,99.388,110.7,5,1,8130885,CUST-86759,False,0.0,4840.37,22.74
2025-01-30,41365.43,19840.01,21525.42,52.04,262.05,106,1318,16,961,122,Middle East,Sports,Direct Sales,Completed,Medium,2.1,63,0.3,0.939,99.568,175.3,6,4,2992242,CUST-99018,False,0.0,3309.23,28.52
2025-01-31,51830.15,35350.72,16479.43,31.8,298.49,340,1117,13,1960,56,Asia-Pacific,Beauty,Online,Completed,Medium,3.5,-66,0.3047,0.571,98.031,126.7,4,2,3746602,CUST-20260,True,0.18,4146.41,5.2
2025-02-01,88401.27,35375.56,53025.71,59.98,397.04,214,3800,14,932,105,Asia-Pacific,Electronics,Retail Store,Completed,Low,4.3,70,0.1018,0.821,99.045,106.3,1,9,4481295,CUST-40099,True,0.07,7072.1,9.07
2025-02-02,48559.1,33073.62,15485.48,31.89,331.56,458,4627,9,256,44,Asia-Pacific,Apparel,Retail Store,Completed,Low,3.1,60,0.0511,0.923,99.551,88.3,5,11,7369103,CUST-75257,True,0.1,3884.73,29.4
2025-02-03,67239.1,22044.57,45194.53,67.21,308.29,427,3240,16,1434,72,Middle East,Books,Wholesale,Cancelled,Low,1.2,-96,0.0422,0.519,98.815,138.9,4,12,7451388,CUST-62656,False,0.0,5379.13,49.81
2025-02-04,39452.35,31996.39,7455.96,18.9,211.77,658,3629,18,1509,48,North America,Books,Online,Completed,Medium,4.8,-97,0.1261,0.74,98.09,80.6,6,13,5076353,CUST-25823,False,0.0,3156.19,21.94
2025-02-05,49475.17,20535.55,28939.62,58.49,242.17,86,2687,17,627,138,Asia-Pacific,Books,Retail Store,Completed,Low,2.2,-43,0.0685,0.662,98.035,132.5,0,7,5945167,CUST-98352,False,0.0,3958.01,40.94
2025-02-06,76562.01,27977.89,48584.12,63.46,213.12,905,2482,18,1847,91,North America,Apparel,Wholesale,Completed,Medium,4.7,79,0.2547,0.671,99.588,103.9,2,6,6256583,CUST-85385,True,0.13,6124.96,22.19
2025-02-07,40595.49,38235.3,2360.19,5.81,422.66,558,2705,13,1343,124,Europe,Beauty,Online,Completed,Low,4.3,99,0.289,0.517,98.396,110.9,2,4,8602798,CUST-18132,False,0.0,3247.64,10.6
2025-02-08,77186.73,36373.62,40813.11,52.88,122.7,807,3187,19,1306,61,Latin America,Books,Retail Store,Pending,Low,2.7,6,0.2313,0.623,98.35,142.5,2,1,9306458,CUST-70171,False,0.0,6174.94,42.89
2025-02-09,60616.28,30121.46,30494.82,50.31,12.8,434,3627,19,718,76,Europe,Electronics,Retail Store,Completed,Medium,1.2,77,0.4755,0.554,98.579,86.8,2,9,1092831,CUST-60567,False,0.0,4849.3,34.59
2025-02-10,41563.0,22201.55,19361.45,46.58,329.15,438,2657,20,155,56,Middle East,Home & Kitchen,Online,Shipped,Medium,4.8,54,0.2038,0.638,98.204,120.2,3,3,2917780,CUST-44134,True,0.24,3325.04,10.97
2025-02-11,59486.12,35164.7,24321.42,40.89,109.21,494,308,17,715,15,Middle East,Apparel,Online,Shipped,Low,3.6,37,0.335,0.505,98.107,66.5,5,13,1214258,CUST-87487,False,0.0,4758.89,24.62
2025-02-12,64588.32,30155.05,34433.27,53.31,446.16,824,3910,11,1091,9,North America,Beauty,Wholesale,Shipped,Medium,2.0,22,0.1363,0.222,99.745,116.0,1,3,8162692,CUST-90578,True,0.05,5167.07,15.14
2025-02-13,59327.15,11437.48,47889.67,80.72,430.93,144,4253,16,1568,135,North America,Sports,Online,Completed,Medium,3.1,-39,0.194,0.694,98.606,137.4,2,6,5865629,CUST-38664,False,0.0,4746.17,35.0
2025-02-14,26446.63,36261.04,-9814.41,-37.11,47.6,663,2107,11,309,147,Asia-Pacific,Electronics,Online,Completed,Low,3.5,21,0.164,0.384,99.165,147.7,4,13,1147683,CUST-52533,False,0.0,2115.73,25.9
2025-02-15,39092.94,29806.14,9286.8,23.76,62.13,263,2963,10,1558,134,Europe,Apparel,Direct Sales,Completed,Low,1.9,47,0.1624,0.128,99.716,159.7,2,6,1526422,CUST-98195,True,0.1,3127.44,18.43
2025-02-16,46287.22,39619.61,6667.61,14.4,252.63,569,3476,11,362,6,North America,Sports,Online,Pending,Medium,1.4,-69,0.1582,0.851,99.955,143.1,2,11,8189279,CUST-97942,False,0.0,3702.98,30.04
2025-02-17,48883.5,21237.84,27645.66,56.55,308.52,264,1468,16,680,98,North America,Apparel,Retail Store,Completed,Critical,2.1,-53,0.0761,0.181,99.377,105.8,3,4,4648183,CUST-97892,False,0.0,3910.68,45.74
2025-02-18,59310.08,4586.37,54723.71,92.27,144.71,655,3900,16,1894,131,North America,Home & Kitchen,Wholesale,Shipped,Low,1.2,76,0.2799,0.541,99.9,56.6,6,5,7762771,CUST-94331,False,0.0,4744.81,23.68
2025-02-19,52665.52,32232.67,20432.85,38.8,361.23,811,1137,14,1175,130,Latin America,Home & Kitchen,Wholesale,Completed,Medium,1.3,-75,0.2516,0.721,98.847,154.7,4,5,2729153,CUST-40537,False,0.0,4213.24,48.47
2025-02-20,29969.83,32332.51,-2362.68,-7.88,301.51,729,4572,15,586,45,North America,Sports,Wholesale,Completed,High,1.6,21,0.1309,0.648,99.579,101.6,3,13,6939630,CUST-43759,False,0.0,2397.59,37.03
2025-02-21,55702.97,16474.63,39228.34,70.42,169.16,508,2390,15,1253,34,Latin America,Sports,Retail Store,Completed,Medium,1.6,62,0.0695,0.161,99.875,69.4,1,11,6567060,CUST-73448,True,0.19,4456.24,32.12
2025-02-22,59158.79,22172.0,36986.79,62.52,22.43,622,1092,18,1583,48,Middle East,Beauty,Online,Completed,Low,2.0,-73,0.0225,0.194,98.106,185.5,3,6,3417647,CUST-49892,False,0.0,4732.7,7.69
2025-02-23,58396.86,52041.74,6355.12,10.88,377.57,493,3038,20,1550,14,Asia-Pacific,Books,Retail Store,Completed,Medium,4.7,-36,0.0342,0.149,98.635,117.9,3,3,1945317,CUST-75618,False,0.0,4671.75,41.45
2025-02-24,66211.71,27555.12,38656.59,58.38,115.23,55,4610,21,723,34,Europe,Sports,Direct Sales,Completed,Low,3.3,18,0.1253,0.073,99.481,137.1,4,11,3590959,CUST-90186,True,0.16,5296.94,35.26
2025-02-25,62508.83,35847.67,26661.16,42.65,418.89,452,493,17,1473,79,North America,Home & Kitchen,Wholesale,Completed,Low,2.7,53,0.0262,0.283,98.631,128.0,0,9,9005681,CUST-68107,False,0.0,5000.71,10.71
2025-02-26,56887.7,24794.72,32092.98,56.41,215.94,591,3786,15,399,53,Latin America,Beauty,Online,Pending,Low,3.3,85,0.0616,0.524,98.034,119.5,2,7,8888147,CUST-69399,False,0.0,4551.02,5.48
2025-02-27,48947.51,13277.58,35669.93,72.87,292.77,657,4924,16,264,149,North America,Apparel,Online,Completed,Low,1.0,-95,0.221,0.173,99.614,106.5,3,4,8024213,CUST-12492,False,0.0,3915.8,47.11
2025-02-28,25085.59,28637.93,-3552.34,-14.16,437.74,801,457,16,1456,74,North America,Books,Wholesale,Completed,Low,4.6,-51,0.1604,0.971,98.329,99.6,0,3,3975248,CUST-61312,False,0.0,2006.85,13.93
2025-03-01,56444.27,27875.16,28569.11,50.61,433.18,588,4104,14,1197,30,Latin America,Electronics,Direct Sales,Completed,Medium,3.1,-52,0.025,0.699,98.642,197.9,1,12,5678449,CUST-72055,False,0.0,4515.54,23.99
2025-03-02,53115.32,26800.97,26314.35,49.54,192.04,13,1281,10,1365,104,North America,Apparel,Direct Sales,Cancelled,Critical,2.8,85,0.0777,0.583,99.821,69.0,3,10,5300609,CUST-17473,True,0.25,4249.23,23.85
2025-03-03,54073.68,29082.87,24990.81,46.22,112.36,745,2165,20,1741,137,Europe,Beauty,Online,Completed,Low,4.8,-55,0.2142,0.681,98.418,104.8,4,7,1233534,CUST-93834,True,0.15,4325.89,8.87
2025-03-04,30848.77,32114.15,-1265.38,-4.1,389.82,10,4002,18,1778,115,Middle East,Electronics,Retail Store,Refunded,Low,3.9,-11,0.0269,0.436,99.79,88.8,4,11,2915726,CUST-76643,False,0.0,2467.9,41.19
2025-03-05,33784.15,28799.06,4985.09,14.76,222.21,299,3518,14,377,18,Asia-Pacific,Apparel,Wholesale,Completed,Medium,2.3,48,0.4052,0.47,98.845,138.1,3,5,5203888,CUST-69143,False,0.0,2702.73,32.16
2025-03-06,65797.29,19887.95,45909.34,69.77,104.1,118,3229,10,1638,55,North America,Home & Kitchen,Retail Store,Refunded,Medium,4.7,-5,0.0701,0.889,99.836,105.5,2,13,2231240,CUST-67487,True,0.28,5263.78,29.08
2025-03-07,49406.67,33889.48,15517.19,31.41,453.17,786,254,16,1755,19,Latin America,Beauty,Online,Completed,Medium,4.4,-76,0.1047,0.722,99.754,102.5,4,2,7343072,CUST-30271,False,0.0,3952.53,43.83
2025-03-08,60222.51,14405.03,45817.48,76.08,107.07,584,3658,15,896,132,Europe,Electronics,Wholesale,Completed,Medium,4.8,-5,0.1013,0.588,98.83,142.5,0,6,6482115,CUST-61255,False,0.0,4817.8,45.96
2025-03-09,50424.78,13597.14,36827.64,73.03,22.65,469,1654,11,147,144,North America,Sports,Direct Sales,Pending,High,1.4,24,0.1199,0.95,99.844,187.7,3,3,9592064,CUST-48299,False,0.0,4033.98,10.79
2025-03-10,50446.34,35913.44,14532.9,28.81,19.94,275,586,17,708,50,Middle East,Home & Kitchen,Direct Sales,Refunded,Low,4.8,4,0.2224,0.663,99.265,90.9,2,13,9399047,CUST-47577,False,0.0,4035.71,35.94
2025-03-11,64074.26,34056.16,30018.1,46.85,314.93,147,1482,15,349,76,Middle East,Sports,Direct Sales,Shipped,Low,3.2,-38,0.1147,0.399,98.951,65.7,0,7,8990108,CUST-59772,False,0.0,5125.94,17.07
2025-03-12,42259.33,29540.84,12718.49,30.1,334.22,443,2515,16,79,99,Latin America,Sports,Online,Completed,Low,3.7,-18,0.3166,0.047,99.061,122.2,4,13,8634923,CUST-16164,False,0.0,3380.75,40.12
2025-03-13,51441.81,18836.41,32605.4,63.38,162.41,53,1170,22,1147,33,North America,Electronics,Direct Sales,Completed,Medium,1.8,-35,0.3425,0.391,98.127,149.3,3,10,5104807,CUST-18821,False,0.0,4115.34,10.26
2025-03-14,43065.87,24336.71,18729.16,43.49,166.81,895,2354,11,221,136,North America,Books,Wholesale,Completed,High,1.6,62,0.1708,0.925,99.615,112.5,0,5,5449398,CUST-49524,True,0.19,3445.27,13.46
2025-03-15,43482.56,27898.03,15584.53,35.84,176.35,519,1606,10,1067,29,North America,Books,Wholesale,Completed,High,1.3,-21,0.2046,0.045,98.585,142.2,2,7,3100088,CUST-83003,False,0.0,3478.6,14.58
2025-03-16,45362.42,17232.85,28129.57,62.01,343.28,953,1975,16,1958,36,Middle East,Beauty,Wholesale,Completed,High,2.7,-68,0.1532,0.185,98.54,100.8,3,4,9260061,CUST-82526,True,0.11,3628.99,33.04
2025-03-17,53332.01,24087.77,29244.24,54.83,38.49,992,2290,16,972,104,North America,Electronics,Wholesale,Completed,Low,1.9,-51,0.1467,0.809,99.431,203.7,2,12,8876478,CUST-60728,False,0.0,4266.56,35.06
2025-03-18,42818.77,35218.64,7600.13,17.75,465.27,271,1170,16,133,41,North America,Books,Direct Sales,Completed,Medium,1.3,51,0.2219,0.365,98.742,141.5,2,1,8279471,CUST-94258,True,0.24,3425.5,46.34
2025-03-19,68836.34,41418.44,27417.9,39.83,119.04,737,290,16,1034,130,North America,Apparel,Wholesale,Shipped,Low,4.8,-6,0.2079,0.186,99.028,103.0,1,1,1210831,CUST-31559,False,0.0,5506.91,8.34
2025-03-20,36580.89,26644.52,9936.37,27.16,499.84,642,239,18,1658,142,North America,Apparel,Online,Completed,High,3.9,50,0.1774,0.816,98.843,93.7,1,7,9971169,CUST-81798,True,0.27,2926.47,35.79
2025-03-21,47196.93,36051.91,11145.02,23.61,94.05,161,4810,15,1817,104,Latin America,Books,Wholesale,Completed,Low,3.1,-20,0.2771,0.558,99.009,129.5,2,11,5307262,CUST-93412,False,0.0,3775.75,5.56
2025-03-22,43404.03,14687.52,28716.51,66.16,388.06,222,4110,13,1363,31,Middle East,Sports,Direct Sales,Completed,Low,4.0,-4,0.3457,0.548,98.444,143.6,1,9,3884656,CUST-23712,False,0.0,3472.32,27.92
2025-03-23,71704.67,35275.61,36429.06,50.8,119.47,243,3511,9,688,139,Asia-Pacific,Sports,Direct Sales,Completed,High,3.4,-64,0.0852,0.294,99.77,74.2,4,13,2946191,CUST-15913,False,0.0,5736.37,25.72
2025-03-24,52948.32,23568.41,29379.91,55.49,49.61,872,3072,19,134,103,Latin America,Books,Retail Store,Completed,Medium,1.7,-1,0.1658,0.675,99.22,120.4,4,6,1754997,CUST-77902,False,0.0,4235.87,7.03
2025-03-25,65477.67,32458.76,33018.91,50.43,438.72,632,1614,13,1327,141,North America,Beauty,Wholesale,Completed,High,3.5,-38,0.0806,0.862,98.467,146.0,2,13,7911956,CUST-62937,True,0.21,5238.21,13.41
2025-03-26,27716.59,28017.98,-301.39,-1.09,430.79,963,3220,9,713,40,Asia-Pacific,Sports,Direct Sales,Cancelled,Low,3.7,83,0.0792,0.75,98.183,131.7,1,3,5354575,CUST-60814,False,0.0,2217.33,41.08
2025-03-27,54005.75,40563.31,13442.44,24.89,207.75,370,4070,20,1897,122,Europe,Beauty,Retail Store,Completed,High,1.9,-38,0.1976,0.612,99.071,141.8,2,9,4640061,CUST-74159,False,0.0,4320.46,18.68
2025-03-28,63344.46,23004.51,40339.95,63.68,354.17,329,4819,17,568,23,Asia-Pacific,Apparel,Online,Completed,Medium,2.3,-82,0.3293,0.351,98.936,172.2,0,9,2298722,CUST-95763,False,0.0,5067.56,26.69
2025-03-29,51234.26,35020.85,16213.41,31.65,282.96,231,3624,15,1525,59,Latin America,Home & Kitchen,Wholesale,Completed,Medium,2.5,48,0.0625,0.855,99.865,11.2,0,13,3741283,CUST-17420,False,0.0,4098.74,22.74
2025-03-30,65982.21,27763.94,38218.27,57.92,427.95,961,1445,18,1380,88,Middle East,Electronics,Direct Sales,Completed,Medium,3.4,-62,0.2519,0.566,98.461,127.6,1,12,1773712,CUST-98585,False,0.0,5278.58,13.35
2025-03-31,42240.67,28733.56,13507.11,31.98,164.38,747,4282,12,1721,10,Latin America,Home & Kitchen,Direct Sales,Completed,High,1.5,3,0.0606,0.89,99.763,37.7,3,1,4959460,CUST-33526,True,0.2,3379.25,47.34
2025-04-01,71140.21,28529.17,42611.04,59.9,266.6,219,2017,20,233,127,Middle East,Beauty,Wholesale,Completed,Medium,4.0,-18,0.2401,0.254,99.533,118.4,4,10,3118690,CUST-27847,False,0.0,5691.22,7.38
2025-04-02,84483.47,23234.62,61248.85,72.5,247.83,405,4477,12,1022,111,Middle East,Sports,Retail Store,Completed,Low,2.4,99,0.1809,0.654,98.953,165.5,3,5,9744118,CUST-96511,False,0.0,6758.68,25.8
2025-04-03,44557.42,29887.21,14670.21,32.92,183.41,940,4010,20,1387,92,Middle East,Home & Kitchen,Wholesale,Pending,Medium,3.8,53,0.0814,0.935,99.748,115.5,0,3,1594565,CUST-25394,False,0.0,3564.59,20.14
2025-04-04,43317.46,29498.81,13818.65,31.9,446.81,592,552,23,390,66,Europe,Beauty,Online,Shipped,Medium,4.7,4,0.2106,0.374,99.724,87.3,2,9,4668288,CUST-37168,True,0.24,3465.4,35.0
2025-04-05,71800.77,31929.92,39870.85,55.53,91.28,498,4242,17,276,148,Asia-Pacific,Home & Kitchen,Online,Completed,Low,4.5,78,0.1013,0.951,99.429,148.9,1,7,4331250,CUST-89896,False,0.0,5744.06,34.11
2025-04-06,73693.58,30676.04,43017.54,58.37,83.26,881,1711,18,886,145,Latin America,Apparel,Wholesale,Pending,Low,4.0,-41,0.0469,0.392,98.203,124.9,2,4,3142920,CUST-55230,False,0.0,5895.49,36.35
2025-04-07,42157.1,36383.96,5773.14,13.69,292.69,610,3267,15,1829,124,Latin America,Beauty,Retail Store,Completed,Medium,1.8,-19,0.4954,0.438,98.32,126.6,3,5,2660001,CUST-94974,True,0.24,3372.57,27.46
2025-04-08,43697.2,37388.07,6309.13,14.44,332.17,783,2178,10,313,41,Middle East,Apparel,Online,Completed,Low,3.9,-9,0.3102,0.806,99.183,195.5,0,9,2665048,CUST-98586,False,0.0,3495.78,9.98
2025-04-09,45773.23,21595.01,24178.22,52.82,105.36,970,2681,23,499,129,Europe,Home & Kitchen,Wholesale,Completed,Low,3.5,21,0.0759,0.261,98.491,67.3,2,12,8744592,CUST-30001,True,0.1,3661.86,27.65
2025-04-10,29833.24,36950.18,-7116.94,-23.86,201.45,887,2164,11,1324,21,Europe,Books,Retail Store,Completed,High,4.1,23,0.122,0.706,99.102,97.7,2,4,2443589,CUST-48051,True,0.09,2386.66,44.57
2025-04-11,36220.22,20509.31,15710.91,43.38,473.82,473,1358,15,1481,20,North America,Books,Retail Store,Completed,Low,4.5,-4,0.1231,0.298,99.122,133.2,0,7,8183409,CUST-39072,False,0.0,2897.62,19.79
2025-04-12,34937.89,34702.85,235.04,0.67,130.84,709,4587,17,219,133,Europe,Electronics,Direct Sales,Pending,Low,2.2,33,0.1289,0.594,99.174,162.7,2,5,1379744,CUST-28639,False,0.0,2795.03,44.88
2025-04-13,38483.04,34957.91,3525.13,9.16,337.5,633,453,13,615,89,Middle East,Books,Online,Pending,Medium,3.6,34,0.186,0.776,99.14,86.4,2,1,7419746,CUST-69673,False,0.0,3078.64,36.63
2025-04-14,49479.73,14709.46,34770.27,70.27,372.67,461,4500,8,1985,129,Middle East,Electronics,Wholesale,Shipped,Medium,2.1,87,0.6302,0.026,98.759,105.6,0,11,5366788,CUST-33249,False,0.0,3958.38,47.68
2025-04-15,53513.22,30743.83,22769.39,42.55,229.58,422,3736,18,181,5,Asia-Pacific,Home & Kitchen,Online,Completed,Low,2.4,88,0.1495,0.088,98.42,117.6,3,1,9256581,CUST-49636,False,0.0,4281.06,26.97
2025-04-16,73257.51,26252.03,47005.48,64.16,469.39,943,1663,17,876,34,Middle East,Electronics,Retail Store,Completed,High,3.1,32,0.094,0.934,99.037,114.7,1,6,6675403,CUST-40318,True,0.07,5860.6,17.55
2025-04-17,35024.69,23929.88,11094.81,31.68,370.96,760,811,17,655,28,Asia-Pacific,Electronics,Direct Sales,Completed,Medium,2.7,-10,0.1614,0.816,98.99,144.4,2,2,1924246,CUST-85246,False,0.0,2801.98,8.3
2025-04-18,64764.84,40806.82,23958.02,36.99,234.38,485,3602,11,1119,50,Europe,Electronics,Online,Cancelled,Low,3.4,35,0.0665,0.877,98.55,118.2,1,11,5353200,CUST-19430,False,0.0,5181.19,5.37
2025-04-19,46790.17,24770.57,22019.6,47.06,288.97,265,2832,17,399,6,North America,Apparel,Wholesale,Shipped,Low,4.0,1,0.2123,0.439,98.102,142.7,2,5,6084266,CUST-14771,False,0.0,3743.21,45.69
2025-04-20,49258.04,23548.98,25709.06,52.19,349.38,159,4981,22,148,147,Latin America,Electronics,Online,Shipped,Medium,3.4,60,0.0825,0.716,98.411,77.9,1,2,8137886,CUST-11732,True,0.06,3940.64,30.4
2025-04-21,60122.29,30605.56,29516.73,49.09,300.17,136,956,12,1819,33,Middle East,Sports,Retail Store,Completed,Low,4.9,84,0.0884,0.998,99.102,125.1,2,10,9805333,CUST-49270,False,0.0,4809.78,9.83
2025-04-22,33159.17,35484.72,-2325.55,-7.01,440.56,401,4372,15,1854,103,Europe,Beauty,Direct Sales,Completed,High,4.0,39,0.1019,0.433,99.071,121.2,1,1,9024209,CUST-70588,False,0.0,2652.73,20.8
2025-04-23,55736.15,28866.81,26869.34,48.21,184.88,840,1529,13,1110,66,Middle East,Home & Kitchen,Online,Completed,Low,4.9,0,0.2604,0.847,98.267,149.5,3,8,7468119,CUST-95463,True,0.29,4458.89,31.34
2025-04-24,52496.78,39330.96,13165.82,25.08,156.94,489,2592,21,1511,17,Asia-Pacific,Apparel,Retail Store,Shipped,Medium,4.0,24,0.1142,0.079,99.212,208.2,1,4,7316069,CUST-13851,True,0.26,4199.74,46.49
2025-04-25,57386.77,34247.81,23138.96,40.32,114.78,406,3298,18,1058,69,Europe,Beauty,Retail Store,Shipped,High,3.0,-64,0.0103,0.544,98.845,153.5,0,10,9169512,CUST-52578,True,0.19,4590.94,38.36
2025-04-26,54337.53,12574.31,41763.22,76.86,28.51,932,3520,21,124,49,Latin America,Home & Kitchen,Direct Sales,Completed,High,2.6,42,0.1075,0.333,99.307,95.4,2,13,2190433,CUST-61936,False,0.0,4347.0,23.85
2025-04-27,86829.5,25764.26,61065.24,70.33,31.08,411,2168,15,107,51,Asia-Pacific,Apparel,Retail Store,Completed,Low,3.9,-84,0.1229,0.523,99.776,142.2,1,5,2458243,CUST-17673,False,0.0,6946.36,6.79
2025-04-28,40433.9,25505.26,14928.64,36.92,436.33,283,4906,18,1092,20,Europe,Home & Kitchen,Online,Pending,Medium,3.7,-64,0.2549,0.114,98.617,118.2,4,6,3077897,CUST-84661,True,0.28,3234.71,33.87
2025-04-29,42035.05,33834.89,8200.16,19.51,342.41,854,3591,20,451,130,Latin America,Books,Wholesale,Completed,Low,3.7,78,0.0603,0.368,98.695,108.1,1,6,3774855,CUST-75996,False,0.0,3362.8,21.4
2025-04-30,40652.89,9001.46,31651.43,77.86,333.66,991,251,18,237,111,Asia-Pacific,Home & Kitchen,Direct Sales,Shipped,High,3.9,56,0.1998,0.077,99.354,101.5,1,4,4988058,CUST-19943,False,0.0,3252.23,8.15
2025-05-01,41667.84,50392.08,-8724.24,-20.94,311.17,967,3331,12,1986,7,Latin America,Books,Retail Store,Completed,Medium,4.5,-98,0.1537,0.453,99.898,99.6,0,2,6905086,CUST-51981,False,0.0,3333.43,42.37
2025-05-02,40439.19,34248.21,6190.98,15.31,426.12,919,3006,14,188,108,Europe,Books,Online,Completed,Low,1.9,53,0.1368,0.442,98.972,79.9,3,12,3273053,CUST-60406,True,0.19,3235.14,47.14
2025-05-03,67835.25,31191.01,36644.24,54.02,245.33,148,3651,15,192,99,Asia-Pacific,Sports,Direct Sales,Pending,Medium,3.3,3,0.1674,0.33,98.339,74.7,4,2,2004866,CUST-44370,False,0.0,5426.82,28.67
2025-05-04,71307.56,39452.54,31855.02,44.67,436.5,112,1566,11,157,137,North America,Home & Kitchen,Retail Store,Pending,Low,3.4,20,0.1423,0.948,99.87,142.9,3,1,3583078,CUST-89860,False,0.0,5704.6,10.22
2025-05-05,41438.81,48749.23,-7310.42,-17.64,186.13,251,4291,14,270,96,Middle East,Books,Online,Completed,Low,2.2,-56,0.0549,0.083,98.94,107.5,2,5,7242716,CUST-59739,True,0.24,3315.1,23.11
2025-05-06,37514.67,36965.97,548.7,1.46,464.09,126,3523,17,194,19,North America,Sports,Retail Store,Cancelled,Medium,5.0,33,0.1906,0.825,98.921,126.4,2,6,3410463,CUST-93428,False,0.0,3001.17,8.48
2025-05-07,57071.23,37590.5,19480.73,34.13,352.34,223,4157,15,907,41,Latin America,Apparel,Online,Refunded,Low,4.1,-2,0.0906,0.355,99.08,89.6,0,12,4485993,CUST-16803,False,0.0,4565.7,41.08
2025-05-08,41716.65,31045.52,10671.13,25.58,136.02,493,3025,13,559,74,Europe,Books,Retail Store,Completed,Critical,2.3,81,0.3025,0.199,98.505,140.3,0,10,3444976,CUST-24375,True,0.08,3337.33,29.35
2025-05-09,59493.98,28867.79,30626.19,51.48,286.4,538,3765,12,425,143,Middle East,Electronics,Direct Sales,Completed,Low,2.4,46,0.101,0.273,99.569,95.4,3,2,9573527,CUST-15262,False,0.0,4759.52,22.7
2025-05-10,53043.85,26193.64,26850.21,50.62,271.18,700,4835,14,54,104,Europe,Apparel,Direct Sales,Completed,Medium,3.9,-88,0.1245,0.902,99.282,73.1,3,3,7343003,CUST-51568,False,0.0,4243.51,37.85
2025-05-11,27263.84,23391.1,3872.74,14.2,77.57,233,3530,12,437,88,Latin America,Sports,Direct Sales,Completed,High,1.0,-44,0.1398,0.825,99.91,174.9,1,11,6068306,CUST-83409,False,0.0,2181.11,42.66
2025-05-12,73212.58,24503.89,48708.69,66.53,299.71,279,1256,9,617,95,Europe,Apparel,Retail Store,Cancelled,Low,2.9,-28,0.1794,0.016,98.408,127.3,3,3,3658460,CUST-25457,False,0.0,5857.01,40.23
2025-05-13,76938.17,19195.55,57742.62,75.05,164.24,834,4307,18,1840,37,Asia-Pacific,Apparel,Retail Store,Completed,Low,2.4,-18,0.0406,0.147,99.238,109.1,0,11,5744143,CUST-82794,False,0.0,6155.05,41.95
2025-05-14,40808.17,29393.03,11415.14,27.97,35.65,870,3508,13,1033,125,Asia-Pacific,Electronics,Direct Sales,Completed,Low,4.4,-16,0.2982,0.675,99.033,113.3,2,11,3653154,CUST-75356,False,0.0,3264.65,44.06
2025-05-15,44184.48,16522.66,27661.82,62.61,474.84,143,1261,19,1807,34,Latin America,Electronics,Direct Sales,Cancelled,High,4.2,84,0.1394,0.317,99.79,107.4,2,7,8227601,CUST-89028,True,0.16,3534.76,26.07
2025-05-16,54287.98,31527.33,22760.65,41.93,324.33,123,1359,7,1945,38,Europe,Electronics,Wholesale,Completed,High,2.3,73,0.0601,0.919,98.061,137.3,2,8,4132295,CUST-23277,False,0.0,4343.04,34.67
2025-05-17,55016.85,29709.36,25307.49,46.0,439.69,450,4190,24,609,137,Latin America,Electronics,Online,Pending,Low,4.5,-89,0.3341,0.787,99.522,65.8,4,11,3822444,CUST-33551,False,0.0,4401.35,31.57
2025-05-18,59878.16,31175.48,28702.68,47.94,341.27,653,2941,15,1889,144,Middle East,Sports,Wholesale,Completed,Low,4.7,56,0.4684,0.875,99.246,56.8,2,13,5054562,CUST-53351,False,0.0,4790.25,10.75
2025-05-19,80153.07,25822.95,54330.12,67.78,184.92,660,3302,14,1236,80,Europe,Electronics,Online,Refunded,High,3.2,-4,0.4294,0.193,99.215,123.9,2,2,8058832,CUST-16840,True,0.07,6412.25,15.75
2025-05-20,47345.79,54614.88,-7269.09,-15.35,261.22,374,3081,17,1821,79,Asia-Pacific,Sports,Retail Store,Shipped,Medium,1.6,-36,0.0753,0.151,99.751,59.0,1,5,5999626,CUST-93008,False,0.0,3787.66,12.73
2025-05-21,38025.54,40880.93,-2855.39,-7.51,341.12,241,3654,11,1833,56,North America,Sports,Online,Cancelled,Medium,4.1,-52,0.0455,0.932,99.18,53.3,3,7,6841893,CUST-45058,False,0.0,3042.04,34.21
2025-05-22,29310.21,20043.66,9266.55,31.62,480.52,467,3572,13,414,55,Asia-Pacific,Beauty,Online,Cancelled,Medium,2.3,26,0.0898,0.404,99.432,151.6,1,8,8748501,CUST-41653,False,0.0,2344.82,43.85
2025-05-23,39036.05,31862.94,7173.11,18.38,134.3,384,1324,18,466,62,Europe,Beauty,Retail Store,Completed,High,3.1,31,0.1923,0.416,99.291,125.8,5,10,5026451,CUST-32886,True,0.28,3122.88,39.13
2025-05-24,49503.1,25135.95,24367.15,49.22,438.74,613,4487,16,1582,102,Europe,Electronics,Retail Store,Completed,High,1.2,-73,0.273,0.685,98.139,126.3,4,3,5920739,CUST-43325,False,0.0,3960.25,21.98
2025-05-25,76918.37,21884.16,55034.21,71.55,462.8,788,2489,17,1685,129,Europe,Sports,Retail Store,Pending,High,3.0,-51,0.0971,0.397,98.226,80.8,0,6,1161725,CUST-92202,False,0.0,6153.47,34.62
2025-05-26,42235.83,19279.42,22956.41,54.35,338.5,620,1114,17,70,97,Europe,Apparel,Direct Sales,Shipped,High,2.5,-89,0.1178,0.875,98.677,168.7,1,9,1591649,CUST-48401,True,0.25,3378.87,23.45
2025-05-27,53356.82,33457.73,19899.09,37.29,466.32,216,4780,12,663,138,Middle East,Books,Direct Sales,Completed,High,3.7,-18,0.0342,0.959,99.351,155.2,1,4,4217941,CUST-52258,False,0.0,4268.55,17.35
2025-05-28,49753.66,24548.96,25204.7,50.66,204.96,529,2126,21,566,41,North America,Books,Online,Cancelled,Low,1.2,-83,0.0819,0.333,98.053,72.4,1,6,8007097,CUST-77441,False,0.0,3980.29,45.21
2025-05-29,67825.9,37742.61,30083.29,44.35,476.98,477,3813,17,1270,142,Asia-Pacific,Beauty,Retail Store,Completed,Low,3.5,6,0.3103,0.208,99.545,116.2,2,4,8588067,CUST-89498,True,0.24,5426.07,14.21
2025-05-30,87903.99,37950.26,49953.73,56.83,354.36,891,1592,16,710,60,Middle East,Electronics,Direct Sales,Shipped,High,4.1,10,0.1737,0.075,98.406,105.7,2,5,7104055,CUST-26878,True,0.28,7032.32,33.55
2025-05-31,42036.97,40991.32,1045.65,2.49,30.58,452,4222,15,1418,87,Latin America,Home & Kitchen,Retail Store,Completed,Low,1.1,10,0.1377,0.214,99.119,118.4,3,3,4906965,CUST-60488,False,0.0,3362.96,38.78
2025-06-01,42658.41,23180.91,19477.5,45.66,454.37,926,1800,10,379,75,Europe,Books,Online,Completed,High,4.0,33,0.3323,0.139,98.402,158.1,1,13,7425730,CUST-17968,False,0.0,3412.67,32.83
2025-06-02,65662.41,33802.92,31859.49,48.52,247.39,330,554,10,427,70,Asia-Pacific,Sports,Direct Sales,Completed,High,1.5,-33,0.0463,0.029,98.352,106.7,2,4,3535041,CUST-47931,False,0.0,5252.99,10.4
2025-06-03,60228.37,35059.63,25168.74,41.79,235.56,102,1017,13,1284,49,Latin America,Sports,Direct Sales,Completed,Medium,3.8,-25,0.1108,0.047,98.668,154.4,0,3,4702425,CUST-34808,False,0.0,4818.27,17.13
2025-06-04,77700.61,26206.57,51494.04,66.27,287.57,417,113,16,209,91,North America,Books,Wholesale,Completed,Low,2.8,-78,0.0361,0.509,99.843,59.4,2,4,4321855,CUST-97569,True,0.22,6216.05,5.66
2025-06-05,58758.92,23825.82,34933.1,59.45,83.2,167,4474,9,707,99,Asia-Pacific,Apparel,Online,Completed,Low,3.2,55,0.3739,0.708,98.476,98.5,1,6,4132344,CUST-55936,False,0.0,4700.71,39.14
2025-06-06,44610.62,42876.17,1734.45,3.89,239.89,881,589,13,1643,148,Middle East,Books,Direct Sales,Completed,Low,2.3,-61,0.0805,0.983,98.097,105.9,1,2,7666831,CUST-24222,False,0.0,3568.85,13.33
2025-06-07,58859.82,31819.97,27039.85,45.94,417.25,108,1084,12,403,14,Latin America,Beauty,Online,Pending,Medium,2.0,-3,0.0801,0.156,99.764,101.1,2,12,3087466,CUST-67008,False,0.0,4708.79,43.53
2025-06-08,66630.55,35087.74,31542.81,47.34,17.59,234,1060,15,1313,144,Asia-Pacific,Electronics,Online,Completed,Low,1.3,-53,0.1447,0.698,98.878,120.9,2,10,7420625,CUST-32230,True,0.08,5330.44,12.45
2025-06-09,62307.23,23423.39,38883.84,62.41,143.73,861,1882,18,128,17,Middle East,Electronics,Retail Store,Completed,High,4.5,61,0.0171,0.554,99.242,125.5,2,1,7585374,CUST-44107,False,0.0,4984.58,21.73
2025-06-10,57609.11,20245.72,37363.39,64.86,11.2,450,1969,13,201,85,Europe,Sports,Online,Cancelled,Low,3.4,-9,0.2672,0.478,99.772,128.1,4,8,5624512,CUST-92017,False,0.0,4608.73,11.4
2025-06-11,66000.12,25444.4,40555.72,61.45,213.7,729,3404,17,566,121,Asia-Pacific,Books,Wholesale,Shipped,High,4.9,89,0.1678,0.722,99.511,151.0,0,3,5149559,CUST-43197,False,0.0,5280.01,28.97
2025-06-12,67539.43,29007.83,38531.6,57.05,366.87,594,2744,14,432,142,Europe,Home & Kitchen,Direct Sales,Completed,Low,4.4,85,0.4014,0.239,99.593,145.7,4,4,9203853,CUST-91384,True,0.23,5403.15,31.72
2025-06-13,70732.38,21486.24,49246.14,69.62,401.4,410,4445,14,742,126,Latin America,Beauty,Online,Shipped,Medium,4.5,61,0.0745,0.311,98.96,67.4,3,4,4476015,CUST-61175,False,0.0,5658.59,15.28
2025-06-14,59730.65,29921.24,29809.41,49.91,473.14,580,4935,15,401,145,Latin America,Sports,Online,Refunded,Low,3.4,-44,0.1962,0.385,99.375,125.2,2,4,9691847,CUST-32917,False,0.0,4778.45,23.33
2025-06-15,47493.23,16491.96,31001.27,65.28,308.17,808,3768,14,1274,63,Latin America,Books,Retail Store,Cancelled,Low,1.3,-72,0.0913,0.182,99.928,98.6,1,8,6592385,CUST-37215,False,0.0,3799.46,10.27
2025-06-16,52200.71,21039.62,31161.09,59.69,134.77,73,4501,7,1000,132,Europe,Beauty,Retail Store,Shipped,Medium,4.7,-11,0.2735,0.479,99.78,148.7,2,4,9211972,CUST-85109,False,0.0,4176.06,40.45
2025-06-17,68097.63,35367.29,32730.34,48.06,462.83,777,1925,6,182,53,Europe,Home & Kitchen,Wholesale,Pending,High,1.5,23,0.1486,0.132,99.225,165.3,4,3,5921637,CUST-68515,True,0.08,5447.81,40.4
2025-06-18,37745.96,34830.32,2915.64,7.72,389.9,569,3407,16,683,10,Middle East,Sports,Online,Completed,Low,3.1,79,0.0957,0.318,98.171,149.5,2,12,6284995,CUST-74283,False,0.0,3019.68,16.63
2025-06-19,55530.1,26864.99,28665.11,51.62,291.47,288,3462,10,218,16,Asia-Pacific,Beauty,Online,Pending,Low,4.4,-3,0.0661,0.113,99.959,186.7,2,6,9299686,CUST-27663,True,0.24,4442.41,16.89
2025-06-20,44099.92,21857.89,22242.03,50.44,350.86,719,3210,15,915,33,Middle East,Sports,Online,Pending,Medium,2.9,-93,0.2329,0.036,98.451,146.4,3,13,6511516,CUST-34422,False,0.0,3527.99,32.43
2025-06-21,50431.17,21780.77,28650.4,56.81,462.92,679,2865,17,440,81,Europe,Beauty,Online,Completed,High,1.7,-8,0.113,0.355,98.722,155.0,3,2,6847295,CUST-54207,False,0.0,4034.49,32.4
2025-06-22,69176.78,27013.85,42162.93,60.95,359.07,832,4378,15,1931,128,Asia-Pacific,Beauty,Direct Sales,Completed,Low,2.5,6,0.1085,0.618,98.281,92.2,2,10,1439205,CUST-91460,True,0.15,5534.14,38.0
2025-06-23,52866.49,35156.15,17710.34,33.5,190.5,528,3870,15,1458,30,Latin America,Sports,Online,Completed,Low,5.0,3,0.1279,0.152,98.333,119.1,2,12,5797917,CUST-79612,True,0.23,4229.32,9.34
2025-06-24,50696.55,37425.97,13270.58,26.18,359.38,257,2792,15,869,72,Middle East,Electronics,Online,Pending,Low,5.0,43,0.0214,0.993,99.592,144.1,6,9,4281262,CUST-12490,False,0.0,4055.72,35.24
2025-06-25,29602.16,26027.75,3574.41,12.07,29.74,377,129,16,147,20,Middle East,Home & Kitchen,Direct Sales,Completed,Low,3.8,-9,0.2345,0.274,98.257,130.1,0,13,4009211,CUST-85519,False,0.0,2368.17,38.1
2025-06-26,61193.8,20772.06,40421.74,66.06,199.34,753,866,15,1867,57,Middle East,Sports,Retail Store,Completed,Low,4.6,57,0.043,0.023,98.379,88.0,2,5,3105227,CUST-74847,True,0.22,4895.5,17.55
2025-06-27,59682.26,32142.75,27539.51,46.14,209.1,627,714,15,1450,74,Europe,Electronics,Wholesale,Shipped,Low,1.2,-14,0.1424,0.028,98.343,87.7,2,7,8754343,CUST-41755,False,0.0,4774.58,16.62
2025-06-28,82448.82,23411.72,59037.1,71.6,91.75,980,1104,17,1041,9,Asia-Pacific,Apparel,Online,Completed,Medium,2.1,-8,0.12,0.667,98.74,56.6,0,1,2174383,CUST-19215,False,0.0,6595.91,34.91
2025-06-29,45383.33,25853.98,19529.35,43.03,21.31,107,2221,25,829,134,Latin America,Books,Direct Sales,Refunded,Medium,2.5,-17,0.102,0.67,99.389,133.0,1,2,5340282,CUST-37777,True,0.09,3630.67,10.25
2025-06-30,53287.25,40602.21,12685.04,23.81,75.36,277,3226,15,1911,134,Europe,Sports,Online,Completed,Low,1.0,-20,0.0817,0.903,99.288,83.9,3,3,7363502,CUST-96187,False,0.0,4262.98,29.37
2025-07-01,53740.76,36616.92,17123.84,31.86,330.76,69,3109,22,389,7,Latin America,Electronics,Retail Store,Completed,Medium,2.5,53,0.1779,0.091,99.449,143.5,3,4,1867650,CUST-78193,False,0.0,4299.26,27.58
2025-07-02,73661.8,31263.79,42398.01,57.56,403.12,509,3919,10,1604,99,North America,Sports,Direct Sales,Completed,Low,1.4,84,0.2537,0.376,99.454,145.3,4,10,9475791,CUST-60590,True,0.26,5892.94,35.26
2025-07-03,48570.57,19824.65,28745.92,59.18,494.22,317,123,17,181,47,North America,Sports,Direct Sales,Completed,Low,3.1,-62,0.2564,0.889,98.006,127.8,2,3,6522161,CUST-16478,True,0.09,3885.65,32.28
2025-07-04,54185.32,31691.17,22494.15,41.51,179.72,502,4159,20,1681,137,Latin America,Sports,Direct Sales,Completed,Low,1.0,-68,0.0646,0.798,99.369,133.8,1,2,6567449,CUST-92051,False,0.0,4334.83,41.65
2025-07-05,59118.45,38501.26,20617.19,34.87,303.7,420,3193,24,259,14,North America,Beauty,Online,Shipped,Low,2.1,-23,0.1729,0.233,99.369,155.6,6,6,9619825,CUST-49597,False,0.0,4729.48,7.74
2025-07-06,52799.14,26994.93,25804.21,48.87,469.2,149,3010,17,1078,28,Asia-Pacific,Apparel,Retail Store,Pending,High,4.5,-70,0.0627,0.89,98.124,160.3,1,1,4104370,CUST-90031,False,0.0,4223.93,34.1
2025-07-07,43303.5,40808.91,2494.59,5.76,91.85,918,2070,8,426,26,Asia-Pacific,Home & Kitchen,Wholesale,Shipped,Low,1.9,-80,0.0689,0.681,98.854,41.9,1,8,5371179,CUST-47200,True,0.1,3464.28,37.29
2025-07-08,52911.35,40341.96,12569.39,23.76,361.65,337,1638,9,689,93,Europe,Home & Kitchen,Direct Sales,Completed,High,1.3,77,0.1696,0.264,98.157,144.7,0,1,7370619,CUST-36092,False,0.0,4232.91,40.66
2025-07-09,66104.48,43309.86,22794.62,34.48,379.94,473,3241,15,1127,7,Latin America,Sports,Online,Completed,Medium,2.0,27,0.071,0.045,98.382,137.0,0,10,5705447,CUST-37046,True,0.16,5288.36,21.66
2025-07-10,34602.27,32441.95,2160.32,6.24,53.6,711,4867,20,1571,148,Europe,Electronics,Wholesale,Completed,Medium,4.3,33,0.0647,0.497,98.98,130.4,1,2,3061654,CUST-53739,False,0.0,2768.18,18.16
2025-07-11,51994.55,34699.13,17295.42,33.26,432.01,646,4069,17,1271,116,Asia-Pacific,Sports,Direct Sales,Completed,Medium,3.3,87,0.0625,0.713,98.024,136.6,1,3,2659317,CUST-73939,True,0.17,4159.56,34.91
2025-07-12,39498.19,41313.5,-1815.31,-4.6,408.42,934,3024,13,490,8,Asia-Pacific,Beauty,Online,Pending,Low,3.3,-11,0.1466,0.269,98.19,109.0,1,4,6373054,CUST-12971,False,0.0,3159.86,28.18
2025-07-13,67925.7,33579.15,34346.55,50.56,26.37,172,670,13,1791,111,Asia-Pacific,Beauty,Wholesale,Completed,Low,1.0,100,0.1898,0.169,98.17,36.1,2,5,3168002,CUST-77468,True,0.17,5434.06,21.93
2025-07-14,27152.2,25990.13,1162.07,4.28,54.63,69,4959,16,1253,44,Middle East,Sports,Wholesale,Cancelled,Low,2.9,40,0.4427,0.075,98.249,98.8,2,4,5328826,CUST-89835,False,0.0,2172.18,38.53
2025-07-15,41616.17,26411.66,15204.51,36.54,34.07,934,1342,19,290,20,North America,Home & Kitchen,Direct Sales,Pending,Medium,2.1,-43,0.0412,0.842,98.1,56.0,2,6,4254951,CUST-99338,True,0.09,3329.29,26.65
2025-07-16,55658.18,31908.44,23749.74,42.67,174.02,40,812,17,1859,109,Europe,Beauty,Online,Shipped,Medium,2.3,71,0.1291,0.055,99.224,62.2,4,3,4495817,CUST-85064,False,0.0,4452.65,25.61
2025-07-17,73482.86,19675.51,53807.35,73.22,259.55,342,4962,18,1393,76,Europe,Books,Wholesale,Pending,Medium,3.4,-69,0.0811,0.609,98.357,157.4,6,8,1589110,CUST-77943,False,0.0,5878.63,21.13
2025-07-18,49013.75,28853.93,20159.82,41.13,270.85,85,1393,14,550,92,Asia-Pacific,Electronics,Retail Store,Completed,Low,4.5,-42,0.0972,0.763,99.725,100.9,2,11,7908255,CUST-22567,False,0.0,3921.1,7.21
2025-07-19,41672.01,38772.38,2899.63,6.96,141.16,764,2966,18,1723,20,Middle East,Electronics,Retail Store,Pending,Critical,1.7,2,0.3393,0.78,99.77,129.4,4,2,8947336,CUST-63256,False,0.0,3333.76,42.51
2025-07-20,78217.36,12469.97,65747.39,84.06,456.68,326,1774,15,72,122,Europe,Beauty,Wholesale,Completed,Low,4.1,-20,0.2882,0.654,99.382,120.2,3,9,8003582,CUST-42774,False,0.0,6257.39,20.42
2025-07-21,28279.79,42275.86,-13996.07,-49.49,190.45,779,3763,18,681,95,Europe,Home & Kitchen,Direct Sales,Completed,Low,1.2,72,0.2238,0.653,98.13,166.9,3,7,7675516,CUST-45940,True,0.24,2262.38,24.65
2025-07-22,17017.91,38978.99,-21961.08,-129.05,32.32,426,1459,15,1700,24,Middle East,Sports,Direct Sales,Completed,High,2.3,82,0.071,0.474,99.783,122.6,2,8,8488237,CUST-16499,False,0.0,1361.43,10.31
2025-07-23,56600.22,26321.88,30278.34,53.5,157.11,977,735,18,1066,88,Asia-Pacific,Books,Direct Sales,Completed,Low,1.9,76,0.4396,0.417,98.837,99.1,2,6,7295105,CUST-23077,False,0.0,4528.02,32.62
2025-07-24,42469.19,34347.13,8122.06,19.12,270.24,199,1309,17,1667,87,Middle East,Books,Wholesale,Completed,Critical,4.7,-40,0.3086,0.137,98.362,171.8,2,5,9621386,CUST-98194,False,0.0,3397.54,31.75
2025-07-25,34681.51,30025.18,4656.33,13.43,210.03,498,2712,22,1781,130,North America,Sports,Direct Sales,Completed,Low,1.7,-61,0.0279,0.535,99.558,102.5,2,12,5006391,CUST-94551,False,0.0,2774.52,18.69
2025-07-26,60625.35,39839.92,20785.43,34.29,144.18,898,1397,16,1253,55,Europe,Books,Direct Sales,Completed,Low,3.3,-19,0.348,0.071,98.693,134.6,1,5,2520665,CUST-12051,True,0.18,4850.03,21.12
2025-07-27,53657.01,37861.47,15795.54,29.44,74.35,324,457,16,1937,22,North America,Apparel,Retail Store,Shipped,Low,1.7,61,0.1779,0.468,99.012,137.4,1,12,6210639,CUST-80634,False,0.0,4292.56,38.71
2025-07-28,41538.82,18799.43,22739.39,54.74,411.39,305,340,16,224,85,Europe,Beauty,Online,Completed,Medium,2.9,12,0.2664,0.731,99.486,76.5,0,7,6986000,CUST-61369,True,0.25,3323.11,29.04
2025-07-29,30795.43,34698.1,-3902.67,-12.67,498.11,510,2704,16,247,101,North America,Books,Retail Store,Completed,Medium,2.7,-12,0.3721,0.443,98.202,152.2,1,4,8446999,CUST-97169,True,0.2,2463.63,16.25
2025-07-30,63086.86,28354.98,34731.88,55.05,171.48,186,4164,21,1611,121,Europe,Beauty,Wholesale,Completed,Low,1.2,-89,0.1833,0.508,98.339,167.4,3,1,6504137,CUST-86589,True,0.16,5046.95,30.37
2025-07-31,59753.02,30662.66,29090.36,48.68,196.99,809,1926,8,1527,128,Asia-Pacific,Home & Kitchen,Retail Store,Shipped,Low,4.3,42,0.2884,0.842,99.937,80.3,2,6,6209785,CUST-10615,False,0.0,4780.24,44.37
2025-08-01,48512.36,24174.62,24337.74,50.17,312.84,815,3658,12,148,32,Latin America,Home & Kitchen,Online,Completed,Low,4.1,6,0.1342,0.647,99.427,121.0,1,5,5847359,CUST-75029,False,0.0,3880.99,49.85
2025-08-02,77699.55,43985.1,33714.45,43.39,362.04,869,3960,14,794,93,Middle East,Sports,Retail Store,Completed,Low,2.1,-92,0.3005,0.128,98.462,166.9,3,7,1091759,CUST-37192,False,0.0,6215.96,9.08
2025-08-03,33948.73,38320.49,-4371.76,-12.88,202.09,728,4351,21,1500,145,Europe,Home & Kitchen,Direct Sales,Completed,High,3.5,47,0.2329,0.543,99.148,63.1,3,1,2675391,CUST-61797,False,0.0,2715.9,25.15
2025-08-04,27117.12,24081.83,3035.29,11.19,453.42,224,4547,12,502,10,Middle East,Apparel,Online,Shipped,Low,2.5,-12,0.2191,0.365,98.376,142.0,2,7,3756136,CUST-32146,False,0.0,2169.37,25.11
2025-08-05,39621.38,19323.12,20298.26,51.23,284.4,865,4239,11,1264,110,Europe,Home & Kitchen,Wholesale,Completed,High,4.1,10,0.2,0.207,99.731,76.3,0,11,8586091,CUST-47193,True,0.15,3169.71,47.47
2025-08-06,49316.21,26914.62,22401.59,45.42,230.69,662,237,24,1023,123,Latin America,Beauty,Retail Store,Completed,Low,3.8,-52,0.0847,0.648,98.897,108.8,1,10,4660580,CUST-77671,False,0.0,3945.3,46.41
2025-08-07,53650.09,33476.02,20174.07,37.6,326.87,606,3834,11,1651,141,Asia-Pacific,Electronics,Retail Store,Completed,Low,1.4,-87,0.0832,0.387,99.614,112.6,4,2,1797217,CUST-96254,False,0.0,4292.01,25.22
2025-08-08,46381.46,31921.65,14459.81,31.18,476.87,703,2067,16,1831,33,Asia-Pacific,Electronics,Direct Sales,Pending,Medium,4.4,32,0.0555,0.767,99.944,78.8,2,7,7741329,CUST-16971,True,0.2,3710.52,17.07
2025-08-09,55280.83,40025.06,15255.77,27.6,399.33,341,4949,21,548,69,Middle East,Beauty,Online,Completed,High,1.7,25,0.3206,0.587,99.962,88.1,1,10,4909906,CUST-57142,False,0.0,4422.47,34.02
2025-08-10,31226.91,36319.36,-5092.45,-16.31,29.61,137,242,14,1689,60,Latin America,Electronics,Direct Sales,Shipped,High,1.7,-53,0.1332,0.104,98.275,117.5,1,11,8485776,CUST-74155,False,0.0,2498.15,10.42
2025-08-11,71656.47,37756.55,33899.92,47.31,172.83,278,3733,17,1264,34,Middle East,Books,Retail Store,Completed,Medium,3.9,-44,0.2311,0.35,99.89,168.2,2,2,1584102,CUST-94710,False,0.0,5732.52,14.16
2025-08-12,48767.73,32614.84,16152.89,33.12,240.57,560,2659,14,190,118,Asia-Pacific,Electronics,Retail Store,Completed,Low,1.7,-8,0.31,0.27,98.541,136.8,4,3,3161394,CUST-35388,False,0.0,3901.42,41.99
2025-08-13,66759.44,18885.61,47873.83,71.71,164.11,544,4257,12,1764,100,North America,Apparel,Online,Completed,Low,1.5,-41,0.1872,0.15,98.719,62.6,3,7,2642050,CUST-50539,False,0.0,5340.76,42.69
2025-08-14,55140.88,28434.41,26706.47,48.43,353.09,763,2119,17,822,125,Middle East,Home & Kitchen,Retail Store,Pending,Medium,2.3,99,0.0696,0.8,98.126,136.3,1,2,7657865,CUST-77537,False,0.0,4411.27,45.71
2025-08-15,56851.3,38480.72,18370.58,32.31,414.87,375,2949,18,224,62,Europe,Electronics,Online,Completed,Low,4.4,-20,0.1749,0.379,99.291,121.4,3,4,9778923,CUST-40082,False,0.0,4548.1,38.55
2025-08-16,58546.51,29587.82,28958.69,49.46,368.36,628,1292,18,469,142,Asia-Pacific,Electronics,Wholesale,Completed,High,1.7,-58,0.0576,0.613,99.288,97.8,3,9,9780790,CUST-74237,True,0.18,4683.72,12.51
2025-08-17,56715.63,34024.72,22690.91,40.01,494.77,357,2413,15,725,30,Europe,Sports,Retail Store,Shipped,Medium,2.4,-19,0.1739,0.882,99.554,104.7,4,6,4923981,CUST-85584,False,0.0,4537.25,18.12
2025-08-18,59640.84,27450.01,32190.83,53.97,143.55,151,2455,16,1507,19,Latin America,Apparel,Online,Completed,High,2.1,-10,0.0666,0.543,99.893,137.4,0,11,4631769,CUST-24432,True,0.11,4771.27,25.83
2025-08-19,69937.29,21761.51,48175.78,68.88,438.74,154,2606,16,1513,93,Asia-Pacific,Sports,Online,Completed,Medium,2.4,-37,0.0635,0.258,98.856,65.0,3,8,2371457,CUST-87357,False,0.0,5594.98,19.39
2025-08-20,52947.82,29013.25,23934.57,45.2,385.65,801,433,16,1604,19,Asia-Pacific,Apparel,Direct Sales,Completed,High,3.9,-99,0.3019,0.791,98.815,97.4,1,11,7608256,CUST-94729,False,0.0,4235.83,29.04
2025-08-21,60635.06,32472.38,28162.68,46.45,187.47,254,2662,13,581,101,Middle East,Electronics,Retail Store,Cancelled,Low,2.6,-100,0.1756,0.436,99.278,79.9,2,9,5076597,CUST-76211,False,0.0,4850.8,9.27
2025-08-22,48653.96,24754.5,23899.46,49.12,369.72,451,2820,19,967,79,Middle East,Books,Direct Sales,Shipped,Medium,4.0,17,0.1129,0.564,99.335,92.0,1,12,8683684,CUST-66867,False,0.0,3892.32,47.85
2025-08-23,71601.76,28114.31,43487.45,60.74,61.0,712,2538,25,1872,92,Europe,Electronics,Online,Pending,Low,3.6,-37,0.3056,0.902,98.89,131.5,3,9,3209366,CUST-99251,False,0.0,5728.14,49.08
2025-08-24,39854.12,22484.29,17369.83,43.58,396.77,299,1895,18,410,10,Middle East,Books,Wholesale,Completed,Medium,2.4,-29,0.0339,0.489,99.839,121.7,0,7,9378011,CUST-92094,False,0.0,3188.33,8.3
2025-08-25,77014.11,38953.96,38060.15,49.42,270.84,700,353,15,1824,67,North America,Sports,Wholesale,Completed,Medium,2.7,-16,0.1221,0.335,98.104,143.5,2,11,2908500,CUST-41113,False,0.0,6161.13,6.82
2025-08-26,49397.63,27644.35,21753.28,44.04,153.22,121,3757,12,495,33,Asia-Pacific,Home & Kitchen,Retail Store,Completed,High,3.8,-77,0.1069,0.727,99.513,41.1,0,10,5277984,CUST-36389,False,0.0,3951.81,26.92
2025-08-27,28538.37,41622.04,-13083.67,-45.85,331.33,223,1523,15,605,52,Latin America,Beauty,Wholesale,Completed,Medium,3.1,29,0.078,0.134,98.416,110.6,2,2,6098183,CUST-86827,False,0.0,2283.07,11.46
2025-08-28,51921.57,42229.98,9691.59,18.67,324.39,659,3337,7,757,26,Asia-Pacific,Home & Kitchen,Retail Store,Completed,Medium,4.5,-42,0.3666,0.914,98.991,116.3,4,12,3549343,CUST-87475,False,0.0,4153.73,11.24
2025-08-29,39784.23,29351.63,10432.6,26.22,112.65,895,3431,23,1780,31,Europe,Electronics,Retail Store,Shipped,Low,4.7,1,0.2379,0.916,99.703,62.7,3,11,4757996,CUST-67965,True,0.1,3182.74,21.54
2025-08-30,62609.65,21932.41,40677.24,64.97,24.89,209,1127,15,1430,89,Middle East,Electronics,Online,Completed,High,3.9,61,0.1932,0.579,98.659,95.9,1,11,5206436,CUST-82204,False,0.0,5008.77,48.13
2025-08-31,40210.64,13312.82,26897.82,66.89,222.48,414,2266,14,1930,83,Asia-Pacific,Books,Online,Pending,Low,5.0,-45,0.0763,0.154,99.799,119.3,2,6,6972846,CUST-35249,True,0.19,3216.85,47.16
2025-09-01,43307.25,18223.7,25083.55,57.92,289.06,430,4094,18,610,142,Middle East,Apparel,Online,Completed,High,3.4,13,0.0827,0.452,98.901,131.2,5,8,4396701,CUST-69087,False,0.0,3464.58,46.75
2025-09-02,21656.89,19009.32,2647.57,12.23,439.54,16,569,18,1046,26,Europe,Sports,Direct Sales,Pending,Medium,1.2,-96,0.2087,0.423,99.406,132.2,1,12,3551801,CUST-36074,False,0.0,1732.55,12.57
2025-09-03,43215.41,41027.76,2187.65,5.06,464.83,867,1193,18,108,88,Middle East,Sports,Online,Completed,High,3.0,8,0.2682,0.298,99.445,51.0,1,13,2563565,CUST-58789,False,0.0,3457.23,8.83
2025-09-04,13641.81,30926.6,-17284.79,-126.7,269.11,534,4889,10,1717,87,Latin America,Sports,Retail Store,Completed,Medium,1.9,23,0.0147,0.175,98.522,97.9,0,4,3157697,CUST-14527,False,0.0,1091.34,9.96
2025-09-05,26241.46,33116.84,-6875.38,-26.2,379.36,601,3012,21,934,54,Europe,Books,Online,Completed,Medium,2.3,82,0.0888,0.264,99.801,66.5,0,9,6232218,CUST-88997,False,0.0,2099.32,31.55
2025-09-06,61406.22,12236.63,49169.59,80.07,225.26,295,280,19,1240,133,Asia-Pacific,Apparel,Direct Sales,Refunded,Low,3.0,18,0.2937,0.556,98.249,119.8,0,8,2816822,CUST-11862,True,0.18,4912.5,20.26
2025-09-07,61787.0,20416.27,41370.73,66.96,375.58,680,4167,15,1720,65,Asia-Pacific,Apparel,Online,Refunded,Medium,2.2,-65,0.1645,0.686,99.18,104.9,0,1,9265720,CUST-41030,False,0.0,4942.96,44.39
2025-09-08,56381.86,37096.64,19285.22,34.2,110.35,398,3176,16,1016,34,Latin America,Apparel,Wholesale,Completed,Low,2.2,-29,0.2666,0.98,99.858,98.1,5,8,3869391,CUST-39351,False,0.0,4510.55,34.65
2025-09-09,35495.36,32294.19,3201.17,9.02,191.82,425,1320,14,994,80,North America,Apparel,Retail Store,Completed,Medium,2.6,-7,0.048,0.216,98.062,230.9,2,13,8194992,CUST-78739,False,0.0,2839.63,49.92
2025-09-10,49284.33,28822.36,20461.97,41.52,320.77,793,4242,14,1674,41,Middle East,Electronics,Wholesale,Completed,Low,2.1,82,0.0928,0.204,99.063,83.2,2,9,3857456,CUST-46685,False,0.0,3942.75,45.88
2025-09-11,49945.96,34518.74,15427.22,30.89,18.9,722,3723,11,1856,133,Asia-Pacific,Beauty,Wholesale,Completed,Medium,1.7,37,0.1428,0.117,98.493,119.4,2,12,4014349,CUST-57914,False,0.0,3995.68,30.68
2025-09-12,32624.53,43086.38,-10461.85,-32.07,364.01,159,4829,18,312,147,Latin America,Sports,Direct Sales,Shipped,Low,4.1,-16,0.0095,0.939,98.385,136.8,3,1,7541502,CUST-19024,True,0.13,2609.96,42.41
2025-09-13,72550.97,28231.66,44319.31,61.09,419.41,969,1663,22,1504,17,Middle East,Beauty,Wholesale,Completed,Low,2.6,73,0.3195,0.382,98.468,132.5,3,12,8986782,CUST-37601,False,0.0,5804.08,12.21
2025-09-14,63160.43,30554.96,32605.47,51.62,205.58,437,4784,13,1701,49,Europe,Home & Kitchen,Online,Completed,High,4.3,-49,0.2803,0.924,99.805,140.2,1,9,2419191,CUST-28306,False,0.0,5052.83,43.71
2025-09-15,46685.54,31540.78,15144.76,32.44,229.49,817,3732,11,245,8,Latin America,Home & Kitchen,Retail Store,Pending,High,4.5,89,0.1711,0.889,98.851,132.4,2,1,4176931,CUST-89799,False,0.0,3734.84,37.21
2025-09-16,50403.29,49136.88,1266.41,2.51,427.13,302,2457,20,403,19,Europe,Home & Kitchen,Wholesale,Completed,Medium,4.0,31,0.1385,0.044,98.472,108.4,2,10,2514268,CUST-70116,False,0.0,4032.26,22.43
2025-09-17,53125.74,13205.15,39920.59,75.14,390.07,343,1662,14,935,108,Europe,Books,Wholesale,Pending,High,2.6,83,0.2178,0.28,99.855,120.4,2,7,7784457,CUST-26460,True,0.12,4250.06,41.32
2025-09-18,19373.98,35465.78,-16091.8,-83.06,151.19,281,1513,20,990,95,Europe,Home & Kitchen,Retail Store,Completed,Low,3.9,-90,0.2147,0.303,98.643,97.0,3,2,1716718,CUST-82752,False,0.0,1549.92,34.57
2025-09-19,46292.34,29081.58,17210.76,37.18,168.75,52,2606,21,1693,147,Middle East,Sports,Online,Shipped,Low,1.6,4,0.4641,0.277,99.447,94.0,1,4,6988587,CUST-46590,False,0.0,3703.39,8.91
2025-09-20,39770.24,34534.17,5236.07,13.17,342.65,477,4928,15,1947,43,North America,Home & Kitchen,Wholesale,Completed,Low,3.6,77,0.0997,0.425,99.074,73.9,0,13,6609568,CUST-21674,False,0.0,3181.62,49.05
2025-09-21,34975.7,24741.02,10234.68,29.26,285.97,328,1117,12,964,83,Europe,Home & Kitchen,Retail Store,Completed,Low,2.6,88,0.1089,0.499,99.358,147.6,2,8,9788702,CUST-56651,True,0.2,2798.06,17.2
2025-09-22,45783.5,29608.28,16175.22,35.33,89.49,501,3754,14,96,64,Asia-Pacific,Electronics,Online,Cancelled,Low,3.6,50,0.09,0.758,98.365,158.6,0,8,9755253,CUST-26834,False,0.0,3662.68,29.63
2025-09-23,76965.3,35691.28,41274.02,53.63,161.87,536,857,15,802,98,Middle East,Home & Kitchen,Online,Completed,Medium,4.0,25,0.1858,0.268,99.357,99.4,4,10,2276612,CUST-47828,True,0.16,6157.22,44.12
2025-09-24,59612.64,54903.28,4709.36,7.9,450.99,769,3879,14,1382,47,Middle East,Beauty,Online,Cancelled,Low,3.3,12,0.0721,0.299,99.812,117.3,2,7,8435365,CUST-93197,False,0.0,4769.01,17.99
2025-09-25,41432.32,36464.29,4968.03,11.99,347.21,181,720,14,279,136,Europe,Electronics,Direct Sales,Pending,Low,3.6,-71,0.2048,0.599,98.202,176.0,1,4,5784596,CUST-21768,False,0.0,3314.59,15.39
2025-09-26,58588.74,23215.48,35373.26,60.38,493.13,739,1988,20,1484,81,Asia-Pacific,Apparel,Online,Cancelled,Medium,1.9,22,0.1534,0.179,98.653,159.3,1,4,6619178,CUST-21940,False,0.0,4687.1,29.99
2025-09-27,70990.33,26609.92,44380.41,62.52,385.84,658,3684,16,1974,43,Latin America,Books,Online,Completed,Low,3.4,-13,0.339,0.473,99.945,151.2,2,6,7627736,CUST-46735,False,0.0,5679.23,20.83
2025-09-28,63869.51,26372.69,37496.82,58.71,471.57,330,281,18,806,58,Middle East,Electronics,Retail Store,Completed,Low,2.8,-76,0.2551,0.251,98.45,129.4,2,10,6655048,CUST-88076,False,0.0,5109.56,36.13
2025-09-29,50894.46,15634.85,35259.61,69.28,115.93,748,2828,10,365,58,Europe,Electronics,Direct Sales,Shipped,Low,2.7,-71,0.0418,0.198,98.119,98.0,0,5,1528788,CUST-94581,True,0.14,4071.56,19.48
2025-09-30,40295.95,27359.28,12936.67,32.1,388.03,53,2395,8,811,66,Europe,Beauty,Online,Shipped,Critical,2.6,66,0.1049,0.796,98.11,102.0,1,9,8701302,CUST-92881,True,0.24,3223.68,49.52
2025-10-01,60473.35,35862.63,24610.72,40.7,19.91,541,2767,17,1150,139,North America,Sports,Wholesale,Pending,Low,2.2,-27,0.2558,0.707,98.551,128.2,1,5,5725825,CUST-35309,False,0.0,4837.87,17.73
2025-10-02,55902.28,19806.14,36096.14,64.57,338.67,640,1899,14,111,17,North America,Sports,Direct Sales,Completed,High,2.2,23,0.1854,0.25,98.99,135.3,1,6,6910093,CUST-52266,False,0.0,4472.18,33.68
2025-10-03,63427.9,38387.86,25040.04,39.48,239.95,463,1599,21,1644,119,Latin America,Home & Kitchen,Retail Store,Cancelled,Medium,3.8,38,0.152,0.415,98.538,86.1,3,8,3485099,CUST-95068,False,0.0,5074.23,17.22
2025-10-04,59527.58,33902.2,25625.38,43.05,179.91,755,1084,19,287,43,Latin America,Apparel,Direct Sales,Completed,Low,3.2,-28,0.1586,0.154,98.562,163.6,1,10,9994152,CUST-19523,False,0.0,4762.21,25.76
2025-10-05,65743.29,24126.13,41617.16,63.3,432.58,979,3653,18,1774,88,Latin America,Beauty,Wholesale,Pending,Low,1.1,63,0.1303,0.053,99.663,169.3,4,4,3430104,CUST-86473,True,0.1,5259.46,18.11
2025-10-06,41971.47,28867.76,13103.71,31.22,428.59,889,2464,15,1641,109,Latin America,Beauty,Direct Sales,Completed,Medium,1.2,11,0.1867,0.585,99.534,147.8,3,10,5698162,CUST-87914,False,0.0,3357.72,23.71
2025-10-07,69760.91,42786.57,26974.34,38.67,20.93,900,3405,19,127,116,Europe,Electronics,Wholesale,Completed,Critical,3.3,79,0.0866,0.364,98.622,172.6,3,10,3463899,CUST-43597,False,0.0,5580.87,33.44
2025-10-08,52963.99,35868.38,17095.61,32.28,308.66,938,2315,14,783,76,Europe,Apparel,Online,Completed,Low,4.4,-96,0.0541,0.207,98.69,142.3,0,2,6375674,CUST-22719,True,0.18,4237.12,36.76
2025-10-09,81128.91,30070.27,51058.64,62.94,190.24,857,2890,13,608,7,Europe,Beauty,Online,Shipped,Low,1.2,-25,0.0758,0.115,99.939,129.6,3,2,2562858,CUST-47446,False,0.0,6490.31,15.61
2025-10-10,39662.18,28098.53,11563.65,29.16,213.67,877,225,11,993,77,Asia-Pacific,Sports,Direct Sales,Pending,Low,3.0,41,0.2412,0.68,99.9,121.8,1,13,6880293,CUST-89795,False,0.0,3172.97,45.46
2025-10-11,76039.46,30612.87,45426.59,59.74,417.7,783,2720,15,699,12,Latin America,Books,Direct Sales,Refunded,Low,4.4,47,0.1446,0.271,99.946,108.9,4,11,5590892,CUST-83706,False,0.0,6083.16,19.5
2025-10-12,52968.66,25905.89,27062.77,51.09,161.82,92,4315,12,1489,80,Asia-Pacific,Books,Retail Store,Completed,High,1.0,-81,0.0972,0.907,99.878,119.8,2,10,7160064,CUST-43346,True,0.21,4237.49,7.78
2025-10-13,40228.73,13162.0,27066.73,67.28,472.09,552,1551,18,1097,96,Middle East,Beauty,Retail Store,Completed,Medium,2.1,71,0.3531,0.193,99.256,83.6,3,13,4821673,CUST-85918,True,0.25,3218.3,47.61
2025-10-14,42741.71,46337.42,-3595.71,-8.41,98.02,331,1108,16,1102,110,Middle East,Electronics,Wholesale,Completed,Low,4.7,-1,0.2609,0.244,98.617,117.1,1,5,8451932,CUST-16082,False,0.0,3419.34,17.25
2025-10-15,45194.79,31242.6,13952.19,30.87,334.73,795,1313,25,1564,53,Europe,Books,Online,Completed,High,1.3,-76,0.1813,0.852,99.939,79.1,4,2,9340492,CUST-69708,False,0.0,3615.58,49.85
2025-10-16,56362.49,33185.18,23177.31,41.12,339.33,243,3804,18,1208,47,Middle East,Electronics,Direct Sales,Completed,Low,3.4,68,0.032,0.572,99.486,92.0,2,13,8984562,CUST-29565,False,0.0,4509.0,29.63
2025-10-17,57842.53,29536.74,28305.79,48.94,133.58,549,3230,15,400,142,Europe,Home & Kitchen,Online,Completed,Medium,3.0,9,0.179,0.108,99.422,163.0,1,2,4029484,CUST-78804,False,0.0,4627.4,43.2
2025-10-18,41394.5,24119.07,17275.43,41.73,169.13,261,796,14,962,145,Latin America,Home & Kitchen,Direct Sales,Completed,Medium,1.6,26,0.2564,0.549,99.595,161.4,2,4,2873860,CUST-63731,False,0.0,3311.56,9.88
2025-10-19,49634.68,28512.6,21122.08,42.56,419.05,845,2370,15,399,6,Asia-Pacific,Electronics,Wholesale,Completed,Low,1.2,-32,0.1233,0.308,99.197,90.7,1,7,3949133,CUST-53134,True,0.28,3970.77,29.82
2025-10-20,82134.06,17204.84,64929.22,79.05,383.28,774,1615,12,1354,69,Europe,Beauty,Online,Completed,Low,3.0,-10,0.2316,0.737,99.167,150.5,1,1,7903368,CUST-52648,False,0.0,6570.72,5.84
2025-10-21,75913.15,48216.69,27696.46,36.48,171.26,458,1134,10,525,90,North America,Home & Kitchen,Retail Store,Cancelled,Low,3.9,-99,0.1354,0.078,98.723,99.4,1,5,9528205,CUST-95108,True,0.22,6073.05,22.09
2025-10-22,56544.86,20123.9,36420.96,64.41,271.64,248,2940,13,341,101,North America,Sports,Wholesale,Pending,Critical,1.7,39,0.1822,0.918,98.301,96.8,1,3,5561154,CUST-22504,False,0.0,4523.59,6.85
2025-10-23,50570.05,21744.27,28825.78,57.0,40.22,499,1635,11,1262,14,Latin America,Home & Kitchen,Online,Shipped,High,3.8,-73,0.0584,0.478,98.877,168.7,3,3,4207878,CUST-37201,False,0.0,4045.6,25.8
2025-10-24,51800.47,26477.93,25322.54,48.88,112.29,891,913,18,1656,67,Asia-Pacific,Sports,Wholesale,Shipped,Low,3.2,-57,0.3603,0.734,99.035,81.7,1,8,3843099,CUST-82769,False,0.0,4144.04,37.09
2025-10-25,59202.77,40304.61,18898.16,31.92,248.05,473,409,13,1492,107,Europe,Books,Direct Sales,Completed,Medium,2.4,40,0.3287,0.705,99.756,57.4,3,12,9596043,CUST-19009,True,0.27,4736.22,44.49
2025-10-26,34658.11,30116.07,4542.04,13.11,52.13,950,1111,20,937,65,Latin America,Beauty,Online,Pending,Medium,3.7,-16,0.188,0.178,98.803,96.7,4,13,8886778,CUST-33792,False,0.0,2772.65,34.93
2025-10-27,46139.35,20110.91,26028.44,56.41,423.23,323,1118,22,517,5,Asia-Pacific,Electronics,Online,Shipped,Low,1.8,-58,0.3288,0.88,99.766,98.9,1,4,7763536,CUST-18586,False,0.0,3691.15,37.63
2025-10-28,24971.24,40034.71,-15063.47,-60.32,361.82,184,3511,13,1279,9,North America,Home & Kitchen,Online,Completed,Medium,2.8,-46,0.2017,0.233,98.635,106.9,1,11,9820485,CUST-45696,False,0.0,1997.7,14.8
2025-10-29,55988.35,35848.01,20140.34,35.97,472.38,715,3818,20,1315,39,Europe,Beauty,Retail Store,Shipped,Medium,3.2,35,0.2193,0.191,99.889,59.8,0,12,1706738,CUST-89708,False,0.0,4479.07,18.18
2025-10-30,59707.94,34307.48,25400.46,42.54,349.8,189,3910,14,355,129,Asia-Pacific,Home & Kitchen,Wholesale,Completed,Low,2.8,23,0.2178,0.521,98.078,132.3,2,6,5417071,CUST-39853,False,0.0,4776.64,47.2
2025-10-31,42752.2,35725.87,7026.33,16.44,470.8,941,2144,22,1257,145,Middle East,Books,Retail Store,Completed,High,2.6,-37,0.2544,0.985,99.051,186.4,3,10,5919682,CUST-66788,False,0.0,3420.18,12.34
2025-11-01,73609.8,49154.9,24454.9,33.22,281.71,394,1216,12,527,31,Europe,Beauty,Retail Store,Pending,Medium,4.0,16,0.0595,0.313,98.643,130.6,1,1,1491317,CUST-88490,False,0.0,5888.78,49.58
2025-11-02,31613.52,47480.76,-15867.24,-50.19,304.11,304,4823,12,1577,144,Middle East,Apparel,Wholesale,Pending,Low,3.6,-89,0.1158,0.964,98.589,112.3,2,2,6127731,CUST-77619,True,0.28,2529.08,42.82
2025-11-03,28034.38,24506.28,3528.1,12.58,488.72,224,1256,12,1201,98,Latin America,Books,Wholesale,Completed,High,3.6,-60,0.1542,0.435,98.159,143.4,5,8,8851681,CUST-23536,False,0.0,2242.75,41.11
2025-11-04,53366.78,42991.08,10375.7,19.44,324.64,995,1088,9,498,54,Asia-Pacific,Electronics,Online,Completed,Low,4.6,-57,0.1817,0.835,99.363,122.6,3,6,4011648,CUST-71210,True,0.27,4269.34,41.38
2025-11-05,65706.47,33065.35,32641.12,49.68,25.09,724,2566,16,279,73,Asia-Pacific,Beauty,Online,Completed,High,5.0,-90,0.071,0.53,98.785,122.0,4,8,4988722,CUST-38926,False,0.0,5256.52,21.77
2025-11-06,75258.92,33992.77,41266.15,54.83,364.66,771,1928,8,1114,6,Asia-Pacific,Sports,Wholesale,Completed,Low,3.3,-82,0.0867,0.205,99.898,117.1,2,7,6324676,CUST-45127,False,0.0,6020.71,40.67
2025-11-07,43116.74,16461.83,26654.91,61.82,453.68,883,2177,10,842,106,Asia-Pacific,Home & Kitchen,Online,Refunded,Medium,2.4,24,0.2815,0.88,99.425,127.6,3,13,5962062,CUST-50868,False,0.0,3449.34,20.95
2025-11-08,66180.21,28636.91,37543.3,56.73,399.83,778,2445,17,723,7,Europe,Sports,Direct Sales,Shipped,High,4.1,-41,0.0964,0.072,98.886,105.6,3,6,7479677,CUST-86997,True,0.12,5294.42,21.49
2025-11-09,49422.37,23497.41,25924.96,52.46,296.08,84,1184,14,1465,134,Middle East,Beauty,Online,Shipped,Low,1.6,99,0.1151,0.683,99.255,63.0,0,3,9627092,CUST-55094,False,0.0,3953.79,40.73
2025-11-10,47410.59,36624.47,10786.12,22.75,338.94,353,2605,16,873,46,Middle East,Electronics,Wholesale,Completed,Low,3.1,54,0.2808,0.831,98.132,184.7,4,5,1207879,CUST-84631,True,0.17,3792.85,22.57
2025-11-11,63254.9,38568.64,24686.26,39.03,495.19,723,4144,15,1413,47,Latin America,Sports,Retail Store,Completed,Medium,3.1,98,0.3942,0.832,99.178,138.5,0,7,6283460,CUST-24254,True,0.15,5060.39,41.36
2025-11-12,59784.84,13404.11,46380.73,77.58,54.42,151,2451,10,1743,25,Latin America,Sports,Wholesale,Completed,Medium,4.9,20,0.029,0.655,99.332,95.4,5,4,2908424,CUST-18757,False,0.0,4782.79,5.51
2025-11-13,26354.12,29823.72,-3469.6,-13.17,336.95,727,3105,12,885,49,Asia-Pacific,Sports,Wholesale,Completed,Low,5.0,54,0.1084,0.251,98.212,132.3,4,6,5255594,CUST-87482,False,0.0,2108.33,12.72
2025-11-14,72148.11,38974.89,33173.22,45.98,148.86,208,4535,7,1094,24,North America,Beauty,Retail Store,Completed,Critical,4.2,-87,0.1378,0.532,99.365,80.5,1,1,2384278,CUST-58371,False,0.0,5771.85,47.0
2025-11-15,70701.37,28506.57,42194.8,59.68,323.64,928,2595,13,396,47,North America,Home & Kitchen,Direct Sales,Completed,Medium,2.9,51,0.2418,0.63,98.948,133.3,0,2,7247771,CUST-42907,False,0.0,5656.11,33.33
2025-11-16,40616.56,35832.51,4784.05,11.78,307.74,180,176,20,59,28,Asia-Pacific,Sports,Online,Completed,Low,3.2,-37,0.0951,0.89,98.959,146.0,0,8,7063798,CUST-35127,False,0.0,3249.32,26.06
2025-11-17,55937.05,32809.32,23127.73,41.35,85.19,415,2662,15,136,86,Middle East,Books,Direct Sales,Completed,Medium,2.3,51,0.0475,0.16,99.447,156.2,4,6,4230390,CUST-27773,False,0.0,4474.96,31.1
2025-11-18,57410.45,32733.28,24677.17,42.98,111.31,837,1672,14,594,88,Latin America,Books,Retail Store,Completed,Medium,4.3,29,0.001,0.465,98.9,139.9,3,10,6522964,CUST-99327,False,0.0,4592.84,23.09
2025-11-19,53910.11,27829.48,26080.63,48.38,314.6,237,4287,10,922,64,Europe,Home & Kitchen,Direct Sales,Completed,High,4.0,79,0.1725,0.333,98.469,113.4,2,6,7148496,CUST-74258,False,0.0,4312.81,10.97
2025-11-20,41745.42,20267.35,21478.07,51.45,72.83,420,4661,19,1412,36,North America,Apparel,Retail Store,Shipped,Low,4.1,-6,0.2217,0.428,98.597,155.8,1,8,4887877,CUST-96368,False,0.0,3339.63,45.1
2025-11-21,39925.65,21027.76,18897.89,47.33,139.94,961,3770,19,764,126,Latin America,Apparel,Wholesale,Completed,Low,1.6,-89,0.0553,0.183,99.477,100.7,3,8,8571318,CUST-52737,False,0.0,3194.05,38.93
2025-11-22,49616.69,35674.82,13941.87,28.1,419.27,907,3211,22,53,9,North America,Books,Direct Sales,Shipped,Low,2.6,92,0.168,0.217,98.142,130.4,1,1,2418376,CUST-67420,False,0.0,3969.34,36.41
2025-11-23,67590.94,30155.67,37435.27,55.39,170.27,944,2837,19,1096,134,Middle East,Sports,Online,Pending,Critical,3.1,87,0.1101,0.77,99.682,94.5,2,9,8093925,CUST-15284,False,0.0,5407.28,42.97
2025-11-24,58154.0,28891.9,29262.1,50.32,249.15,700,1452,16,1270,29,Middle East,Electronics,Online,Shipped,Low,1.5,-43,0.2671,0.478,99.164,128.0,1,4,4628495,CUST-54678,True,0.26,4652.32,38.55
2025-11-25,44440.79,26608.88,17831.91,40.13,471.16,887,1046,20,1894,90,Asia-Pacific,Beauty,Retail Store,Completed,Low,2.5,-7,0.2959,0.514,99.454,172.3,2,2,9036717,CUST-85845,False,0.0,3555.26,28.21
2025-11-26,61575.48,27558.49,34016.99,55.24,121.3,796,4749,23,1954,90,Asia-Pacific,Home & Kitchen,Wholesale,Completed,Medium,1.3,-59,0.1517,0.897,98.687,147.0,2,3,6920321,CUST-52664,True,0.21,4926.04,11.17
2025-11-27,7271.86,38375.29,-31103.43,-427.72,200.92,71,3968,16,1571,79,North America,Electronics,Direct Sales,Completed,Low,4.8,-100,0.2501,0.24,98.445,152.3,3,7,3622840,CUST-35987,False,0.0,581.75,9.83
2025-11-28,67231.49,27318.05,39913.44,59.37,307.16,336,3237,9,950,15,North America,Sports,Direct Sales,Cancelled,Low,4.0,49,0.2915,0.329,99.609,159.0,3,9,5465411,CUST-80102,True,0.17,5378.52,6.41
2025-11-29,23904.29,19271.48,4632.81,19.38,380.12,725,3586,19,1859,72,Latin America,Beauty,Retail Store,Pending,Medium,3.5,5,0.2644,0.309,98.204,117.5,0,7,7458796,CUST-75283,False,0.0,1912.34,27.13
2025-11-30,44563.39,35949.21,8614.18,19.33,451.81,972,4287,20,322,101,Asia-Pacific,Books,Direct Sales,Completed,Low,1.8,-29,0.2146,0.659,98.332,89.4,0,12,3598909,CUST-86994,False,0.0,3565.07,12.18
2025-12-01,33204.95,28360.99,4843.96,14.59,458.58,968,1102,10,1524,112,Middle East,Home & Kitchen,Online,Completed,Medium,2.3,40,0.2072,0.562,98.57,55.1,6,1,4557128,CUST-22965,False,0.0,2656.4,17.28
2025-12-02,30579.78,30251.17,328.61,1.07,390.55,888,4563,17,1180,126,Latin America,Electronics,Online,Completed,Low,1.6,92,0.316,0.472,98.702,82.1,0,6,8083084,CUST-75418,True,0.26,2446.38,44.5
2025-12-03,67412.4,42860.63,24551.77,36.42,121.88,142,919,17,930,46,Latin America,Beauty,Direct Sales,Completed,Medium,3.1,-63,0.101,0.668,98.407,124.1,0,6,4006013,CUST-37740,False,0.0,5392.99,32.34
2025-12-04,42984.48,29835.52,13148.96,30.59,22.16,593,522,14,1451,64,Europe,Books,Direct Sales,Shipped,Low,4.3,91,0.0501,0.484,99.825,48.8,3,5,8676841,CUST-21428,False,0.0,3438.76,49.34
2025-12-05,55197.56,32313.47,22884.09,41.46,198.05,599,671,23,1273,66,Middle East,Books,Wholesale,Completed,Medium,1.1,-25,0.1205,0.816,98.054,126.2,1,1,2912052,CUST-72393,False,0.0,4415.8,47.75
2025-12-06,49296.19,20568.61,28727.58,58.28,79.36,198,3009,22,985,135,Latin America,Beauty,Wholesale,Completed,Low,1.4,-49,0.2281,0.41,99.607,137.3,2,5,4028689,CUST-32431,True,0.27,3943.7,24.9
2025-12-07,57155.61,28242.64,28912.97,50.59,358.09,365,4630,17,1928,75,Europe,Apparel,Direct Sales,Completed,Low,1.9,10,0.372,0.891,98.822,65.3,1,5,8066660,CUST-53385,False,0.0,4572.45,34.59
2025-12-08,51152.33,34876.21,16276.12,31.82,333.95,80,1523,16,1800,125,Asia-Pacific,Apparel,Direct Sales,Completed,Low,3.9,-21,0.0988,0.12,99.672,150.8,2,11,3595487,CUST-22109,False,0.0,4092.19,47.67
2025-12-09,30755.12,17557.01,13198.11,42.91,31.55,272,1733,21,51,24,Middle East,Beauty,Retail Store,Completed,Medium,4.6,-17,0.2236,0.094,99.592,105.3,1,13,4743066,CUST-24193,True,0.07,2460.41,40.3
2025-12-10,64944.0,31606.76,33337.24,51.33,419.93,315,1853,19,1194,75,Asia-Pacific,Beauty,Wholesale,Completed,Low,4.0,7,0.238,0.656,98.242,62.8,5,8,4127560,CUST-22247,False,0.0,5195.52,34.51
2025-12-11,42593.65,30806.33,11787.32,27.67,131.88,567,567,20,1688,135,Europe,Beauty,Direct Sales,Completed,Medium,3.1,59,0.1186,0.39,99.333,60.8,1,5,6337238,CUST-29932,False,0.0,3407.49,31.66
2025-12-12,26651.27,30330.3,-3679.03,-13.8,221.79,233,4987,15,198,149,Middle East,Books,Retail Store,Pending,Medium,1.4,54,0.0373,0.456,98.757,118.1,1,5,8113880,CUST-59344,False,0.0,2132.1,29.41
2025-12-13,43578.27,38297.27,5281.0,12.12,337.29,337,3022,9,997,88,North America,Sports,Wholesale,Completed,Medium,4.0,-3,0.097,0.696,99.642,123.0,1,9,7990183,CUST-13337,False,0.0,3486.26,11.24
2025-12-14,72511.4,32675.51,39835.89,54.94,220.42,771,2403,18,201,102,North America,Sports,Retail Store,Completed,Low,1.4,88,0.0439,0.215,99.702,119.5,1,6,8308550,CUST-76834,True,0.16,5800.91,9.78
2025-12-15,62753.33,41824.58,20928.75,33.35,226.23,597,1806,12,1638,64,North America,Home & Kitchen,Direct Sales,Shipped,Medium,2.4,-15,0.0916,0.044,98.378,156.3,3,9,7685344,CUST-67382,False,0.0,5020.27,15.83
2025-12-16,44770.22,22051.28,22718.94,50.75,42.16,83,172,15,1751,72,Latin America,Books,Online,Completed,Critical,2.2,-39,0.0357,0.439,98.957,122.2,2,12,7134522,CUST-81340,True,0.14,3581.62,30.81
2025-12-17,44761.13,31087.4,13673.73,30.55,206.71,520,246,14,1989,109,North America,Books,Online,Completed,Low,2.4,-98,0.1806,0.895,99.189,99.7,3,10,5712374,CUST-56255,True,0.28,3580.89,46.87
2025-12-18,45175.47,30675.73,14499.74,32.1,384.78,151,416,19,355,140,Latin America,Apparel,Online,Completed,Low,2.3,-20,0.2001,0.451,99.088,108.8,1,11,9680709,CUST-72198,False,0.0,3614.04,22.73
2025-12-19,81151.22,21445.96,59705.26,73.57,458.44,594,705,14,1752,115,Latin America,Beauty,Online,Completed,Low,4.1,25,0.0538,0.572,98.504,157.9,2,9,8842819,CUST-34805,False,0.0,6492.1,43.64
2025-12-20,55729.03,37650.36,18078.67,32.44,212.61,111,674,10,1901,139,Europe,Books,Direct Sales,Completed,Medium,1.7,-10,0.0336,0.208,98.545,80.8,5,4,2403097,CUST-22247,False,0.0,4458.32,5.99
2025-12-21,56450.62,48597.39,7853.23,13.91,217.56,615,1277,18,931,63,North America,Books,Online,Completed,Low,4.4,2,0.3661,0.464,99.716,125.6,2,12,9296939,CUST-52069,False,0.0,4516.05,38.31
2025-12-22,65454.25,29863.95,35590.3,54.37,354.29,590,3426,17,524,37,Middle East,Beauty,Online,Completed,High,4.4,9,0.2317,0.481,98.065,127.2,3,3,9373604,CUST-21023,True,0.26,5236.34,9.03
2025-12-23,53581.84,34040.17,19541.67,36.47,471.96,74,3522,11,1437,45,Latin America,Sports,Direct Sales,Shipped,Medium,3.0,-6,0.1362,0.235,98.525,155.8,5,7,3695041,CUST-73621,True,0.06,4286.55,45.53
2025-12-24,46114.37,30676.15,15438.22,33.48,140.86,202,2694,16,856,33,Europe,Home & Kitchen,Wholesale,Completed,Low,1.4,-70,0.3776,0.164,98.446,123.9,1,4,2688265,CUST-56534,True,0.11,3689.15,26.77
2025-12-25,47054.75,24291.32,22763.43,48.38,225.67,962,2982,16,1144,109,Latin America,Apparel,Wholesale,Cancelled,Critical,3.3,91,0.2104,0.35,98.741,86.5,0,6,9886052,CUST-61810,False,0.0,3764.38,27.84
2025-12-26,48925.98,15433.92,33492.06,68.45,400.03,71,411,19,1713,105,Middle East,Electronics,Wholesale,Shipped,Low,4.3,69,0.1523,0.039,99.372,126.7,3,6,3953426,CUST-11200,False,0.0,3914.08,46.34
2025-12-27,49441.67,24353.81,25087.86,50.74,308.75,541,2955,14,82,68,Middle East,Sports,Retail Store,Pending,Low,2.2,-43,0.1621,0.166,99.065,145.2,5,8,5406250,CUST-95629,True,0.12,3955.33,24.75
2025-12-28,60914.44,18864.33,42050.11,69.03,64.19,250,864,21,1230,90,North America,Books,Wholesale,Pending,Low,4.4,-58,0.151,0.731,99.081,124.9,3,9,9637939,CUST-34978,False,0.0,4873.16,45.62
2025-12-29,50779.19,43632.82,7146.37,14.07,317.59,724,3095,21,1403,70,Latin America,Home & Kitchen,Direct Sales,Completed,Low,3.7,59,0.3769,0.649,99.463,158.4,2,7,4255609,CUST-39820,False,0.0,4062.34,35.65
2025-12-30,60989.6,29079.12,31910.48,52.32,101.51,419,3300,13,827,118,Middle East,Electronics,Wholesale,Completed,High,4.9,57,0.1002,0.313,99.624,74.3,2,6,5235760,CUST-64558,False,0.0,4879.17,17.72
2025-12-31,48789.25,27232.65,21556.6,44.18,260.01,309,535,14,1789,126,Asia-Pacific,Sports,Retail Store,Cancelled,Low,4.3,-18,0.0661,0.551,98.32,114.5,7,13,1891758,CUST-66461,False,0.0,3903.14,7.73
2026-01-01,51179.53,37113.23,14066.3,27.48,269.26,204,3451,12,1780,13,Middle East,Sports,Retail Store,Completed,Medium,1.8,26,0.0919,0.829,98.216,120.2,5,1,3691809,CUST-23853,False,0.0,4094.36,45.71
2026-01-02,20026.99,21025.99,-999.0,-4.99,439.34,463,4553,10,1460,33,Middle East,Beauty,Online,Completed,High,2.8,88,0.0558,0.839,98.602,147.0,1,4,8887953,CUST-62062,False,0.0,1602.16,19.61
2026-01-03,63744.92,23865.09,39879.83,62.56,236.62,583,3077,12,1694,101,Latin America,Electronics,Direct Sales,Completed,Low,1.4,55,0.1235,0.654,99.655,151.5,1,2,8245054,CUST-76207,False,0.0,5099.59,6.1
2026-01-04,55197.33,30544.58,24652.75,44.66,146.93,628,3030,18,1232,78,Middle East,Beauty,Wholesale,Completed,Medium,1.3,-56,0.124,0.124,99.083,120.8,3,6,6112458,CUST-25091,False,0.0,4415.79,45.8
2026-01-05,64970.15,38230.15,26740.0,41.16,123.17,646,2399,14,844,128,Europe,Sports,Wholesale,Completed,Medium,3.8,37,0.0563,0.163,98.286,107.4,0,2,3661132,CUST-80672,False,0.0,5197.61,28.97
2026-01-06,6556.17,34013.48,-27457.31,-418.8,438.38,310,234,16,1612,114,Middle East,Sports,Direct Sales,Completed,High,4.7,43,0.4622,0.292,98.327,126.6,1,5,6789729,CUST-21227,False,0.0,524.49,36.38
2026-01-07,81325.62,31986.6,49339.02,60.67,93.8,788,4014,17,1300,57,Asia-Pacific,Sports,Direct Sales,Pending,Low,4.9,58,0.3244,0.671,99.797,80.1,4,7,9917200,CUST-60785,True,0.19,6506.05,47.89
2026-01-08,47906.16,30624.94,17281.22,36.07,218.68,465,4718,16,1325,80,Middle East,Home & Kitchen,Direct Sales,Completed,Low,2.1,-91,0.3219,0.258,98.734,102.9,3,6,3877789,CUST-28108,False,0.0,3832.49,13.88
2026-01-09,66622.74,33201.89,33420.85,50.16,101.71,998,903,20,416,62,North America,Sports,Direct Sales,Shipped,High,1.8,-27,0.037,0.464,98.511,139.9,1,4,5057498,CUST-20117,False,0.0,5329.82,33.41
2026-01-10,34401.41,31613.22,2788.19,8.1,388.92,211,2807,15,1850,138,Latin America,Electronics,Direct Sales,Completed,Low,3.2,-9,0.3304,0.826,99.387,132.4,1,5,2493887,CUST-60159,True,0.12,2752.11,12.8
2026-01-11,59191.61,21760.22,37431.39,63.24,242.44,683,2466,7,311,49,Asia-Pacific,Apparel,Direct Sales,Completed,Low,1.8,-89,0.5082,0.892,99.722,96.8,4,13,9021615,CUST-24684,True,0.11,4735.33,16.66
2026-01-12,34198.77,30368.63,3830.14,11.2,182.06,865,4275,14,695,121,Europe,Home & Kitchen,Direct Sales,Completed,Medium,2.2,55,0.1705,0.839,98.885,92.6,1,13,5789756,CUST-78616,True,0.13,2735.9,29.34
2026-01-13,40643.47,21410.49,19232.98,47.32,186.94,311,3362,11,587,126,Middle East,Electronics,Retail Store,Shipped,Low,4.3,-83,0.3065,0.116,99.582,92.0,3,6,5681838,CUST-71854,False,0.0,3251.48,15.03
2026-01-14,78710.47,30648.66,48061.81,61.06,427.58,633,1576,17,1116,148,Middle East,Books,Online,Shipped,Medium,4.2,79,0.0656,0.911,98.86,94.4,1,8,7048252,CUST-56138,False,0.0,6296.84,26.19
2026-01-15,47139.76,26154.82,20984.94,44.52,281.35,346,3515,23,1604,78,Europe,Electronics,Wholesale,Completed,High,4.6,55,0.1973,0.684,99.383,125.2,4,10,1486034,CUST-43608,True,0.13,3771.18,5.72
2026-01-16,53261.49,50315.05,2946.44,5.53,361.76,41,2561,15,65,78,Middle East,Electronics,Retail Store,Completed,Medium,2.9,-73,0.1113,0.619,99.15,162.0,2,11,2791034,CUST-98041,False,0.0,4260.92,34.25
2026-01-17,63051.02,29680.84,33370.18,52.93,449.55,980,4042,15,154,29,North America,Apparel,Retail Store,Shipped,Medium,3.3,91,0.0618,0.248,99.789,166.3,1,4,1576123,CUST-23669,False,0.0,5044.08,39.46
2026-01-18,57435.23,18766.08,38669.15,67.33,451.85,107,2140,21,840,128,Asia-Pacific,Home & Kitchen,Wholesale,Pending,Low,4.1,-87,0.0997,0.928,98.65,87.7,2,13,3478746,CUST-31920,False,0.0,4594.82,15.49
2026-01-19,52256.28,28926.56,23329.72,44.64,170.97,993,4563,10,1276,65,Middle East,Books,Retail Store,Completed,High,2.0,-93,0.1301,0.017,99.541,131.5,1,6,5506660,CUST-28652,False,0.0,4180.5,6.27
2026-01-20,55474.42,34154.87,21319.55,38.43,476.7,768,1106,15,769,102,Europe,Sports,Direct Sales,Completed,Medium,4.3,-1,0.0734,0.082,99.368,129.9,1,13,1277519,CUST-57924,False,0.0,4437.95,8.03
2026-01-21,86051.23,43386.91,42664.32,49.58,22.19,782,1092,13,1998,58,Europe,Home & Kitchen,Retail Store,Shipped,Low,1.1,-98,0.1393,0.154,99.678,127.4,1,9,3610787,CUST-14987,False,0.0,6884.1,33.42
2026-01-22,49135.72,25284.38,23851.34,48.54,194.65,200,4791,17,1751,64,Asia-Pacific,Home & Kitchen,Wholesale,Completed,Low,4.2,36,0.4641,0.694,99.215,85.8,2,9,1794578,CUST-36317,True,0.18,3930.86,49.99
2026-01-23,53016.49,17340.58,35675.91,67.29,448.94,550,1996,8,1132,36,North America,Books,Online,Completed,High,4.1,-54,0.0712,0.623,98.92,94.0,0,9,2343163,CUST-92190,False,0.0,4241.32,35.86
2026-01-24,65759.82,36534.7,29225.12,44.44,144.57,57,3165,19,1058,57,Asia-Pacific,Books,Wholesale,Completed,Low,2.2,-38,0.1294,0.945,98.099,132.1,6,4,2514753,CUST-96262,False,0.0,5260.79,5.42
2026-01-25,66582.89,18955.21,47627.68,71.53,143.81,259,2848,21,97,143,Middle East,Apparel,Online,Pending,Medium,3.9,67,0.1271,0.349,99.679,106.5,5,7,7294253,CUST-69890,True,0.06,5326.63,47.2
2026-01-26,67805.45,26510.76,41294.69,60.9,158.28,235,2761,24,709,122,North America,Beauty,Direct Sales,Completed,Low,1.9,-24,0.0789,0.348,99.82,123.2,1,11,2167396,CUST-75161,False,0.0,5424.44,43.6
2026-01-27,59580.95,27939.04,31641.91,53.11,310.03,281,3078,16,1350,51,North America,Apparel,Retail Store,Shipped,Low,3.3,-15,0.3351,0.67,98.899,84.5,4,12,4639051,CUST-22239,False,0.0,4766.48,28.52
2026-01-28,32854.93,29442.93,3412.0,10.39,224.78,674,1923,17,1485,94,Europe,Sports,Wholesale,Shipped,Low,3.8,20,0.2241,0.174,98.445,102.9,2,6,9344520,CUST-92912,False,0.0,2628.39,41.47
2026-01-29,74501.47,35513.32,38988.15,52.33,366.1,494,3507,16,1251,64,North America,Books,Wholesale,Completed,High,3.9,51,0.2641,0.464,99.294,73.3,1,4,1054448,CUST-62315,False,0.0,5960.12,18.24
2026-01-30,32804.82,24530.93,8273.89,25.22,448.51,337,4606,15,850,40,Middle East,Electronics,Online,Completed,Medium,4.9,98,0.3735,0.015,98.243,129.3,1,10,4697012,CUST-90806,True,0.15,2624.39,10.49
2026-01-31,54539.53,27810.17,26729.36,49.01,340.36,806,4582,15,163,46,Middle East,Electronics,Retail Store,Refunded,Medium,1.7,-88,0.1475,0.592,98.082,107.8,2,8,2708988,CUST-59130,True,0.28,4363.16,12.05
2026-02-01,38685.86,29885.84,8800.02,22.75,110.19,189,1848,13,345,17,Middle East,Home & Kitchen,Wholesale,Completed,Low,2.9,33,0.0541,0.784,98.58,129.3,1,7,1353529,CUST-74791,False,0.0,3094.87,15.62
2026-02-02,49037.92,31196.78,17841.14,36.38,467.01,823,2761,16,1803,146,Latin America,Home & Kitchen,Wholesale,Completed,Low,4.5,78,0.3884,0.204,99.36,107.2,0,12,5066675,CUST-72926,False,0.0,3923.03,17.23
2026-02-03,54931.44,30782.62,24148.82,43.96,139.6,674,118,11,487,119,North America,Beauty,Retail Store,Refunded,Low,3.2,-41,0.477,0.307,99.628,128.2,4,9,1756018,CUST-45596,False,0.0,4394.52,23.97
2026-02-04,54820.36,33488.05,21332.31,38.91,83.45,755,3458,21,315,105,North America,Beauty,Direct Sales,Shipped,Low,4.5,-26,0.0802,0.132,98.314,183.2,1,9,5655696,CUST-38938,False,0.0,4385.63,36.04
2026-02-05,56328.81,36750.72,19578.09,34.76,54.08,32,375,11,211,126,Middle East,Beauty,Online,Completed,Medium,2.7,56,0.0439,0.616,99.892,101.7,2,13,9352460,CUST-85175,False,0.0,4506.3,10.93
2026-02-06,74205.67,33141.07,41064.6,55.34,286.06,939,4178,12,1914,69,Europe,Beauty,Wholesale,Completed,Medium,4.2,-85,0.1509,0.564,99.104,137.2,0,6,7484411,CUST-25034,False,0.0,5936.45,13.95
2026-02-07,56803.01,33628.68,23174.33,40.8,65.74,972,4854,14,553,137,North America,Electronics,Retail Store,Completed,Low,4.5,91,0.1564,0.826,99.851,96.9,1,6,9840134,CUST-79855,False,0.0,4544.24,10.13
2026-02-08,46337.65,17342.21,28995.44,62.57,78.0,615,3045,18,1109,121,Latin America,Books,Direct Sales,Cancelled,Critical,4.4,-16,0.2827,0.97,98.3,115.4,4,13,9493327,CUST-32873,False,0.0,3707.01,26.77
2026-02-09,64461.31,30401.82,34059.49,52.84,157.01,379,4747,16,636,105,North America,Sports,Wholesale,Shipped,Low,4.5,-46,0.2099,0.984,98.916,136.6,1,9,6879395,CUST-78457,True,0.19,5156.9,37.12
2026-02-10,67842.06,33836.06,34006.0,50.13,148.01,254,4874,19,507,43,Asia-Pacific,Sports,Direct Sales,Completed,High,1.9,56,0.3163,0.107,98.862,129.9,2,12,2661097,CUST-38048,True,0.18,5427.36,24.92
2026-02-11,31585.88,35831.53,-4245.65,-13.44,306.08,811,4798,25,1055,144,Latin America,Beauty,Wholesale,Shipped,Low,2.8,-23,0.402,0.553,98.823,144.2,1,8,9771136,CUST-12544,False,0.0,2526.87,38.49
2026-02-12,58961.0,24461.19,34499.81,58.51,410.21,169,464,13,1720,113,Europe,Apparel,Wholesale,Shipped,Low,1.7,-46,0.181,0.79,99.862,153.5,3,8,3112626,CUST-45980,False,0.0,4716.88,30.55
2026-02-13,60517.59,24727.69,35789.9,59.14,383.06,382,2073,16,1444,18,Latin America,Sports,Direct Sales,Completed,Medium,1.7,87,0.1556,0.659,99.699,143.3,5,12,6706801,CUST-36764,False,0.0,4841.41,19.24
2026-02-14,45536.55,25407.19,20129.36,44.2,138.62,294,894,20,1559,148,Latin America,Beauty,Online,Pending,Low,3.0,68,0.1103,0.897,99.589,152.2,1,6,3288316,CUST-66974,True,0.06,3642.92,29.52
2026-02-15,70635.6,34291.31,36344.29,51.45,130.2,530,689,19,321,110,North America,Electronics,Direct Sales,Completed,Low,4.8,-92,0.0817,0.442,98.572,127.5,1,3,4821412,CUST-22011,False,0.0,5650.85,42.41
2026-02-16,47749.17,38271.05,9478.12,19.85,483.24,459,4394,12,1252,79,Latin America,Home & Kitchen,Retail Store,Shipped,Low,3.4,-95,0.1069,0.427,98.678,94.5,3,12,3192085,CUST-58778,False,0.0,3819.93,12.78
2026-02-17,51883.65,26740.32,25143.33,48.46,14.04,706,4413,17,529,83,Middle East,Apparel,Wholesale,Completed,Low,4.4,1,0.3448,0.026,98.519,148.0,0,2,7962907,CUST-51728,False,0.0,4150.69,30.35
2026-02-18,47403.92,37263.7,10140.22,21.39,441.06,816,840,17,1006,116,Latin America,Beauty,Direct Sales,Pending,Medium,4.7,56,0.2406,0.016,99.587,106.7,4,10,7149282,CUST-60303,False,0.0,3792.31,35.36
2026-02-19,50233.69,30987.84,19245.85,38.31,107.87,656,4845,19,208,71,North America,Electronics,Direct Sales,Completed,Medium,1.3,45,0.1162,0.693,98.786,144.3,2,4,7267153,CUST-79329,True,0.1,4018.7,45.68
2026-02-20,33555.87,29005.71,4550.16,13.56,474.17,631,2294,17,804,143,Middle East,Home & Kitchen,Wholesale,Completed,Low,1.6,-77,0.2599,0.471,99.957,76.1,2,5,3845366,CUST-55435,False,0.0,2684.47,32.17
2026-02-21,28399.24,28308.93,90.31,0.32,177.73,590,769,23,1886,15,Europe,Beauty,Wholesale,Completed,Low,2.2,-50,0.0817,0.66,98.729,107.5,3,13,3135471,CUST-14267,True,0.26,2271.94,6.92
2026-02-22,73917.58,35972.89,37944.69,51.33,225.77,145,1537,17,253,20,Asia-Pacific,Electronics,Direct Sales,Pending,High,3.5,-84,0.097,0.238,98.34,95.8,2,13,8583787,CUST-53065,False,0.0,5913.41,30.59
2026-02-23,37295.58,32604.62,4690.96,12.58,356.49,105,4860,20,844,5,Latin America,Electronics,Online,Completed,Low,1.2,-80,0.1813,0.863,99.86,133.7,4,2,4268106,CUST-86672,True,0.05,2983.65,14.15
2026-02-24,35129.11,48206.6,-13077.49,-37.23,297.96,128,955,14,1351,128,Middle East,Books,Wholesale,Pending,Medium,4.1,-18,0.0488,0.903,99.565,99.8,5,9,4748752,CUST-96485,False,0.0,2810.33,25.89
2026-02-25,17699.15,23182.2,-5483.05,-30.98,165.79,383,2477,24,1216,42,Middle East,Electronics,Direct Sales,Completed,High,1.3,-39,0.4002,0.662,99.166,119.5,1,6,3539812,CUST-50129,True,0.1,1415.93,30.51
2026-02-26,40415.57,34144.81,6270.76,15.52,281.38,283,4133,14,1593,118,Europe,Beauty,Retail Store,Pending,Low,1.6,-10,0.0314,0.278,99.717,114.9,2,11,7109022,CUST-28013,False,0.0,3233.25,34.64
2026-02-27,30153.65,25766.39,4387.26,14.55,368.05,879,1993,12,561,102,Europe,Electronics,Online,Completed,Low,2.5,16,0.1825,0.216,99.899,155.9,3,13,5891702,CUST-82372,False,0.0,2412.29,8.3
2026-02-28,74630.23,23045.7,51584.53,69.12,30.74,887,1286,13,165,64,Asia-Pacific,Apparel,Retail Store,Completed,Critical,3.2,-26,0.2347,0.625,99.723,136.5,2,12,7848879,CUST-96865,False,0.0,5970.42,43.12
2026-03-01,65147.26,29913.06,35234.2,54.08,15.49,859,1942,17,441,23,Asia-Pacific,Electronics,Wholesale,Completed,Low,4.5,16,0.1839,0.941,99.809,130.1,2,1,4044773,CUST-51152,False,0.0,5211.78,47.47
2026-03-02,39677.74,31098.82,8578.92,21.62,234.45,186,426,11,1416,128,North America,Electronics,Wholesale,Completed,Low,4.9,-47,0.0423,0.578,98.542,120.7,4,3,8001505,CUST-99727,False,0.0,3174.22,36.43
2026-03-03,83786.54,53345.39,30441.15,36.33,74.6,882,3326,14,1446,104,Asia-Pacific,Sports,Online,Pending,Medium,4.5,38,0.2171,0.839,99.022,93.2,3,1,2138190,CUST-20873,False,0.0,6702.92,32.15
2026-03-04,64726.48,28526.83,36199.65,55.93,335.53,758,2500,15,1857,72,Asia-Pacific,Apparel,Wholesale,Pending,Low,1.4,70,0.1129,0.565,99.591,89.3,2,4,2526327,CUST-89305,False,0.0,5178.12,32.84
2026-03-05,45127.53,20958.57,24168.96,53.56,114.89,793,4378,13,737,142,Middle East,Beauty,Retail Store,Completed,Critical,3.5,20,0.1286,0.675,99.052,129.7,0,9,2224120,CUST-57758,False,0.0,3610.2,36.41
2026-03-06,12508.91,32184.09,-19675.18,-157.29,222.1,286,4650,14,979,21,Latin America,Home & Kitchen,Direct Sales,Pending,Low,2.8,35,0.2913,0.568,99.284,70.5,2,11,6840840,CUST-91868,False,0.0,1000.71,44.63
2026-03-07,84364.14,13402.88,70961.26,84.11,106.86,147,4201,12,775,84,Latin America,Books,Direct Sales,Completed,Medium,1.5,50,0.0557,0.575,99.846,118.7,1,4,2889260,CUST-33613,False,0.0,6749.13,11.77
2026-03-08,29156.41,29264.35,-107.94,-0.37,278.76,883,4115,18,418,89,Asia-Pacific,Sports,Retail Store,Completed,Medium,3.2,20,0.1267,0.739,98.591,123.8,1,7,5188682,CUST-31463,False,0.0,2332.51,6.55
2026-03-09,25319.02,30128.2,-4809.18,-18.99,66.87,141,4406,17,1288,96,North America,Home & Kitchen,Retail Store,Completed,Medium,2.4,-48,0.1766,0.396,99.079,70.6,1,8,1175708,CUST-60346,True,0.22,2025.52,8.2
2026-03-10,65338.56,36356.8,28981.76,44.36,21.32,53,150,17,1584,33,North America,Beauty,Wholesale,Completed,Medium,2.4,-61,0.1811,0.904,99.127,118.0,2,10,8776216,CUST-54029,False,0.0,5227.08,17.52
2026-03-11,86596.29,37788.98,48807.31,56.36,35.05,132,1568,11,618,138,Latin America,Beauty,Wholesale,Pending,Critical,1.4,-92,0.1324,0.863,98.719,120.2,4,8,8496003,CUST-87087,True,0.14,6927.7,23.13
2026-03-12,70764.09,25971.44,44792.65,63.3,477.59,145,1109,23,950,123,Europe,Sports,Online,Cancelled,High,4.9,51,0.0918,0.725,98.737,192.8,2,9,5312927,CUST-91698,True,0.18,5661.13,25.95
2026-03-13,58458.64,28795.09,29663.55,50.74,79.72,376,4572,16,790,126,Middle East,Apparel,Direct Sales,Completed,Low,3.9,-25,0.0747,0.743,99.538,120.3,0,12,1720415,CUST-85062,True,0.15,4676.69,15.12
2026-03-14,58921.32,23871.03,35050.29,59.49,357.15,382,3657,13,1885,115,Asia-Pacific,Home & Kitchen,Online,Completed,Medium,2.1,-25,0.1822,0.413,99.859,150.6,3,1,2100610,CUST-61214,False,0.0,4713.71,8.39
2026-03-15,62801.23,20975.5,41825.73,66.6,43.28,135,1174,21,376,91,Middle East,Electronics,Retail Store,Cancelled,Low,4.7,29,0.3099,0.833,99.267,135.6,4,12,1454021,CUST-14769,False,0.0,5024.1,16.19
2026-03-16,61383.93,32479.16,28904.77,47.09,63.0,448,253,20,86,20,Asia-Pacific,Apparel,Retail Store,Completed,Medium,4.8,-31,0.1284,0.933,98.976,129.0,4,7,9200848,CUST-84726,False,0.0,4910.71,39.76
2026-03-17,54217.87,19811.32,34406.55,63.46,259.35,796,681,14,1035,136,Asia-Pacific,Apparel,Online,Completed,Low,4.2,-97,0.1961,0.795,99.501,149.0,3,5,5525179,CUST-56161,True,0.14,4337.43,32.42
2026-03-18,51563.02,26682.98,24880.04,48.25,237.79,585,887,23,429,111,Latin America,Books,Online,Completed,Medium,3.6,-40,0.0256,0.133,99.996,69.5,1,9,1581679,CUST-42866,False,0.0,4125.04,38.32
2026-03-19,49061.1,22038.61,27022.49,55.08,476.27,817,4986,17,845,12,Middle East,Apparel,Direct Sales,Pending,Low,2.5,25,0.0025,0.787,98.165,116.9,3,5,9029060,CUST-23078,False,0.0,3924.89,28.71
2026-03-20,38690.53,34397.47,4293.06,11.1,472.97,753,3481,13,1585,138,Middle East,Home & Kitchen,Retail Store,Pending,Medium,2.7,91,0.0632,0.465,99.303,129.8,1,13,7411610,CUST-69254,False,0.0,3095.24,16.47
2026-03-21,45789.87,44411.44,1378.43,3.01,392.01,60,2367,18,1397,129,Europe,Beauty,Online,Pending,Low,2.8,-65,0.1877,0.609,99.112,86.3,2,2,1940323,CUST-65711,True,0.15,3663.19,48.44
2026-03-22,24605.65,19587.3,5018.35,20.4,305.03,146,4358,14,418,132,Europe,Sports,Direct Sales,Completed,High,4.8,-60,0.0834,0.991,99.22,118.4,3,5,3069471,CUST-84417,False,0.0,1968.45,43.17
2026-03-23,48524.91,15175.85,33349.06,68.73,232.93,167,1070,19,273,57,Middle East,Books,Wholesale,Pending,Medium,4.0,2,0.0882,0.359,98.046,123.3,2,9,2114607,CUST-21057,False,0.0,3881.99,45.98
2026-03-24,35171.13,29000.9,6170.23,17.54,184.53,65,747,20,863,123,Europe,Sports,Wholesale,Completed,High,2.2,65,0.0668,0.349,99.911,114.1,2,1,2718314,CUST-61154,True,0.24,2813.69,14.67
2026-03-25,33446.16,30125.58,3320.58,9.93,474.07,602,1045,16,1786,95,Europe,Sports,Direct Sales,Cancelled,Medium,3.5,-19,0.2318,0.263,98.171,88.9,2,7,6729377,CUST-19564,False,0.0,2675.69,36.39
2026-03-26,52698.41,31749.27,20949.14,39.75,305.43,753,4884,5,1173,67,Asia-Pacific,Electronics,Online,Completed,Critical,3.4,42,0.1728,0.127,98.615,93.6,3,3,8660878,CUST-92343,False,0.0,4215.87,29.66
2026-03-27,70880.03,26429.44,44450.59,62.71,293.75,437,1595,8,1867,138,Latin America,Home & Kitchen,Direct Sales,Completed,Medium,4.2,-53,0.2206,0.168,98.597,108.8,1,13,3320200,CUST-91707,False,0.0,5670.4,14.66
2026-03-28,63774.75,28394.89,35379.86,55.48,123.63,452,2147,15,1148,111,Asia-Pacific,Electronics,Direct Sales,Cancelled,Medium,1.4,-4,0.3122,0.514,99.466,133.5,0,10,3567270,CUST-49435,False,0.0,5101.98,41.79
2026-03-29,26442.49,32940.08,-6497.59,-24.57,32.88,920,1272,12,773,6,Europe,Apparel,Online,Shipped,Low,3.8,57,0.1539,0.91,99.342,123.3,1,4,8947738,CUST-90917,False,0.0,2115.4,5.14
2026-03-30,35155.58,38323.45,-3167.87,-9.01,473.14,973,4318,13,1510,20,Asia-Pacific,Home & Kitchen,Wholesale,Shipped,Medium,2.3,90,0.2525,0.81,98.123,127.0,1,4,1839073,CUST-69050,False,0.0,2812.45,12.71
2026-03-31,64111.57,14359.61,49751.96,77.6,163.73,335,4999,15,752,106,Asia-Pacific,Sports,Direct Sales,Completed,Low,1.5,-76,0.246,0.182,98.299,111.9,3,12,8813991,CUST-72670,False,0.0,5128.93,12.49
2026-04-01,35262.69,27048.48,8214.21,23.29,226.87,649,2986,16,1441,123,North America,Books,Wholesale,Shipped,Low,3.9,-97,0.2009,0.562,98.638,90.6,2,10,6044245,CUST-68964,True,0.23,2821.02,31.12
2026-04-02,46630.5,31710.47,14920.03,32.0,66.17,647,4258,9,112,63,Asia-Pacific,Sports,Direct Sales,Pending,Medium,2.3,-83,0.1716,0.847,99.408,109.3,0,2,5069895,CUST-93324,False,0.0,3730.44,28.01
2026-04-03,58250.78,22656.19,35594.59,61.11,420.09,838,832,16,1697,13,Asia-Pacific,Books,Retail Store,Pending,Low,3.9,72,0.6179,0.539,99.858,90.9,2,3,1558009,CUST-64370,False,0.0,4660.06,46.82
2026-04-04,35474.83,43849.36,-8374.53,-23.61,23.54,89,3187,13,1728,121,Latin America,Electronics,Online,Refunded,Low,1.6,19,0.3057,0.911,98.631,14.0,0,3,5540965,CUST-78935,False,0.0,2837.99,42.29
2026-04-05,51580.63,24916.72,26663.91,51.69,418.66,483,3561,15,148,14,Middle East,Beauty,Wholesale,Completed,Low,4.9,-4,0.2669,0.908,99.051,119.5,1,12,1578952,CUST-67315,True,0.05,4126.45,19.85
2026-04-06,29989.62,29669.66,319.96,1.07,78.74,386,1757,15,826,98,North America,Sports,Online,Completed,Low,4.2,-17,0.1438,0.348,98.745,110.9,1,13,8575186,CUST-82856,True,0.22,2399.17,28.78
2026-04-07,40979.49,34448.18,6531.31,15.94,444.42,878,578,18,1298,11,North America,Books,Wholesale,Shipped,Low,2.2,92,0.1918,0.874,99.155,163.3,2,7,5313162,CUST-16834,False,0.0,3278.36,18.95
2026-04-08,54796.73,25269.72,29527.01,53.88,367.59,928,1237,12,124,97,North America,Electronics,Wholesale,Completed,Low,4.0,-28,0.2636,0.585,99.256,144.1,2,10,7637757,CUST-53323,False,0.0,4383.74,14.04
2026-04-09,26105.09,15227.42,10877.67,41.67,90.69,342,4053,16,1863,127,North America,Beauty,Online,Completed,Low,1.5,-36,0.1889,0.48,99.037,136.7,2,13,3681973,CUST-57268,False,0.0,2088.41,32.49
2026-04-10,56607.12,26570.76,30036.36,53.06,287.25,184,1076,15,1783,67,Latin America,Home & Kitchen,Direct Sales,Completed,Medium,3.6,10,0.225,0.774,98.778,85.0,3,11,6017763,CUST-68411,False,0.0,4528.57,42.14
2026-04-11,49705.43,38235.52,11469.91,23.08,163.2,666,336,18,233,8,Middle East,Books,Direct Sales,Pending,Low,1.2,-74,0.1583,0.79,99.76,155.7,1,13,1952852,CUST-23489,False,0.0,3976.43,6.35
2026-04-12,58287.35,27304.84,30982.51,53.15,97.33,450,2623,15,1366,32,Latin America,Books,Retail Store,Completed,High,2.3,-13,0.2244,0.675,99.604,124.9,4,8,7864833,CUST-21550,True,0.17,4662.99,7.21
2026-04-13,53358.71,23228.53,30130.18,56.47,431.0,135,4143,20,1130,76,North America,Sports,Wholesale,Completed,Critical,4.9,87,0.1584,0.811,99.997,107.5,1,8,7220358,CUST-40405,False,0.0,4268.7,6.68
2026-04-14,70462.11,37405.38,33056.73,46.91,207.73,703,697,17,1322,134,Middle East,Sports,Online,Completed,Low,1.5,86,0.2349,0.951,98.825,92.6,1,9,2261400,CUST-31373,False,0.0,5636.97,36.57
2026-04-15,51878.37,27353.8,24524.57,47.27,205.29,228,1802,12,1699,79,Latin America,Electronics,Wholesale,Completed,Low,3.4,52,0.1762,0.873,98.077,97.1,3,2,2950947,CUST-83112,True,0.26,4150.27,20.68
2026-04-16,43558.92,25918.71,17640.21,40.5,93.24,957,2276,8,518,77,Middle East,Books,Direct Sales,Completed,Low,1.3,61,0.1334,0.074,99.303,111.0,1,10,7093368,CUST-53067,False,0.0,3484.71,36.9
2026-04-17,51834.46,31195.65,20638.81,39.82,197.7,287,2657,17,189,106,Latin America,Electronics,Online,Completed,High,3.7,-51,0.2195,0.85,99.567,84.1,1,8,8856212,CUST-82837,True,0.11,4146.76,15.03
2026-04-18,58149.47,36166.0,21983.47,37.81,437.09,494,264,17,1976,133,Middle East,Books,Online,Shipped,Medium,2.1,82,0.1261,0.782,99.874,121.3,2,12,3366309,CUST-48290,False,0.0,4651.96,5.47
2026-04-19,50732.9,49053.71,1679.19,3.31,187.93,604,2424,13,408,71,Latin America,Electronics,Wholesale,Completed,Medium,2.2,37,0.1806,0.927,98.021,114.2,5,6,3118364,CUST-62420,False,0.0,4058.63,34.92
2026-04-20,50608.88,36617.89,13990.99,27.65,476.29,944,3139,18,1626,32,North America,Books,Retail Store,Shipped,High,2.4,8,0.1534,0.74,99.759,144.0,3,4,7896211,CUST-74442,False,0.0,4048.71,13.76
2026-04-21,39470.12,39278.72,191.4,0.48,473.69,150,669,13,1481,96,North America,Home & Kitchen,Direct Sales,Shipped,High,1.8,85,0.0989,0.878,99.033,114.8,2,4,3831272,CUST-73413,False,0.0,3157.61,30.03
2026-04-22,40056.49,25952.27,14104.22,35.21,81.0,855,3428,14,1547,86,North America,Sports,Direct Sales,Completed,High,4.8,-12,0.1545,0.01,98.75,56.3,3,9,9978686,CUST-23828,False,0.0,3204.52,24.52
2026-04-23,28960.92,21793.06,7167.86,24.75,96.88,616,240,11,1738,55,Latin America,Home & Kitchen,Wholesale,Completed,High,4.6,30,0.1056,0.978,98.444,109.2,0,12,4730010,CUST-58048,False,0.0,2316.87,45.08
2026-04-24,76243.65,30498.65,45745.0,60.0,432.71,886,785,18,1519,60,Middle East,Electronics,Wholesale,Shipped,High,4.5,-15,0.2456,0.191,99.628,80.5,4,4,3721366,CUST-36899,False,0.0,6099.49,6.7
2026-04-25,31342.05,30857.36,484.69,1.55,202.45,715,786,27,1029,77,Middle East,Home & Kitchen,Retail Store,Completed,High,1.4,3,0.0712,0.864,98.727,99.1,0,2,3786782,CUST-78205,False,0.0,2507.36,25.09
2026-04-26,39606.42,21371.9,18234.52,46.04,12.14,119,3380,17,1305,30,Europe,Electronics,Direct Sales,Completed,Low,1.9,9,0.2037,0.93,99.209,87.0,3,5,9397197,CUST-93916,True,0.09,3168.51,42.7
2026-04-27,39223.89,28597.64,10626.25,27.09,144.2,61,2863,7,1690,92,Asia-Pacific,Sports,Retail Store,Completed,Critical,3.4,19,0.1977,0.002,99.023,193.2,4,2,9382601,CUST-61144,False,0.0,3137.91,35.61
2026-04-28,63423.87,33194.54,30229.33,47.66,302.84,624,3690,15,1691,56,North America,Electronics,Online,Completed,Medium,4.9,-13,0.317,0.914,98.526,108.1,5,5,2787577,CUST-70795,False,0.0,5073.91,44.54
2026-04-29,45575.75,32883.15,12692.6,27.85,401.64,622,2138,18,349,129,North America,Sports,Online,Completed,Low,3.4,-45,0.0859,0.829,99.576,145.1,1,7,4082646,CUST-14429,False,0.0,3646.06,49.61
2026-04-30,68716.13,34034.3,34681.83,50.47,75.36,663,1174,11,1715,10,North America,Apparel,Retail Store,Completed,Medium,2.3,54,0.025,0.922,98.596,109.3,1,2,7582049,CUST-69788,False,0.0,5497.29,30.06
2026-05-01,39897.64,32327.72,7569.92,18.97,64.17,722,2325,9,475,121,Europe,Home & Kitchen,Retail Store,Completed,Medium,4.3,-11,0.2816,0.177,99.575,112.1,1,9,2370262,CUST-55166,False,0.0,3191.81,20.54
2026-05-02,54184.91,25943.93,28240.98,52.12,461.83,979,1441,18,1044,16,Europe,Apparel,Wholesale,Pending,Low,1.5,43,0.2514,0.777,98.819,103.4,4,13,8880916,CUST-69183,False,0.0,4334.79,8.64
2026-05-03,37469.79,25888.79,11581.0,30.91,378.06,328,1789,20,210,67,Europe,Sports,Direct Sales,Cancelled,High,4.5,-63,0.0453,0.487,98.06,95.6,5,1,5205769,CUST-77262,False,0.0,2997.58,33.27
2026-05-04,82177.24,20408.39,61768.85,75.17,298.99,208,3110,11,450,40,North America,Sports,Direct Sales,Completed,Low,4.9,4,0.2239,0.258,99.535,96.4,2,10,9059049,CUST-41825,False,0.0,6574.18,39.96
2026-05-05,32186.02,44278.2,-12092.18,-37.57,386.9,805,463,12,1451,13,Middle East,Apparel,Direct Sales,Completed,High,4.9,80,0.0275,0.756,99.799,133.1,4,11,5717050,CUST-82785,True,0.18,2574.88,27.47
2026-05-06,54647.31,30107.6,24539.71,44.91,220.14,738,1167,14,1991,78,North America,Sports,Retail Store,Pending,Low,1.6,95,0.305,0.473,98.24,117.9,3,9,5067248,CUST-62906,False,0.0,4371.78,14.23
2026-05-07,59506.65,28201.18,31305.47,52.61,381.64,55,2740,13,1330,71,Europe,Books,Wholesale,Completed,Low,3.2,-78,0.1451,0.9,99.17,166.5,4,4,9900473,CUST-89587,True,0.24,4760.53,45.72
2026-05-08,56206.99,22569.66,33637.33,59.85,192.18,514,3849,17,790,33,Europe,Electronics,Wholesale,Completed,High,3.3,-18,0.2851,0.711,98.144,112.3,0,3,5147627,CUST-88541,False,0.0,4496.56,45.31
2026-05-09,47220.69,53485.26,-6264.57,-13.27,129.61,549,2130,20,911,75,Asia-Pacific,Beauty,Wholesale,Shipped,Low,1.8,83,0.3157,0.139,99.66,110.3,1,10,2643073,CUST-46747,False,0.0,3777.66,22.24
2026-05-10,48052.69,21413.38,26639.31,55.44,367.22,523,717,19,543,94,Latin America,Apparel,Retail Store,Shipped,High,3.2,-13,0.3055,0.251,99.976,121.4,7,3,2952865,CUST-57910,True,0.11,3844.22,34.58
2026-05-11,50657.17,26569.22,24087.95,47.55,215.64,904,4554,14,538,12,Asia-Pacific,Books,Retail Store,Completed,Low,3.6,-48,0.1775,0.265,98.99,141.2,0,9,9906265,CUST-53320,False,0.0,4052.57,39.64
2026-05-12,47794.97,33326.69,14468.28,30.27,490.87,26,3246,14,1255,47,Asia-Pacific,Home & Kitchen,Wholesale,Completed,High,2.3,99,0.1249,0.344,98.627,124.1,0,11,6269945,CUST-21740,False,0.0,3823.6,9.58
2026-05-13,64458.19,34801.7,29656.49,46.01,181.25,324,2082,10,575,39,North America,Beauty,Retail Store,Completed,Low,2.3,94,0.0963,0.666,99.691,167.1,2,7,2950278,CUST-59350,False,0.0,5156.66,43.02
2026-05-14,83157.85,37663.46,45494.39,54.71,461.65,445,293,14,1173,114,Latin America,Sports,Online,Completed,Low,1.2,46,0.1622,0.894,99.042,210.2,1,2,3832072,CUST-58590,False,0.0,6652.63,37.97
2026-05-15,41637.62,44460.87,-2823.25,-6.78,467.15,397,4558,18,786,26,Latin America,Electronics,Direct Sales,Completed,High,4.8,-97,0.2088,0.594,98.898,148.7,7,3,5036413,CUST-73442,False,0.0,3331.01,28.47
2026-05-16,29452.96,34049.26,-4596.3,-15.61,128.51,86,1219,16,407,70,North America,Books,Direct Sales,Completed,Low,4.2,56,0.2943,0.752,98.456,133.2,3,1,8027240,CUST-22040,False,0.0,2356.24,46.41
2026-05-17,48675.77,21551.75,27124.02,55.72,401.13,987,4302,11,1304,106,Middle East,Beauty,Direct Sales,Completed,High,4.0,72,0.1038,0.317,99.232,50.0,1,5,9625414,CUST-53731,False,0.0,3894.06,40.34
2026-05-18,88695.64,27944.44,60751.2,68.49,222.21,908,626,11,614,98,North America,Electronics,Online,Completed,High,1.1,4,0.1914,0.522,99.213,168.5,4,5,6240329,CUST-36991,False,0.0,7095.65,27.17
2026-05-19,37944.88,32462.66,5482.22,14.45,459.59,380,2052,7,1079,99,Middle East,Electronics,Wholesale,Completed,Low,3.5,-80,0.0678,0.504,98.526,163.0,3,9,7319258,CUST-30715,False,0.0,3035.59,44.49
2026-05-20,74586.75,46545.81,28040.94,37.6,230.56,174,4979,12,139,45,Middle East,Beauty,Direct Sales,Cancelled,Medium,1.7,-47,0.3081,0.701,98.423,173.7,1,10,2998068,CUST-74508,False,0.0,5966.94,44.44
2026-05-21,75165.51,18817.56,56347.95,74.97,374.71,618,1882,9,113,8,Latin America,Books,Retail Store,Shipped,Low,3.6,25,0.2281,0.518,98.877,147.9,1,3,5433119,CUST-47667,False,0.0,6013.24,32.91
2026-05-22,41696.18,39620.61,2075.57,4.98,238.81,626,2773,16,1161,102,North America,Sports,Online,Shipped,Low,3.5,8,0.1785,0.334,98.902,86.8,0,12,4270946,CUST-39919,False,0.0,3335.69,44.88
2026-05-23,58534.75,31439.31,27095.44,46.29,121.62,33,2497,15,1106,14,North America,Beauty,Wholesale,Completed,Low,4.4,100,0.0749,0.244,98.257,86.2,1,6,5682035,CUST-99937,True,0.09,4682.78,37.87
2026-05-24,74425.95,36702.64,37723.31,50.69,107.68,721,3824,17,1145,98,Latin America,Apparel,Online,Completed,Medium,2.0,-49,0.074,0.255,98.552,81.8,1,9,2231249,CUST-28191,False,0.0,5954.08,9.35
2026-05-25,44313.08,29184.04,15129.04,34.14,218.46,44,2689,13,1629,71,Asia-Pacific,Electronics,Direct Sales,Pending,Critical,1.1,45,0.0839,0.981,98.321,122.8,1,3,5429167,CUST-71826,True,0.12,3545.05,44.46
2026-05-26,46946.29,23260.54,23685.75,50.45,380.19,523,3626,12,302,142,North America,Home & Kitchen,Wholesale,Pending,Low,4.7,44,0.2899,0.357,99.803,95.5,2,7,5426553,CUST-83675,True,0.23,3755.7,38.76
2026-05-27,41274.79,36006.98,5267.81,12.76,306.49,810,3949,15,156,77,Europe,Sports,Direct Sales,Pending,Low,4.6,-57,0.112,0.807,98.149,150.1,1,2,5607856,CUST-99303,True,0.21,3301.98,19.93
2026-05-28,34778.65,35235.45,-456.8,-1.31,347.43,853,1734,14,1875,149,Europe,Beauty,Wholesale,Completed,Medium,2.8,6,0.1801,0.071,99.758,100.0,2,6,2824187,CUST-61641,False,0.0,2782.29,11.39
2026-05-29,40260.84,37776.46,2484.38,6.17,148.34,863,3109,18,979,57,North America,Beauty,Direct Sales,Pending,Low,1.3,51,0.3056,0.09,99.056,108.6,0,11,9668996,CUST-41434,False,0.0,3220.87,8.36
2026-05-30,31640.9,29893.56,1747.34,5.52,245.9,470,193,16,1993,8,Middle East,Electronics,Wholesale,Cancelled,Medium,3.0,12,0.1296,0.686,99.331,129.3,2,7,6816507,CUST-11174,False,0.0,2531.27,48.37
2026-05-31,50511.25,25201.42,25309.83,50.11,31.75,147,3894,17,563,72,Latin America,Electronics,Online,Completed,Medium,3.1,33,0.0519,0.457,99.846,103.3,3,8,8380419,CUST-99376,False,0.0,4040.9,31.68
2026-06-01,38450.4,17529.7,20920.7,54.41,410.59,858,3466,17,185,117,Middle East,Beauty,Wholesale,Completed,High,4.3,54,0.1715,0.88,98.731,88.2,2,2,1068340,CUST-97619,False,0.0,3076.03,7.85
2026-06-02,53506.79,36554.99,16951.8,31.68,495.05,583,3046,15,678,100,Europe,Home & Kitchen,Wholesale,Completed,Medium,3.9,74,0.2085,0.862,99.405,56.5,0,1,3500700,CUST-91212,False,0.0,4280.54,6.11
2026-06-03,26661.57,33391.12,-6729.55,-25.24,209.37,820,188,21,458,106,Europe,Electronics,Online,Pending,Low,1.3,73,0.1965,0.756,99.343,152.6,5,8,8197775,CUST-45493,False,0.0,2132.93,9.85
2026-06-04,54963.2,22273.74,32689.46,59.48,15.37,718,2650,14,170,143,Latin America,Electronics,Wholesale,Completed,Medium,3.8,-10,0.0606,0.815,99.977,87.8,1,7,9181523,CUST-19160,False,0.0,4397.06,35.8
2026-06-05,62502.93,25691.41,36811.52,58.9,93.2,898,2914,20,1551,48,Europe,Apparel,Online,Shipped,High,1.5,-10,0.3157,0.871,98.092,106.6,1,8,9285892,CUST-48125,False,0.0,5000.23,14.42
2026-06-06,20093.97,26265.93,-6171.96,-30.72,329.74,580,1545,23,849,123,Asia-Pacific,Books,Direct Sales,Completed,High,1.4,62,0.1744,0.784,98.911,107.0,2,3,7736028,CUST-59767,False,0.0,1607.52,28.18
2026-06-07,55610.85,18136.12,37474.73,67.39,309.92,274,4721,15,873,114,Europe,Apparel,Direct Sales,Shipped,Low,2.6,84,0.0964,0.527,99.979,47.9,2,7,6761983,CUST-99012,True,0.11,4448.87,42.43
2026-06-08,68415.03,23458.54,44956.49,65.71,396.05,342,1930,14,1167,50,Middle East,Home & Kitchen,Direct Sales,Completed,Medium,1.3,39,0.2264,0.265,98.656,130.0,3,12,1580288,CUST-24140,False,0.0,5473.2,39.56
2026-06-09,31855.38,20929.36,10926.02,34.3,134.4,197,2841,22,554,27,Middle East,Books,Wholesale,Completed,Medium,4.3,-72,0.3182,0.787,99.931,169.2,3,7,8391710,CUST-71010,False,0.0,2548.43,22.98
2026-06-10,75088.59,26700.17,48388.42,64.44,384.18,72,654,15,56,110,Asia-Pacific,Beauty,Retail Store,Shipped,Low,2.9,-44,0.1858,0.318,99.633,153.6,3,4,5907975,CUST-27764,False,0.0,6007.09,42.9
2026-06-11,56285.29,24090.42,32194.87,57.2,347.11,829,3864,18,993,130,Middle East,Home & Kitchen,Retail Store,Shipped,Low,3.3,97,0.3104,0.245,98.679,106.8,1,11,1146784,CUST-43986,False,0.0,4502.82,18.92
2026-06-12,39424.82,16983.96,22440.86,56.92,168.18,288,2534,13,1673,94,Middle East,Home & Kitchen,Direct Sales,Refunded,High,3.3,-46,0.117,0.172,98.058,156.9,2,9,3298280,CUST-69959,False,0.0,3153.99,16.12
2026-06-13,49163.46,46180.72,2982.74,6.07,277.29,551,780,12,1767,102,Middle East,Apparel,Online,Completed,Low,4.9,64,0.1817,0.627,98.561,59.3,2,5,2118065,CUST-54732,False,0.0,3933.08,38.92
2026-06-14,58374.9,40020.33,18354.57,31.44,82.16,180,1731,12,240,79,North America,Books,Wholesale,Completed,Low,4.7,-30,0.1556,0.242,98.247,149.1,4,8,1870495,CUST-70954,True,0.14,4669.99,27.36
2026-06-15,51140.08,23767.84,27372.24,53.52,231.76,512,302,14,506,118,Asia-Pacific,Home & Kitchen,Online,Completed,Low,4.4,97,0.271,0.375,98.857,94.4,1,10,2915153,CUST-30208,False,0.0,4091.21,47.65
2026-06-16,58081.34,32179.37,25901.97,44.6,441.79,973,4642,14,1793,124,Asia-Pacific,Books,Wholesale,Completed,Low,2.5,-48,0.1655,0.709,99.879,153.9,0,5,5168188,CUST-32277,True,0.25,4646.51,17.17
2026-06-17,36189.9,33339.72,2850.18,7.88,216.38,542,4018,19,435,89,Europe,Sports,Online,Completed,Low,1.6,-87,0.102,0.794,99.025,121.2,3,2,4595687,CUST-87535,True,0.1,2895.19,28.84
2026-06-18,52540.41,39528.69,13011.72,24.77,421.39,308,3239,15,852,47,Asia-Pacific,Beauty,Direct Sales,Completed,High,3.4,-80,0.065,0.315,98.895,77.9,2,2,1329548,CUST-26245,True,0.06,4203.23,14.11
2026-06-19,28794.28,23451.16,5343.12,18.56,299.22,210,4973,21,915,92,Latin America,Books,Retail Store,Shipped,Critical,2.8,3,0.0145,0.843,98.432,128.7,2,10,2964143,CUST-78369,False,0.0,2303.54,8.61
2026-06-20,48331.61,38736.85,9594.76,19.85,104.02,144,2325,15,1072,147,Asia-Pacific,Apparel,Online,Completed,Medium,1.9,-87,0.1295,0.058,99.243,120.0,1,5,5167317,CUST-73135,False,0.0,3866.53,13.45
2026-06-21,36441.39,25616.76,10824.63,29.7,294.74,281,1786,13,327,134,Latin America,Apparel,Direct Sales,Pending,Low,1.4,-48,0.1172,0.986,98.911,128.3,0,12,2253855,CUST-63203,False,0.0,2915.31,7.65
2026-06-22,38967.05,19313.1,19653.95,50.44,257.93,544,928,14,1521,137,Middle East,Home & Kitchen,Retail Store,Pending,High,2.7,14,0.3399,0.417,99.545,91.9,1,4,2577279,CUST-88998,False,0.0,3117.36,14.01
2026-06-23,68541.4,35793.09,32748.31,47.78,205.33,451,4754,9,876,108,Latin America,Books,Retail Store,Completed,Low,3.6,-5,0.2381,0.325,99.032,79.0,5,12,9144062,CUST-99074,True,0.26,5483.31,6.02
2026-06-24,66369.65,40326.07,26043.58,39.24,68.62,96,2122,15,994,97,North America,Apparel,Retail Store,Refunded,Low,3.5,26,0.1543,0.924,99.773,141.5,1,9,4460861,CUST-60189,False,0.0,5309.57,11.15
2026-06-25,59137.07,50703.27,8433.8,14.26,214.19,40,202,15,101,45,Middle East,Electronics,Online,Completed,Low,4.1,94,0.0503,0.132,99.566,117.7,6,5,8746589,CUST-25188,False,0.0,4730.97,24.47
2026-06-26,33615.31,20402.2,13213.11,39.31,45.65,130,1657,15,1478,36,Latin America,Apparel,Online,Cancelled,Medium,2.9,-16,0.1733,0.358,98.29,140.0,3,2,2616786,CUST-22930,False,0.0,2689.22,17.53
2026-06-27,45253.87,35591.36,9662.51,21.35,58.4,78,4311,10,445,110,Middle East,Beauty,Retail Store,Cancelled,High,2.3,-7,0.4462,0.359,98.272,139.4,1,7,1948813,CUST-44105,False,0.0,3620.31,19.8
2026-06-28,68196.47,26721.59,41474.88,60.82,213.8,655,4187,16,828,6,North America,Electronics,Online,Cancelled,High,3.2,75,0.0806,0.424,98.049,144.8,1,9,9576948,CUST-51836,False,0.0,5455.72,12.7
2026-06-29,52125.75,36266.87,15858.88,30.42,159.64,892,2611,16,1829,14,Middle East,Books,Direct Sales,Shipped,Medium,4.9,10,0.2873,0.848,98.738,176.6,1,1,3068622,CUST-24946,False,0.0,4170.06,46.9
2026-06-30,84789.94,18236.08,66553.86,78.49,463.52,970,203,12,743,123,Middle East,Sports,Wholesale,Completed,Medium,1.2,83,0.224,0.849,98.109,127.0,2,13,5718471,CUST-52309,False,0.0,6783.2,45.29
2026-07-01,55899.77,19897.84,36001.93,64.4,194.1,836,3538,18,260,105,Asia-Pacific,Home & Kitchen,Retail Store,Completed,Low,3.1,66,0.1772,0.592,98.9,85.1,1,11,4237922,CUST-77298,True,0.19,4471.98,19.89
2026-07-02,52880.74,23793.0,29087.74,55.01,381.35,505,2957,14,939,114,Europe,Electronics,Wholesale,Completed,Medium,2.3,0,0.0389,0.992,98.483,92.9,1,6,4220611,CUST-13117,False,0.0,4230.46,46.28
2026-07-03,45363.25,30631.71,14731.54,32.47,269.82,933,906,9,1783,71,Latin America,Apparel,Retail Store,Completed,High,1.4,68,0.0547,0.844,98.996,109.8,1,8,5793419,CUST-34519,False,0.0,3629.06,24.76
2026-07-04,52003.11,24871.35,27131.76,52.17,355.0,155,4755,6,319,27,Europe,Home & Kitchen,Wholesale,Shipped,Low,2.7,75,0.1074,0.681,98.317,127.4,1,3,6891593,CUST-65770,False,0.0,4160.25,18.3
2026-07-05,47712.95,35272.43,12440.52,26.07,137.46,993,2174,17,594,102,North America,Sports,Retail Store,Pending,Low,3.6,55,0.1778,0.199,99.098,168.3,3,4,6732394,CUST-15019,False,0.0,3817.04,49.53
2026-07-06,60621.63,38215.16,22406.47,36.96,471.53,342,626,16,1056,101,North America,Sports,Direct Sales,Completed,Low,3.1,-99,0.2523,0.55,99.933,115.1,2,4,1013031,CUST-59281,False,0.0,4849.73,24.34
2026-07-07,64350.53,34796.62,29553.91,45.93,269.74,490,3536,21,1687,10,Middle East,Home & Kitchen,Retail Store,Completed,Medium,1.1,-79,0.3901,0.214,99.274,178.8,1,12,1162192,CUST-46405,False,0.0,5148.04,8.76
2026-07-08,38210.16,42950.3,-4740.14,-12.41,417.35,915,397,20,894,17,Europe,Home & Kitchen,Direct Sales,Completed,Medium,3.3,98,0.2509,0.302,99.129,181.9,1,11,5249482,CUST-46929,False,0.0,3056.81,31.25
2026-07-09,30031.51,33326.61,-3295.1,-10.97,188.87,272,4972,14,1065,25,Latin America,Home & Kitchen,Retail Store,Completed,Medium,1.9,27,0.211,0.686,99.576,135.1,1,6,6966252,CUST-21198,False,0.0,2402.52,13.18
2026-07-10,22456.92,20264.83,2192.09,9.76,59.1,302,460,18,1355,62,Latin America,Books,Online,Completed,High,2.4,-5,0.2449,0.184,98.011,142.0,2,9,6961264,CUST-60157,True,0.27,1796.55,32.64
2026-07-11,57619.87,40907.01,16712.86,29.01,340.12,438,3817,12,447,124,Middle East,Books,Wholesale,Pending,Medium,2.2,22,0.1577,0.091,98.565,103.9,4,9,8988638,CUST-96938,False,0.0,4609.59,7.16
2026-07-12,33449.5,25158.75,8290.75,24.79,13.8,95,4699,13,1822,124,Latin America,Books,Direct Sales,Pending,Medium,4.4,88,0.1287,0.532,99.974,178.8,2,9,2364607,CUST-10263,False,0.0,2675.96,9.98
2026-07-13,17706.64,37283.35,-19576.71,-110.56,242.89,25,2076,17,1289,140,Asia-Pacific,Apparel,Retail Store,Completed,High,1.2,-21,0.2385,0.001,99.565,97.7,2,8,8132170,CUST-82328,True,0.21,1416.53,19.07
2026-07-14,55828.68,42589.87,13238.81,23.71,104.47,737,2177,10,1505,81,Europe,Books,Online,Completed,High,2.4,-65,0.2441,0.609,98.181,162.1,0,12,2150249,CUST-27621,True,0.07,4466.29,32.73
2026-07-15,87394.99,33653.5,53741.49,61.49,317.41,637,3511,14,1394,102,North America,Home & Kitchen,Retail Store,Pending,Low,2.6,93,0.1982,0.901,98.653,83.9,3,6,9495794,CUST-12790,False,0.0,6991.6,34.08
2026-07-16,49908.94,18030.73,31878.21,63.87,489.92,127,2273,13,863,62,Latin America,Electronics,Wholesale,Completed,Medium,3.5,-20,0.4092,0.19,98.88,142.4,5,3,3221095,CUST-14059,False,0.0,3992.72,34.14
2026-07-17,62577.36,22654.3,39923.06,63.8,237.56,279,4791,9,688,90,Latin America,Electronics,Retail Store,Cancelled,Medium,4.2,-52,0.0213,0.383,99.869,159.0,0,6,2113183,CUST-81461,True,0.08,5006.19,27.96
2026-07-18,51227.44,40581.96,10645.48,20.78,410.57,404,1689,18,542,5,Latin America,Sports,Online,Completed,Low,3.9,-98,0.2324,0.916,99.172,151.8,1,6,8499025,CUST-33421,False,0.0,4098.2,19.88
2026-07-19,48516.66,28647.02,19869.64,40.95,258.81,988,1489,19,1000,81,Middle East,Electronics,Retail Store,Completed,High,4.0,-78,0.1476,0.704,98.154,103.7,3,4,9861420,CUST-58929,False,0.0,3881.33,44.3
2026-07-20,63786.15,30636.59,33149.56,51.97,252.96,864,3614,14,1679,14,North America,Electronics,Retail Store,Shipped,Low,1.8,86,0.1009,0.135,99.018,110.6,0,10,7698681,CUST-18645,False,0.0,5102.89,25.33
2026-07-21,45645.88,36070.6,9575.28,20.98,465.91,171,362,17,1659,73,Europe,Electronics,Direct Sales,Completed,High,4.6,0,0.2922,0.382,98.579,173.8,0,4,6518069,CUST-24558,False,0.0,3651.67,40.22
2026-07-22,54010.88,35570.58,18440.3,34.14,446.08,709,3083,18,177,66,Latin America,Sports,Direct Sales,Completed,Low,2.7,55,0.2803,0.756,98.677,102.3,2,7,4071565,CUST-95498,False,0.0,4320.87,26.23
2026-07-23,54825.47,32230.4,22595.07,41.21,395.04,113,3019,9,123,17,Asia-Pacific,Beauty,Retail Store,Pending,Medium,1.0,8,0.147,0.665,98.229,103.5,1,2,2199744,CUST-32798,False,0.0,4386.04,43.6
2026-07-24,39978.64,28330.65,11647.99,29.14,155.17,662,1963,17,1549,14,Middle East,Electronics,Retail Store,Pending,Low,3.7,4,0.3517,0.156,98.918,172.7,1,2,6211926,CUST-33740,False,0.0,3198.29,6.26
2026-07-25,64880.64,27498.65,37381.99,57.62,277.05,176,101,15,501,7,Europe,Electronics,Online,Completed,Low,3.4,-29,0.0477,0.062,99.339,117.8,1,11,5813145,CUST-77192,False,0.0,5190.45,17.07
2026-07-26,47375.6,36863.19,10512.41,22.19,119.71,309,2033,16,1535,38,Latin America,Electronics,Retail Store,Completed,Low,1.5,-68,0.4005,0.682,99.519,118.1,0,9,4558211,CUST-41472,False,0.0,3790.05,40.1
2026-07-27,38663.82,34428.56,4235.26,10.95,227.52,37,493,18,1981,38,Europe,Sports,Wholesale,Completed,Low,4.8,25,0.0744,0.609,99.391,184.4,2,13,7426582,CUST-54739,True,0.17,3093.11,36.11
2026-07-28,58047.65,27941.6,30106.05,51.86,247.26,433,405,18,487,89,Middle East,Apparel,Direct Sales,Pending,Critical,3.2,-33,0.1232,0.059,99.321,97.4,2,4,1307838,CUST-56934,False,0.0,4643.81,45.82
2026-07-29,36522.98,38656.9,-2133.92,-5.84,417.5,793,629,17,1329,62,Asia-Pacific,Beauty,Wholesale,Completed,Low,2.9,-30,0.0943,0.975,99.738,94.4,1,3,3308206,CUST-90633,False,0.0,2921.84,31.65
2026-07-30,50422.72,28967.73,21454.99,42.55,449.05,571,4723,18,497,109,Latin America,Electronics,Retail Store,Pending,Medium,2.6,-90,0.2096,0.252,98.665,126.3,3,12,5493482,CUST-50556,False,0.0,4033.82,48.0
2026-07-31,49863.22,23186.7,26676.52,53.5,213.16,892,3479,17,1175,13,Asia-Pacific,Sports,Online,Pending,Medium,1.8,35,0.2625,0.386,98.429,121.1,2,2,1446524,CUST-33322,False,0.0,3989.06,46.18
2026-08-01,66288.43,23928.23,42360.2,63.9,18.68,165,1064,9,608,45,Middle East,Sports,Wholesale,Completed,Low,4.8,-81,0.1703,0.178,98.179,92.8,1,8,2261071,CUST-62830,True,0.16,5303.07,46.69
2026-08-02,57120.47,22170.07,34950.4,61.19,432.27,333,4119,12,1750,29,Asia-Pacific,Books,Retail Store,Completed,Low,3.8,-39,0.1483,0.829,98.331,148.2,4,1,3720009,CUST-19234,True,0.25,4569.64,32.66
2026-08-03,49624.6,27820.72,21803.88,43.94,95.4,357,770,13,1019,40,Middle East,Apparel,Direct Sales,Completed,Low,3.3,70,0.2247,0.963,98.299,120.5,1,1,5973878,CUST-48045,False,0.0,3969.97,45.06
2026-08-04,62266.49,39869.79,22396.7,35.97,314.72,130,4168,19,1841,12,Asia-Pacific,Sports,Retail Store,Completed,Medium,3.5,2,0.0648,0.213,99.825,122.3,3,5,4051562,CUST-58102,False,0.0,4981.32,24.34
2026-08-05,70853.11,23559.24,47293.87,66.75,22.24,965,2352,14,986,130,Europe,Sports,Direct Sales,Pending,High,4.4,-9,0.0133,0.283,98.361,119.9,0,8,4631917,CUST-66452,False,0.0,5668.25,48.87
2026-08-06,58367.15,31507.81,26859.34,46.02,205.76,661,2772,19,332,118,Europe,Beauty,Online,Pending,High,3.5,-26,0.0089,0.707,98.188,83.4,3,10,8903672,CUST-12877,False,0.0,4669.37,12.48
2026-08-07,50155.29,24746.49,25408.8,50.66,493.12,537,1813,17,809,109,Middle East,Books,Direct Sales,Completed,Critical,1.5,13,0.1495,0.528,98.801,91.4,1,13,4262272,CUST-91226,False,0.0,4012.42,18.45
2026-08-08,30322.46,27917.53,2404.93,7.93,59.34,830,4144,14,1277,97,Europe,Books,Retail Store,Shipped,Medium,3.8,20,0.2131,0.105,98.339,64.6,2,4,4887743,CUST-52873,False,0.0,2425.8,28.04
2026-08-09,34023.3,17919.67,16103.63,47.33,217.61,959,4916,8,135,93,Asia-Pacific,Apparel,Online,Completed,Critical,3.3,97,0.0649,0.929,98.261,159.9,4,8,5419285,CUST-97541,False,0.0,2721.86,48.25
2026-08-10,45421.63,28235.69,17185.94,37.84,160.5,570,735,13,1397,42,Asia-Pacific,Sports,Direct Sales,Completed,Low,4.9,-94,0.1627,0.611,98.725,120.1,0,9,2688219,CUST-13668,False,0.0,3633.73,31.01
2026-08-11,40857.32,28450.36,12406.96,30.37,453.49,173,3599,11,1998,96,Latin America,Books,Direct Sales,Completed,Medium,3.9,37,0.3057,0.301,99.839,154.8,0,1,5572013,CUST-39781,False,0.0,3268.59,7.82
2026-08-12,47195.43,34322.3,12873.13,27.28,435.98,71,4752,17,213,123,Middle East,Home & Kitchen,Wholesale,Completed,Low,2.4,67,0.1588,0.49,98.061,104.2,5,5,4707483,CUST-80111,False,0.0,3775.63,32.8
2026-08-13,50849.75,31786.25,19063.5,37.49,126.47,349,1217,17,926,105,Europe,Apparel,Direct Sales,Completed,Low,1.5,-97,0.0143,0.5,98.415,160.2,2,6,1394796,CUST-47017,False,0.0,4067.98,47.9
2026-08-14,57945.39,20412.86,37532.53,64.77,49.78,675,2254,16,1130,117,Middle East,Apparel,Retail Store,Shipped,High,2.9,100,0.2705,0.525,99.648,63.4,1,7,9325352,CUST-80084,False,0.0,4635.63,24.48
2026-08-15,48942.52,38673.59,10268.93,20.98,317.3,321,4323,10,255,32,Europe,Home & Kitchen,Online,Completed,Low,3.7,1,0.1119,0.497,98.49,154.0,1,10,1398556,CUST-32989,False,0.0,3915.4,18.56
2026-08-16,57297.52,31682.42,25615.1,44.71,174.82,385,137,10,1981,103,Latin America,Apparel,Retail Store,Cancelled,Medium,1.7,-82,0.1054,0.562,98.882,117.3,4,9,2790533,CUST-65605,False,0.0,4583.8,31.96
2026-08-17,50967.12,31587.15,19379.97,38.02,339.32,355,1732,13,1502,140,Asia-Pacific,Books,Direct Sales,Completed,Medium,3.6,9,0.0377,0.393,98.197,71.5,2,3,8844868,CUST-84307,False,0.0,4077.37,35.78
2026-08-18,20368.0,29926.54,-9558.54,-46.93,25.74,159,4393,13,197,45,Asia-Pacific,Books,Retail Store,Pending,Low,4.3,65,0.2868,0.146,99.59,21.2,2,3,6885493,CUST-88824,True,0.22,1629.44,23.14
2026-08-19,35909.97,25857.94,10052.03,27.99,75.37,897,3875,13,1374,122,North America,Books,Wholesale,Shipped,Low,1.6,-79,0.2405,0.665,99.473,137.6,3,8,4238279,CUST-72087,False,0.0,2872.8,8.44
2026-08-20,47838.69,31742.42,16096.27,33.65,346.32,594,2154,17,840,27,Middle East,Home & Kitchen,Retail Store,Completed,Low,3.8,2,0.0604,0.792,98.256,154.6,0,2,4171178,CUST-93080,False,0.0,3827.1,21.82
2026-08-21,31854.58,33804.71,-1950.13,-6.12,114.06,590,4185,13,1363,27,Europe,Books,Online,Completed,Critical,1.3,28,0.1331,0.841,99.896,122.2,1,10,4085893,CUST-16530,False,0.0,2548.37,26.92
2026-08-22,58998.93,16024.83,42974.1,72.84,430.22,986,3503,14,1094,36,North America,Home & Kitchen,Online,Completed,Medium,1.0,12,0.2669,0.022,99.181,141.1,6,6,4207047,CUST-94506,False,0.0,4719.91,28.37
2026-08-23,72961.26,25689.91,47271.35,64.79,38.71,186,618,17,996,142,Middle East,Home & Kitchen,Direct Sales,Refunded,Medium,1.1,80,0.1233,0.405,99.596,135.6,2,5,1552383,CUST-99736,False,0.0,5836.9,36.54
2026-08-24,68281.43,27960.42,40321.01,59.05,115.59,363,2341,12,1210,85,Europe,Home & Kitchen,Online,Pending,Low,3.5,48,0.1542,0.978,99.528,121.9,2,2,7053602,CUST-82161,False,0.0,5462.51,5.74
2026-08-25,46798.36,32049.36,14749.0,31.52,499.29,523,2463,11,1442,103,Latin America,Apparel,Retail Store,Pending,Low,4.9,34,0.2221,0.063,99.038,153.6,1,13,2334937,CUST-44926,False,0.0,3743.87,44.76
2026-08-26,72360.89,39546.49,32814.4,45.35,222.21,318,1141,7,1595,67,Middle East,Beauty,Direct Sales,Pending,Low,4.1,-94,0.115,0.786,99.495,68.3,2,2,2598208,CUST-47705,False,0.0,5788.87,32.26
2026-08-27,52230.01,23826.07,28403.94,54.38,354.45,128,4815,16,1893,40,Europe,Sports,Retail Store,Completed,High,2.0,-24,0.1702,0.126,98.476,123.4,0,11,2776282,CUST-77404,False,0.0,4178.4,28.81
2026-08-28,44943.71,26016.31,18927.4,42.11,99.5,528,1494,6,606,97,Asia-Pacific,Home & Kitchen,Wholesale,Completed,Low,1.3,-78,0.222,0.825,98.043,143.9,3,1,9513243,CUST-97104,True,0.25,3595.5,12.26
2026-08-29,40798.96,25899.73,14899.23,36.52,308.84,776,2969,19,1509,50,Middle East,Books,Retail Store,Completed,Medium,3.5,87,0.1266,0.672,98.684,104.4,0,2,1820894,CUST-92655,False,0.0,3263.92,10.44
2026-08-30,45462.95,23587.78,21875.17,48.12,365.79,982,3776,11,810,31,Europe,Home & Kitchen,Online,Completed,Medium,1.0,-11,0.1092,0.725,98.305,129.0,1,2,3729334,CUST-31967,False,0.0,3637.04,30.16
2026-08-31,44177.35,27222.51,16954.84,38.38,164.09,925,3821,15,79,80,Asia-Pacific,Sports,Online,Shipped,Low,4.2,-83,0.1664,0.977,99.962,78.8,3,6,1457843,CUST-13895,False,0.0,3534.19,37.28
2026-09-01,52556.24,36166.42,16389.82,31.19,416.16,487,3872,19,1521,105,Asia-Pacific,Electronics,Wholesale,Pending,Medium,2.0,16,0.2298,0.939,99.847,122.6,4,2,2600667,CUST-34601,False,0.0,4204.5,39.3
2026-09-02,52408.61,21569.32,30839.29,58.84,305.67,423,334,17,274,13,North America,Apparel,Direct Sales,Refunded,High,2.2,-30,0.2711,0.304,98.288,94.8,1,3,6805323,CUST-37254,False,0.0,4192.69,30.69
2026-09-03,50045.69,33422.52,16623.17,33.22,200.67,596,3240,21,1459,133,Europe,Books,Online,Completed,Low,2.4,-35,0.3802,0.375,98.688,101.9,2,4,9189198,CUST-50992,True,0.12,4003.66,20.97
2026-09-04,56554.07,16384.78,40169.29,71.03,283.24,360,546,12,1762,60,North America,Apparel,Online,Completed,Medium,4.1,-48,0.2571,0.407,99.019,140.0,3,10,3328641,CUST-85614,False,0.0,4524.33,11.37
2026-09-05,67859.69,25509.3,42350.39,62.41,292.61,515,4805,14,1681,91,North America,Apparel,Online,Shipped,Medium,2.1,46,0.2102,0.181,98.797,58.3,1,3,9148305,CUST-40407,False,0.0,5428.78,30.48
2026-09-06,64243.31,27364.09,36879.22,57.41,91.11,204,107,10,478,22,Latin America,Electronics,Wholesale,Completed,Low,2.1,91,0.1756,0.381,99.4,81.8,3,1,1865396,CUST-96907,False,0.0,5139.46,19.98
2026-09-07,27726.53,43398.88,-15672.35,-56.52,207.34,196,4657,13,578,46,North America,Home & Kitchen,Wholesale,Completed,Low,3.2,41,0.2331,0.979,99.007,145.4,4,3,9807804,CUST-36333,False,0.0,2218.12,41.4
2026-09-08,11691.18,27801.58,-16110.4,-137.8,178.28,459,1099,18,1101,115,North America,Books,Online,Completed,Low,2.9,-76,0.2124,0.49,99.131,114.5,1,10,3174141,CUST-99984,False,0.0,935.29,27.83
2026-09-09,64014.8,12390.05,51624.75,80.65,206.44,505,1434,15,175,77,Latin America,Beauty,Direct Sales,Completed,High,4.8,-68,0.1658,0.953,99.355,94.3,2,9,2387030,CUST-73770,False,0.0,5121.18,15.1
2026-09-10,29496.82,14008.89,15487.93,52.51,382.94,524,233,12,862,69,Latin America,Apparel,Online,Refunded,Low,2.1,75,0.1201,0.071,98.047,135.8,3,6,9930185,CUST-79443,False,0.0,2359.75,42.37
2026-09-11,46628.52,30272.24,16356.28,35.08,246.44,705,2532,18,1858,137,Middle East,Sports,Retail Store,Completed,Low,1.4,-62,0.2935,0.039,98.025,81.2,1,3,9377349,CUST-16443,False,0.0,3730.28,46.13
2026-09-12,32448.3,34910.17,-2461.87,-7.59,470.75,856,155,14,548,14,North America,Beauty,Retail Store,Shipped,Low,3.2,21,0.2218,0.575,98.356,80.1,2,13,1578426,CUST-53607,False,0.0,2595.86,13.26
2026-09-13,22970.29,33003.65,-10033.36,-43.68,153.9,282,3285,12,1260,64,Asia-Pacific,Beauty,Direct Sales,Shipped,Low,1.7,11,0.1976,0.736,99.437,112.7,4,2,9604560,CUST-39445,True,0.22,1837.62,29.79
2026-09-14,58121.94,31340.56,26781.38,46.08,213.69,889,1211,10,703,76,Latin America,Home & Kitchen,Online,Completed,Low,2.7,7,0.2713,0.217,98.481,115.2,2,12,6486777,CUST-82640,False,0.0,4649.76,43.13
2026-09-15,61387.33,39298.08,22089.25,35.98,395.61,61,3279,19,1445,56,Europe,Beauty,Direct Sales,Pending,Medium,1.7,32,0.0539,0.503,99.84,94.0,2,11,7217922,CUST-10604,False,0.0,4910.99,43.96
2026-09-16,41352.34,25683.27,15669.07,37.89,277.55,272,1623,11,187,66,Middle East,Books,Retail Store,Completed,Low,4.5,12,0.0961,0.873,98.157,110.8,1,12,9098499,CUST-11996,True,0.23,3308.19,31.22
2026-09-17,11134.37,37159.28,-26024.91,-233.73,278.04,377,243,18,1043,121,Middle East,Home & Kitchen,Online,Completed,High,2.3,48,0.0783,0.762,99.16,166.7,3,11,3953060,CUST-25039,False,0.0,890.75,28.94
2026-09-18,41806.33,16943.88,24862.45,59.47,36.14,142,3016,12,1410,129,North America,Sports,Online,Shipped,High,4.1,-42,0.3058,0.232,98.051,118.7,0,9,8914044,CUST-37934,False,0.0,3344.51,7.12
2026-09-19,55877.06,22760.42,33116.64,59.27,205.31,234,2203,14,790,64,Asia-Pacific,Beauty,Retail Store,Completed,Medium,4.8,19,0.1753,0.334,99.944,79.7,1,12,6160027,CUST-62171,False,0.0,4470.16,37.9
2026-09-20,27816.33,15543.67,12272.66,44.12,142.66,319,719,18,263,90,Latin America,Home & Kitchen,Direct Sales,Completed,High,4.8,-24,0.2585,0.306,98.427,120.9,1,6,8798992,CUST-11680,False,0.0,2225.31,13.23
2026-09-21,52750.4,27801.24,24949.16,47.3,499.67,582,1986,11,1859,147,Europe,Books,Direct Sales,Completed,Medium,3.1,-87,0.0982,0.72,99.175,45.8,2,10,9367092,CUST-13404,False,0.0,4220.03,44.78
2026-09-22,49770.35,29629.91,20140.44,40.47,161.09,886,2120,10,340,99,North America,Apparel,Wholesale,Completed,Medium,4.9,90,0.1947,0.968,99.906,176.4,1,12,4579810,CUST-15416,False,0.0,3981.63,40.49
2026-09-23,58689.37,30912.81,27776.56,47.33,443.4,25,1508,19,993,11,Asia-Pacific,Electronics,Wholesale,Completed,Low,3.6,-47,0.1871,0.28,98.061,78.5,3,2,8703427,CUST-82620,True,0.18,4695.15,49.73
2026-09-24,51793.71,30495.07,21298.64,41.12,341.35,750,3021,9,1643,43,North America,Home & Kitchen,Wholesale,Completed,Low,1.5,72,0.1879,0.588,99.025,127.2,2,9,4964877,CUST-45993,False,0.0,4143.5,29.57
2026-09-25,35403.97,22579.57,12824.4,36.22,177.05,204,4834,26,420,11,North America,Sports,Direct Sales,Completed,Low,4.6,77,0.0188,0.989,99.053,125.7,0,6,8163364,CUST-15467,False,0.0,2832.32,25.85
2026-09-26,67948.57,28478.07,39470.5,58.09,276.33,772,3473,17,579,144,Middle East,Electronics,Online,Cancelled,Low,2.9,68,0.3345,0.158,98.703,92.7,4,10,1353217,CUST-33985,False,0.0,5435.89,18.7
2026-09-27,47622.06,18020.43,29601.63,62.16,421.86,452,3576,15,741,18,Europe,Apparel,Online,Completed,High,1.6,-9,0.1075,0.659,99.309,165.5,3,11,7375749,CUST-55609,False,0.0,3809.76,6.77
2026-09-28,49590.43,40905.83,8684.6,17.51,442.85,312,936,15,1743,38,Europe,Sports,Wholesale,Completed,Low,4.2,26,0.3159,0.332,99.085,192.0,3,2,2520753,CUST-29412,False,0.0,3967.23,33.59
2026-09-29,36000.98,27570.99,8429.99,23.42,88.59,57,4002,14,1841,126,Europe,Books,Direct Sales,Completed,Low,3.5,28,0.034,0.992,98.498,93.8,1,12,7995623,CUST-98430,False,0.0,2880.08,47.62
2026-09-30,43350.77,26088.91,17261.86,39.82,176.39,756,1685,18,598,77,Europe,Sports,Wholesale,Pending,High,4.5,29,0.2143,0.109,99.411,144.9,1,7,8740106,CUST-28440,False,0.0,3468.06,26.29
2026-10-01,36727.96,42711.52,-5983.56,-16.29,174.26,130,4975,16,1369,68,Latin America,Apparel,Direct Sales,Completed,Medium,4.3,-29,0.0495,0.451,98.932,85.4,4,12,9813943,CUST-72564,False,0.0,2938.24,18.24
2026-10-02,47405.81,20062.03,27343.78,57.68,30.6,508,936,10,823,101,Latin America,Electronics,Direct Sales,Cancelled,Medium,2.3,40,0.3932,0.255,98.941,166.2,1,11,4809417,CUST-74463,False,0.0,3792.46,35.55
2026-10-03,75675.63,20995.3,54680.33,72.26,303.14,841,2657,21,1664,16,Europe,Books,Wholesale,Pending,Low,2.0,46,0.1841,0.032,99.904,164.3,2,10,8170787,CUST-27010,False,0.0,6054.05,37.15
2026-10-04,29421.48,21230.24,8191.24,27.84,428.86,571,2959,11,1066,130,Asia-Pacific,Sports,Online,Completed,High,3.9,-50,0.1689,0.964,99.07,155.3,0,10,4555922,CUST-31124,False,0.0,2353.72,37.21
2026-10-05,25796.58,29457.03,-3660.45,-14.19,196.97,478,4460,15,468,38,Latin America,Beauty,Online,Completed,Low,3.3,25,0.181,0.568,99.569,62.0,1,2,3882561,CUST-53429,False,0.0,2063.73,48.11
2026-10-06,72067.55,33453.05,38614.5,53.58,372.62,50,1497,13,1739,31,Latin America,Beauty,Direct Sales,Completed,Medium,1.3,-99,0.2357,0.701,99.735,101.0,3,7,2354049,CUST-63573,False,0.0,5765.4,10.49
2026-10-07,46860.14,35917.4,10942.74,23.35,317.57,465,3922,8,410,22,Asia-Pacific,Home & Kitchen,Retail Store,Pending,Medium,1.7,-91,0.0968,0.62,99.161,101.5,0,13,8950348,CUST-44382,True,0.18,3748.81,41.52
2026-10-08,39963.91,50575.96,-10612.05,-26.55,194.07,543,4497,15,1932,41,Europe,Beauty,Retail Store,Completed,Medium,1.6,96,0.0661,0.148,99.573,99.1,1,6,8190942,CUST-96737,False,0.0,3197.11,8.71
2026-10-09,65598.57,12004.54,53594.03,81.7,79.12,380,3530,20,1231,139,North America,Sports,Retail Store,Pending,High,3.4,17,0.2433,0.171,98.619,166.5,1,7,9964135,CUST-14164,False,0.0,5247.89,36.6
2026-10-10,40915.77,34869.88,6045.89,14.78,357.57,191,904,17,1148,72,Latin America,Electronics,Wholesale,Shipped,Low,1.3,-71,0.1492,0.626,98.364,56.6,0,13,8133327,CUST-25355,False,0.0,3273.26,38.96
2026-10-11,77390.15,25542.96,51847.19,66.99,428.74,526,1175,14,1445,84,North America,Beauty,Online,Pending,High,1.8,-36,0.107,0.78,99.391,133.6,3,6,9223052,CUST-97464,False,0.0,6191.21,23.2
2026-10-12,60168.89,25308.68,34860.21,57.94,346.07,666,4294,15,969,90,North America,Home & Kitchen,Retail Store,Pending,Medium,3.2,8,0.1769,0.611,99.852,146.0,3,4,8675054,CUST-28505,True,0.22,4813.51,37.34
2026-10-13,42681.33,25041.82,17639.51,41.33,18.76,878,2740,15,1963,64,Asia-Pacific,Books,Retail Store,Shipped,Medium,1.5,-57,0.5245,0.57,98.085,95.4,4,12,8839960,CUST-85215,False,0.0,3414.51,14.17
2026-10-14,82359.62,22729.84,59629.78,72.4,115.95,599,3184,18,616,52,Europe,Beauty,Retail Store,Completed,Critical,2.0,-59,0.042,0.746,99.526,137.7,2,1,6607034,CUST-90620,True,0.16,6588.77,6.47
2026-10-15,40914.28,43476.2,-2561.92,-6.26,44.05,240,1513,16,767,104,North America,Home & Kitchen,Retail Store,Completed,Medium,4.6,-98,0.2837,0.244,98.057,135.5,2,10,9093405,CUST-43648,False,0.0,3273.14,13.01
2026-10-16,61131.43,36738.38,24393.05,39.9,289.49,818,4552,23,776,88,Europe,Beauty,Wholesale,Completed,High,3.8,10,0.117,0.732,98.917,110.5,3,4,6378064,CUST-96695,False,0.0,4890.51,11.2
2026-10-17,54489.39,30185.57,24303.82,44.6,380.67,357,1763,16,1594,99,Middle East,Beauty,Online,Completed,Low,2.2,57,0.0427,0.411,99.354,158.0,3,1,9191466,CUST-74347,False,0.0,4359.15,42.79
2026-10-18,69526.12,40808.13,28717.99,41.31,64.18,488,3075,13,1179,56,Europe,Sports,Online,Cancelled,High,4.5,64,0.1267,0.674,98.811,101.0,3,6,6415383,CUST-31758,False,0.0,5562.09,17.22
2026-10-19,73422.67,17899.77,55522.9,75.62,420.79,218,4206,19,1903,81,Asia-Pacific,Electronics,Online,Completed,High,2.0,-73,0.3109,0.275,98.602,158.1,6,5,7270053,CUST-85395,False,0.0,5873.81,37.57
2026-10-20,50480.06,19354.36,31125.7,61.66,282.2,684,4276,18,416,88,Asia-Pacific,Home & Kitchen,Retail Store,Pending,Critical,3.4,-50,0.2347,0.137,98.374,124.6,1,4,1905688,CUST-11091,False,0.0,4038.4,42.41
2026-10-21,38698.73,12576.26,26122.47,67.5,348.08,689,2153,15,451,58,Middle East,Home & Kitchen,Direct Sales,Pending,High,2.5,14,0.2453,0.029,99.956,109.1,1,8,9536392,CUST-45919,False,0.0,3095.9,47.97
2026-10-22,56899.58,24404.68,32494.9,57.11,485.99,287,2520,11,1830,43,Asia-Pacific,Apparel,Wholesale,Pending,Low,4.0,24,0.1215,0.803,99.141,112.2,1,2,9305026,CUST-83207,False,0.0,4551.97,42.13
2026-10-23,39834.27,31293.59,8540.68,21.44,51.0,758,2628,14,1892,27,Europe,Apparel,Wholesale,Completed,Medium,2.5,-88,0.2225,0.197,98.256,71.4,4,7,7963129,CUST-70699,False,0.0,3186.74,42.97
2026-10-24,80200.81,30822.87,49377.94,61.57,451.6,697,4417,14,152,52,Europe,Home & Kitchen,Wholesale,Completed,High,2.0,-61,0.0919,0.363,98.096,107.3,2,6,8003133,CUST-18476,False,0.0,6416.06,20.47
2026-10-25,52048.03,31194.74,20853.29,40.07,71.79,62,2040,17,836,117,Europe,Sports,Online,Completed,Medium,3.4,53,0.1667,0.769,98.487,80.7,2,12,7528749,CUST-51976,False,0.0,4163.84,18.05
2026-10-26,44520.18,18711.55,25808.63,57.97,202.55,870,3252,18,374,124,Asia-Pacific,Electronics,Online,Cancelled,Medium,4.0,3,0.1989,0.45,99.077,129.3,2,5,4340391,CUST-79945,False,0.0,3561.61,23.91
2026-10-27,52770.2,36425.24,16344.96,30.97,427.2,19,2046,14,422,131,Europe,Beauty,Wholesale,Completed,Low,3.1,57,0.1762,0.218,99.504,151.5,2,8,1575495,CUST-84896,False,0.0,4221.62,35.48
2026-10-28,29793.11,31917.02,-2123.91,-7.13,454.06,667,614,18,387,45,Latin America,Books,Retail Store,Completed,Low,3.9,51,0.1192,0.195,99.962,136.0,1,1,5597986,CUST-35797,True,0.1,2383.45,18.93
2026-10-29,35425.79,35864.43,-438.64,-1.24,258.12,748,320,10,940,51,Middle East,Sports,Direct Sales,Completed,Medium,2.7,-63,0.4041,0.408,99.668,95.0,1,9,3891994,CUST-10748,False,0.0,2834.06,6.33
2026-10-30,68006.21,14857.9,53148.31,78.15,301.11,757,327,24,1106,76,Latin America,Beauty,Online,Completed,High,4.2,4,0.1473,0.565,99.224,110.7,3,9,7483717,CUST-34337,False,0.0,5440.5,29.53
2026-10-31,40146.59,32491.93,7654.66,19.07,356.99,473,2437,15,1181,61,Europe,Books,Online,Completed,Medium,3.3,9,0.1387,0.392,99.333,129.7,0,10,6844547,CUST-96013,True,0.11,3211.73,6.5
2026-11-01,34296.34,20497.88,13798.46,40.23,418.05,763,4488,17,1495,66,Asia-Pacific,Electronics,Retail Store,Refunded,Low,1.8,96,0.2354,0.905,99.044,131.5,2,12,2759259,CUST-95737,False,0.0,2743.71,40.17
2026-11-02,58049.79,26821.41,31228.38,53.8,69.54,826,3364,18,1342,90,Middle East,Apparel,Retail Store,Shipped,Medium,4.6,-85,0.0331,0.004,98.869,177.3,4,8,3826604,CUST-60619,False,0.0,4643.98,10.47
2026-11-03,67785.56,34274.92,33510.64,49.44,406.93,592,1055,11,1146,61,Latin America,Home & Kitchen,Online,Shipped,High,4.3,9,0.1555,0.402,99.569,141.8,1,12,5584299,CUST-27084,False,0.0,5422.84,46.15
2026-11-04,60784.3,30728.75,30055.55,49.45,245.83,167,1597,9,1931,76,Europe,Electronics,Retail Store,Completed,Medium,4.9,-46,0.3011,0.743,98.355,125.2,2,9,5744918,CUST-47080,False,0.0,4862.74,29.51
2026-11-05,64940.72,23187.68,41753.04,64.29,230.81,28,1380,16,1254,128,Asia-Pacific,Books,Retail Store,Completed,High,3.3,76,0.0862,0.891,98.668,123.6,2,11,1920446,CUST-14918,True,0.06,5195.26,33.79
2026-11-06,38648.07,30050.19,8597.88,22.25,217.71,64,2078,19,1970,21,Europe,Sports,Retail Store,Shipped,Low,3.7,26,0.0355,0.358,99.957,107.8,3,5,2867252,CUST-34994,False,0.0,3091.85,21.68
2026-11-07,28672.84,17747.72,10925.12,38.1,259.51,965,1629,10,1853,84,Latin America,Home & Kitchen,Direct Sales,Shipped,High,4.5,-21,0.1959,0.674,99.143,120.0,4,12,6736203,CUST-41529,False,0.0,2293.83,34.28
2026-11-08,72520.0,39202.14,33317.86,45.94,473.07,736,4583,11,1225,43,Latin America,Books,Direct Sales,Completed,High,1.2,-49,0.062,0.58,98.997,145.1,2,13,2228040,CUST-75162,False,0.0,5801.6,16.42
2026-11-09,45159.8,28357.73,16802.07,37.21,278.62,977,2762,14,1585,147,Middle East,Beauty,Direct Sales,Shipped,Critical,4.6,-52,0.2323,0.202,99.702,95.3,1,2,4324996,CUST-89732,False,0.0,3612.78,41.57
2026-11-10,46237.5,38948.4,7289.1,15.76,477.06,730,2513,12,1970,21,Asia-Pacific,Beauty,Retail Store,Refunded,High,2.1,91,0.1763,0.681,99.524,134.4,0,4,9628202,CUST-68277,True,0.26,3699.0,19.45
2026-11-11,69922.91,25787.75,44135.16,63.12,98.34,30,2805,15,1141,39,North America,Sports,Retail Store,Completed,Low,1.2,-53,0.1692,0.25,98.652,116.2,4,2,5558054,CUST-72616,True,0.12,5593.83,33.66
2026-11-12,58343.45,25811.39,32532.06,55.76,364.83,291,3635,20,1976,37,Europe,Beauty,Direct Sales,Completed,High,2.0,-27,0.0942,0.784,99.252,180.1,4,2,9726964,CUST-61424,True,0.23,4667.48,37.47
2026-11-13,56838.32,23886.51,32951.81,57.97,408.0,770,4384,11,1445,115,Asia-Pacific,Home & Kitchen,Direct Sales,Completed,Medium,3.3,-19,0.0373,0.866,98.371,130.3,2,12,6420443,CUST-37503,True,0.27,4547.07,19.25
2026-11-14,82475.04,37009.39,45465.65,55.13,342.77,549,1017,18,1421,139,North America,Apparel,Wholesale,Refunded,Low,1.2,-63,0.1254,0.478,98.106,131.5,1,5,6597958,CUST-30859,True,0.22,6598.0,33.76
2026-11-15,40347.23,24324.55,16022.68,39.71,307.39,944,1301,15,1046,78,Asia-Pacific,Apparel,Online,Completed,Low,1.0,-84,0.2425,0.054,99.98,90.0,1,12,3691463,CUST-73210,False,0.0,3227.78,21.86
2026-11-16,63917.6,35156.76,28760.84,45.0,286.76,426,2522,17,1782,102,Europe,Books,Direct Sales,Pending,Low,3.6,-60,0.2862,0.737,99.474,171.3,2,1,6462934,CUST-48118,False,0.0,5113.41,29.42
2026-11-17,50855.2,26940.38,23914.82,47.03,431.86,817,1721,15,1880,22,Europe,Apparel,Wholesale,Pending,High,2.8,-47,0.172,0.467,99.862,137.7,1,10,7921879,CUST-79946,False,0.0,4068.42,40.35
2026-11-18,54028.88,14192.29,39836.59,73.73,412.61,732,859,13,81,27,Middle East,Apparel,Wholesale,Completed,Medium,4.4,-61,0.2615,0.095,99.664,167.7,1,10,5405167,CUST-23155,False,0.0,4322.31,37.83
2026-11-19,72927.03,25437.49,47489.54,65.12,69.92,294,4389,23,976,35,Latin America,Books,Direct Sales,Completed,Medium,2.0,-70,0.0711,0.331,98.856,113.6,1,5,9709969,CUST-38869,False,0.0,5834.16,15.63
2026-11-20,57617.54,20567.13,37050.41,64.3,425.81,541,1588,16,669,18,Latin America,Books,Wholesale,Completed,Low,2.1,-11,0.0834,0.291,99.723,119.9,1,1,1469836,CUST-77000,True,0.17,4609.4,36.7
2026-11-21,58074.44,30271.22,27803.22,47.88,212.89,541,4358,11,1152,27,Latin America,Books,Direct Sales,Shipped,Medium,1.3,53,0.259,0.726,99.573,72.0,1,3,9321213,CUST-92563,True,0.27,4645.96,41.49
2026-11-22,66087.61,20476.74,45610.87,69.02,134.31,520,4471,18,1332,6,Middle East,Home & Kitchen,Online,Pending,Low,3.2,-25,0.0617,0.424,98.517,184.6,1,13,1668844,CUST-44950,False,0.0,5287.01,11.45
2026-11-23,44525.71,37407.8,7117.91,15.99,436.19,851,4559,19,1570,77,Latin America,Books,Online,Shipped,Medium,2.5,45,0.1999,0.587,99.246,132.9,2,7,2536214,CUST-49906,False,0.0,3562.06,6.89
2026-11-24,37411.85,29271.39,8140.46,21.76,221.69,405,1765,17,927,63,Asia-Pacific,Home & Kitchen,Online,Completed,Critical,2.4,-66,0.0524,0.501,98.61,184.9,3,8,6157672,CUST-98338,True,0.09,2992.95,25.09
2026-11-25,34327.86,28579.23,5748.63,16.75,406.1,129,2102,18,224,37,Latin America,Home & Kitchen,Direct Sales,Completed,High,2.8,22,0.1898,0.724,98.468,107.8,3,11,9825966,CUST-28323,True,0.28,2746.23,16.12
2026-11-26,20504.65,35247.14,-14742.49,-71.9,139.07,106,559,16,1440,144,Latin America,Home & Kitchen,Wholesale,Shipped,Low,4.4,19,0.0479,0.718,98.163,136.5,2,1,1185874,CUST-84900,False,0.0,1640.37,9.45
2026-11-27,80843.11,37711.26,43131.85,53.35,11.93,129,3121,10,64,87,Europe,Books,Direct Sales,Completed,Medium,1.4,-45,0.3413,0.449,99.086,154.7,2,10,4146761,CUST-55848,False,0.0,6467.45,44.73
2026-11-28,33451.87,29839.21,3612.66,10.8,252.78,546,2390,8,1124,39,Middle East,Apparel,Online,Completed,Medium,3.1,16,0.0346,0.135,98.785,131.5,3,9,9955051,CUST-60017,False,0.0,2676.15,6.52
2026-11-29,46681.2,23830.4,22850.8,48.95,59.11,162,1465,20,156,45,Middle East,Sports,Wholesale,Completed,Low,1.8,-71,0.0846,0.408,98.176,108.4,0,6,2018507,CUST-50848,False,0.0,3734.5,20.01
2026-11-30,45847.8,15808.24,30039.56,65.52,379.64,254,3301,8,1795,114,Latin America,Sports,Retail Store,Completed,Critical,1.8,72,0.0768,0.16,99.437,103.4,1,9,8060631,CUST-40175,True,0.16,3667.82,39.77
2026-12-01,54611.1,24511.6,30099.5,55.12,145.28,781,4852,18,518,145,North America,Apparel,Online,Completed,Medium,2.0,-26,0.1534,0.959,99.446,107.9,1,13,8558406,CUST-86800,False,0.0,4368.89,6.81
2026-12-02,62236.06,25062.3,37173.76,59.73,227.39,525,1483,12,251,43,Europe,Books,Direct Sales,Completed,Medium,2.8,-49,0.4609,0.95,98.471,213.5,2,10,2229781,CUST-13534,True,0.2,4978.88,14.95
2026-12-03,62907.1,30856.46,32050.64,50.95,52.65,402,2235,14,1862,120,Latin America,Apparel,Direct Sales,Pending,Medium,3.0,95,0.2038,0.457,99.912,98.2,2,2,5443373,CUST-23504,False,0.0,5032.57,33.09
2026-12-04,41253.84,27238.82,14015.02,33.97,150.46,152,4937,13,1291,76,North America,Books,Direct Sales,Completed,Low,4.5,-46,0.1603,0.028,99.556,50.5,1,2,8763427,CUST-91057,False,0.0,3300.31,26.02
2026-12-05,47493.17,35503.46,11989.71,25.25,392.93,513,3132,16,1114,93,Asia-Pacific,Home & Kitchen,Retail Store,Cancelled,Low,4.6,37,0.1666,0.375,99.611,121.3,4,6,4113455,CUST-27707,False,0.0,3799.45,8.95
2026-12-06,54238.7,25096.13,29142.57,53.73,84.28,803,3809,17,1961,145,Europe,Beauty,Wholesale,Completed,Low,3.3,81,0.1498,0.895,98.007,120.9,2,12,9652289,CUST-98517,False,0.0,4339.1,23.07
2026-12-07,46269.63,29543.67,16725.96,36.15,327.11,856,1621,22,1844,60,Middle East,Electronics,Direct Sales,Completed,Low,2.1,-67,0.0796,0.288,99.957,109.0,0,1,9951720,CUST-94835,False,0.0,3701.57,18.78
2026-12-08,74110.18,39471.9,34638.28,46.74,459.54,867,1723,18,1458,103,North America,Sports,Direct Sales,Completed,Low,4.3,90,0.0845,0.622,99.981,98.3,2,2,7492869,CUST-23568,False,0.0,5928.81,36.46
2026-12-09,57364.62,32734.6,24630.02,42.94,343.12,229,781,15,966,50,Latin America,Books,Direct Sales,Shipped,High,4.2,58,0.1609,0.184,99.014,110.4,1,12,8429780,CUST-79396,False,0.0,4589.17,30.15
2026-12-10,61023.17,29519.7,31503.47,51.63,407.4,848,3234,10,1788,104,North America,Home & Kitchen,Online,Cancelled,Medium,4.2,91,0.0727,0.825,99.97,73.8,0,5,7822030,CUST-34652,False,0.0,4881.85,28.77
2026-12-11,59943.22,25184.44,34758.78,57.99,63.4,169,3361,16,385,117,Middle East,Beauty,Online,Completed,High,1.1,77,0.33,0.892,99.224,182.2,1,6,8166900,CUST-33696,False,0.0,4795.46,39.21
2026-12-12,67602.11,24934.15,42667.96,63.12,132.86,85,4796,15,1684,115,Asia-Pacific,Home & Kitchen,Retail Store,Completed,High,4.0,55,0.0678,0.615,98.268,128.6,4,12,4774769,CUST-24667,False,0.0,5408.17,14.51
2026-12-13,52715.32,23195.09,29520.23,56.0,448.32,620,3519,17,1734,78,North America,Electronics,Wholesale,Completed,Medium,4.4,6,0.0309,0.624,99.628,124.1,2,5,5268773,CUST-18865,False,0.0,4217.23,32.92
2026-12-14,30547.52,25671.95,4875.57,15.96,360.4,701,1967,14,154,73,Latin America,Sports,Wholesale,Shipped,Low,3.4,-64,0.0432,0.379,99.116,156.8,1,3,6814673,CUST-23606,False,0.0,2443.8,13.53
2026-12-15,55995.32,36045.33,19949.99,35.63,323.38,648,3709,9,252,35,North America,Apparel,Direct Sales,Pending,Medium,4.0,59,0.096,0.707,98.685,214.8,3,6,8536827,CUST-29559,False,0.0,4479.63,27.41
2026-12-16,40229.65,28224.89,12004.76,29.84,335.25,41,1299,14,1583,129,Asia-Pacific,Apparel,Direct Sales,Shipped,Low,4.1,-66,0.1125,0.478,98.472,105.9,1,9,1865508,CUST-59738,False,0.0,3218.37,37.24
2026-12-17,42070.75,19201.82,22868.93,54.36,212.96,786,2923,10,1168,28,North America,Home & Kitchen,Online,Completed,Low,3.0,84,0.1038,0.745,99.038,130.7,4,4,7095697,CUST-25885,False,0.0,3365.66,36.55
2026-12-18,58795.46,44145.35,14650.11,24.92,31.83,343,3048,16,1250,36,Asia-Pacific,Electronics,Online,Completed,Medium,4.3,88,0.0432,0.969,99.384,148.1,3,13,2773116,CUST-68499,False,0.0,4703.64,25.45
2026-12-19,68574.25,32559.72,36014.53,52.52,394.38,534,4078,15,114,117,Asia-Pacific,Home & Kitchen,Online,Pending,Medium,4.2,-16,0.1539,0.822,99.754,144.2,1,3,9470198,CUST-54448,False,0.0,5485.94,16.74
2026-12-20,50319.07,18744.45,31574.62,62.75,342.57,449,3725,19,602,20,Europe,Apparel,Online,Shipped,Low,4.7,-69,0.1684,0.517,99.197,151.7,2,10,2564219,CUST-64936,False,0.0,4025.53,5.96
2026-12-21,54632.5,26465.21,28167.29,51.56,241.67,901,4678,14,273,112,Europe,Home & Kitchen,Direct Sales,Completed,Low,4.7,-93,0.0358,0.979,98.831,152.1,3,7,6913136,CUST-68732,True,0.08,4370.6,22.48
2026-12-22,75533.22,30887.09,44646.13,59.11,450.88,949,268,14,1652,28,Latin America,Beauty,Online,Completed,Low,3.1,62,0.0439,0.607,99.264,105.6,1,8,9298256,CUST-24888,False,0.0,6042.66,31.81
2026-12-23,53611.3,43636.74,9974.56,18.61,174.72,361,2121,17,429,38,Latin America,Electronics,Wholesale,Cancelled,Medium,1.1,-78,0.3361,0.065,98.994,161.8,3,11,3798673,CUST-36325,True,0.21,4288.9,18.15
2026-12-24,89025.25,21135.1,67890.15,76.26,154.22,348,2294,11,304,132,Latin America,Apparel,Online,Completed,Critical,1.1,-8,0.0846,0.73,99.304,116.1,1,8,5457747,CUST-57871,False,0.0,7122.02,41.44
2026-12-25,58482.64,37808.33,20674.31,35.35,437.67,935,538,21,1371,56,Asia-Pacific,Sports,Retail Store,Completed,Medium,4.8,65,0.3014,0.82,99.218,129.8,6,10,4390530,CUST-13840,False,0.0,4678.61,42.96
2026-12-26,23588.56,41195.89,-17607.33,-74.64,400.52,409,3360,26,1654,52,Asia-Pacific,Sports,Online,Completed,High,2.3,-82,0.2253,0.135,99.957,141.5,4,13,2875831,CUST-58446,False,0.0,1887.08,23.91
2026-12-27,61300.12,24970.77,36329.35,59.26,262.34,405,4355,21,220,91,Europe,Home & Kitchen,Direct Sales,Completed,Medium,2.5,81,0.1164,0.679,99.244,95.1,3,9,7886363,CUST-63463,False,0.0,4904.01,25.46
2026-12-28,55717.38,27779.89,27937.49,50.14,74.06,211,2549,12,662,123,Asia-Pacific,Electronics,Direct Sales,Completed,Low,2.9,-56,0.1403,0.921,99.382,135.2,2,11,2703925,CUST-73028,False,0.0,4457.39,13.05
2026-12-29,69346.29,21709.53,47636.76,68.69,115.39,971,4781,10,701,42,Europe,Home & Kitchen,Direct Sales,Pending,Medium,2.1,-65,0.0371,0.251,99.785,141.7,2,7,4407783,CUST-67222,False,0.0,5547.7,12.07
2026-12-30,60097.72,28372.31,31725.41,52.79,331.55,539,963,29,767,134,North America,Apparel,Online,Completed,Low,3.4,76,0.1895,0.585,99.826,53.7,2,6,5948432,CUST-39994,False,0.0,4807.82,15.4
2026-12-31,47923.16,29707.28,18215.88,38.01,198.67,918,239,14,881,73,Latin America,Electronics,Wholesale,Completed,Low,4.1,87,0.5135,0.275,98.282,169.1,2,5,7992854,CUST-61876,False,0.0,3833.85,23.49
2027-01-01,31635.53,35277.2,-3641.67,-11.51,419.87,102,4523,18,1437,86,Latin America,Apparel,Direct Sales,Shipped,Medium,2.0,-45,0.2015,0.774,98.908,91.3,3,5,5395234,CUST-33237,True,0.28,2530.84,48.72
2027-01-02,46864.65,38721.47,8143.18,17.38,475.48,801,324,12,868,122,Middle East,Beauty,Wholesale,Refunded,High,4.0,100,0.1898,0.581,99.886,129.6,1,13,5664607,CUST-74526,True,0.21,3749.17,33.11
2027-01-03,37242.19,24015.23,13226.96,35.52,404.76,367,657,16,122,57,Europe,Beauty,Direct Sales,Shipped,Medium,3.7,-37,0.036,0.428,99.92,173.5,2,10,6065843,CUST-12209,False,0.0,2979.38,24.03
2027-01-04,41292.15,14261.4,27030.75,65.46,195.0,405,1673,15,1133,54,Middle East,Sports,Direct Sales,Shipped,Critical,3.1,-39,0.0907,0.029,98.38,142.9,1,1,9546616,CUST-72950,False,0.0,3303.37,14.82
2027-01-05,58828.68,29830.04,28998.64,49.29,396.46,837,485,16,504,78,Latin America,Books,Wholesale,Cancelled,Medium,2.3,-42,0.0282,0.945,98.887,156.4,0,11,4936316,CUST-24066,False,0.0,4706.29,40.05
2027-01-06,75048.57,32348.3,42700.27,56.9,182.21,69,620,10,385,110,Middle East,Electronics,Retail Store,Shipped,Low,4.5,-100,0.2126,0.498,98.557,158.9,1,7,7173614,CUST-87602,True,0.09,6003.89,33.83
2027-01-07,55920.07,31995.34,23924.73,42.78,91.88,486,4072,11,717,54,North America,Beauty,Direct Sales,Refunded,Medium,2.6,-4,0.1373,0.804,99.581,102.8,2,6,5660177,CUST-12093,True,0.07,4473.61,23.3
2027-01-08,32061.75,27386.61,4675.14,14.58,26.36,735,2934,16,1197,20,Middle East,Books,Wholesale,Pending,High,2.5,-24,0.2768,0.392,99.704,83.7,2,7,1306441,CUST-29172,True,0.12,2564.94,32.45
2027-01-09,56669.04,30998.02,25671.02,45.3,199.0,621,3242,12,1528,91,North America,Sports,Direct Sales,Pending,Medium,3.6,-96,0.1604,0.849,98.938,134.5,1,10,9151070,CUST-80350,True,0.07,4533.52,31.0
2027-01-10,67949.47,42123.56,25825.91,38.01,452.74,10,1933,26,63,98,Latin America,Electronics,Online,Pending,Medium,4.7,46,0.1062,0.16,99.351,144.9,1,9,6122322,CUST-86193,False,0.0,5435.96,31.12
2027-01-11,40853.26,33053.87,7799.39,19.09,127.1,564,4642,21,1489,74,Asia-Pacific,Apparel,Wholesale,Cancelled,Medium,3.0,-43,0.2527,0.231,99.74,158.6,1,9,8740231,CUST-99380,True,0.1,3268.26,8.2
2027-01-12,47989.74,27013.05,20976.69,43.71,111.19,320,3261,10,1849,104,Europe,Home & Kitchen,Direct Sales,Pending,Medium,3.9,-44,0.2843,0.333,99.419,147.3,3,2,9071087,CUST-25997,False,0.0,3839.18,45.56
2027-01-13,50220.32,25998.42,24221.9,48.23,485.21,177,3601,23,76,148,Middle East,Home & Kitchen,Retail Store,Shipped,Low,2.8,69,0.0875,0.089,98.313,102.8,0,3,5180688,CUST-84895,True,0.3,4017.63,43.35
2027-01-14,38226.53,28641.18,9585.35,25.08,22.25,201,4302,20,1830,32,North America,Apparel,Online,Completed,Low,1.9,-28,0.2702,0.444,99.424,150.8,2,10,7286178,CUST-74116,True,0.28,3058.12,8.71
2027-01-15,59724.21,43093.92,16630.29,27.85,395.03,43,1599,16,1123,90,Latin America,Beauty,Direct Sales,Cancelled,Low,1.5,33,0.0974,0.486,98.318,46.4,2,9,9026680,CUST-15361,False,0.0,4777.94,33.61
2027-01-16,48185.78,28533.59,19652.19,40.78,167.47,43,3063,22,236,122,Latin America,Home & Kitchen,Online,Completed,Medium,1.5,-16,0.0883,0.115,99.307,164.5,5,3,3498993,CUST-22363,True,0.1,3854.86,27.36
2027-01-17,56292.99,29841.65,26451.34,46.99,28.37,697,1577,17,1130,15,Asia-Pacific,Apparel,Retail Store,Completed,High,1.1,-79,0.2519,0.427,98.667,88.9,1,13,9850693,CUST-65922,True,0.23,4503.44,38.41
2027-01-18,36687.62,26141.49,10546.13,28.75,459.72,426,1003,12,820,133,Latin America,Books,Wholesale,Shipped,High,3.2,-48,0.064,0.197,98.113,88.1,0,13,1160214,CUST-26171,False,0.0,2935.01,23.05
2027-01-19,43438.13,38791.87,4646.26,10.7,78.42,717,1731,9,716,73,Latin America,Books,Direct Sales,Completed,Low,1.5,-44,0.0691,0.875,98.453,207.1,2,12,1770102,CUST-46517,False,0.0,3475.05,49.0
2027-01-20,60835.72,45678.7,15157.02,24.91,280.37,167,4086,17,1039,109,Asia-Pacific,Apparel,Wholesale,Completed,Medium,4.5,25,0.0288,0.509,98.937,122.0,2,4,3840429,CUST-16064,False,0.0,4866.86,47.83
2027-01-21,44407.5,33604.9,10802.6,24.33,144.29,766,1270,15,1107,40,Latin America,Electronics,Direct Sales,Completed,Medium,4.9,2,0.0873,0.952,99.988,111.1,2,5,9767445,CUST-16307,False,0.0,3552.6,9.32
2027-01-22,75904.46,30662.18,45242.28,59.6,41.94,509,2427,9,587,70,North America,Beauty,Direct Sales,Completed,Medium,3.0,11,0.1437,0.341,98.511,79.6,2,10,2079996,CUST-44750,False,0.0,6072.36,18.76
2027-01-23,44005.46,30294.26,13711.2,31.16,34.46,375,4219,17,1835,138,Middle East,Beauty,Wholesale,Completed,Medium,2.8,-50,0.2329,0.341,99.958,135.5,4,12,7385175,CUST-32378,True,0.28,3520.44,14.33
2027-01-24,53370.27,10925.55,42444.72,79.53,66.62,349,1844,16,985,129,Middle East,Apparel,Wholesale,Completed,Low,2.4,-96,0.1279,0.339,98.728,147.8,2,6,8888434,CUST-96039,False,0.0,4269.62,19.32
2027-01-25,63988.86,35961.21,28027.65,43.8,44.97,867,2139,16,420,145,North America,Home & Kitchen,Direct Sales,Shipped,High,3.6,49,0.1845,0.268,99.92,107.7,2,12,1027374,CUST-29011,False,0.0,5119.11,26.48
2027-01-26,28724.51,31073.33,-2348.82,-8.18,382.67,344,219,10,135,80,Middle East,Sports,Retail Store,Completed,High,3.4,13,0.122,0.784,99.912,44.8,3,11,3491050,CUST-86120,False,0.0,2297.96,10.19
2027-01-27,23587.87,33426.74,-9838.87,-41.71,247.93,592,3957,10,209,42,Latin America,Beauty,Retail Store,Pending,Low,2.4,34,0.2436,0.283,98.286,176.9,3,10,7021529,CUST-59453,False,0.0,1887.03,36.99
2027-01-28,27115.16,24308.3,2806.86,10.35,178.02,336,1775,19,474,10,Middle East,Beauty,Direct Sales,Shipped,Medium,2.4,-37,0.3557,0.288,99.657,109.9,3,10,4217650,CUST-49302,True,0.23,2169.21,30.84
2027-01-29,68938.76,26924.34,42014.42,60.94,215.0,123,1420,16,1971,130,Middle East,Books,Wholesale,Completed,Low,3.6,84,0.1111,0.047,99.035,109.1,1,2,4586734,CUST-26181,False,0.0,5515.1,11.62
2027-01-30,41722.13,26711.8,15010.33,35.98,465.18,806,1115,14,1952,96,Latin America,Books,Retail Store,Pending,Low,3.2,-75,0.1824,0.965,99.372,118.8,1,11,4074578,CUST-15239,False,0.0,3337.77,35.49
2027-01-31,88372.99,38172.98,50200.01,56.8,456.27,928,4643,18,1785,32,Middle East,Books,Direct Sales,Completed,Critical,3.9,-76,0.2501,0.886,99.552,91.8,1,12,4682211,CUST-33562,True,0.09,7069.84,33.98
2027-02-01,41536.29,26969.92,14566.37,35.07,360.68,427,1843,14,1179,93,Latin America,Sports,Online,Pending,Medium,4.8,-32,0.2248,0.293,98.249,164.6,2,6,2629887,CUST-35152,False,0.0,3322.9,44.74
2027-02-02,52768.27,46661.28,6106.99,11.57,443.49,477,2042,15,1464,9,Asia-Pacific,Beauty,Direct Sales,Completed,Low,4.1,59,0.0924,0.521,99.598,145.4,2,3,8569469,CUST-79558,True,0.22,4221.46,14.53
2027-02-03,73131.65,33446.9,39684.75,54.26,166.63,152,3641,7,1585,115,Asia-Pacific,Beauty,Wholesale,Refunded,Medium,2.2,-93,0.2803,0.483,98.606,137.1,2,13,4306715,CUST-78200,False,0.0,5850.53,32.41
2027-02-04,80091.39,19794.54,60296.85,75.29,196.74,618,1546,19,324,112,Middle East,Sports,Direct Sales,Completed,High,4.0,-92,0.056,0.088,99.465,200.9,0,7,9661402,CUST-79818,False,0.0,6407.31,44.42
2027-02-05,80922.55,28971.63,51950.92,64.2,310.72,318,3716,13,1362,49,Asia-Pacific,Beauty,Online,Completed,High,2.8,-47,0.1282,0.531,99.147,95.6,2,9,4882473,CUST-99881,False,0.0,6473.8,16.84
2027-02-06,68125.49,24786.6,43338.89,63.62,315.58,410,3994,13,307,116,Middle East,Home & Kitchen,Online,Completed,Low,4.1,-81,0.3237,0.113,99.369,164.7,1,13,3554538,CUST-79685,False,0.0,5450.04,15.43
2027-02-07,65360.94,12444.94,52916.0,80.96,246.03,329,1824,13,1012,6,Asia-Pacific,Home & Kitchen,Direct Sales,Pending,High,4.5,95,0.0676,0.434,99.246,42.2,2,5,6503727,CUST-39325,False,0.0,5228.88,17.38
2027-02-08,58887.9,42795.77,16092.13,27.33,206.32,221,2372,14,1293,94,Middle East,Home & Kitchen,Online,Completed,High,2.0,94,0.0853,0.088,99.621,142.5,1,8,3851491,CUST-26011,True,0.08,4711.03,39.34
2027-02-09,61675.42,35625.14,26050.28,42.24,493.23,326,4162,18,1023,119,Europe,Electronics,Direct Sales,Completed,Medium,2.0,71,0.2012,0.589,99.789,199.0,1,6,4432603,CUST-46595,False,0.0,4934.03,41.42
2027-02-10,41732.21,34265.66,7466.55,17.89,412.35,194,4381,19,576,67,North America,Beauty,Wholesale,Completed,Medium,2.7,68,0.2336,0.049,98.898,83.3,1,8,4354610,CUST-13743,False,0.0,3338.58,6.55
2027-02-11,37727.02,31323.23,6403.79,16.97,223.14,214,171,12,582,96,Asia-Pacific,Sports,Wholesale,Completed,Low,1.2,69,0.208,0.628,98.784,177.5,1,4,6567539,CUST-73241,False,0.0,3018.16,19.14
2027-02-12,49949.38,18943.86,31005.52,62.07,366.37,373,4269,11,1919,74,Latin America,Beauty,Wholesale,Shipped,Low,3.7,38,0.0153,0.707,98.484,71.6,1,7,1008068,CUST-61070,True,0.05,3995.95,10.71
2027-02-13,47447.23,26131.06,21316.17,44.93,142.09,225,2300,10,1132,8,North America,Sports,Retail Store,Completed,Medium,4.0,11,0.0994,0.571,99.628,192.7,1,12,5689229,CUST-58210,True,0.25,3795.78,11.91
2027-02-14,43201.58,36734.25,6467.33,14.97,59.08,255,2243,16,1433,61,Middle East,Apparel,Direct Sales,Shipped,High,2.4,26,0.1259,0.469,99.934,103.9,3,9,7340047,CUST-54854,False,0.0,3456.13,41.72
2027-02-15,60445.81,21590.24,38855.57,64.28,182.69,248,3857,20,1667,51,North America,Apparel,Wholesale,Completed,High,2.9,70,0.2003,0.061,98.391,94.1,2,12,6450110,CUST-57944,False,0.0,4835.66,48.38
2027-02-16,64329.58,9745.85,54583.73,84.85,207.46,814,3281,22,1703,112,Latin America,Electronics,Direct Sales,Completed,Medium,3.4,35,0.0122,0.011,98.916,101.3,1,7,8186699,CUST-28930,False,0.0,5146.37,23.62
2027-02-17,51326.1,28183.15,23142.95,45.09,18.1,400,1581,15,162,99,Latin America,Apparel,Online,Completed,High,1.3,73,0.0918,0.342,99.541,121.1,3,2,1870708,CUST-99688,False,0.0,4106.09,48.65
2027-02-18,72162.95,28865.94,43297.01,60.0,409.25,529,2975,18,1880,48,Middle East,Home & Kitchen,Wholesale,Shipped,High,3.8,-67,0.5311,0.771,99.272,114.7,3,5,9311766,CUST-44322,False,0.0,5773.04,22.0
2027-02-19,32874.66,31084.51,1790.15,5.45,186.0,992,4960,19,1349,41,Asia-Pacific,Electronics,Retail Store,Pending,Medium,3.1,-33,0.3021,0.647,99.63,118.2,0,9,2237254,CUST-55094,False,0.0,2629.97,37.23
2027-02-20,47095.11,35828.15,11266.96,23.92,294.4,599,4179,14,306,67,Asia-Pacific,Electronics,Wholesale,Completed,Low,3.5,42,0.0852,0.125,98.032,131.1,3,1,8511603,CUST-19352,False,0.0,3767.61,21.16
2027-02-21,39247.67,35100.85,4146.82,10.57,46.24,845,1196,15,378,16,Europe,Electronics,Retail Store,Pending,Low,3.9,45,0.1866,0.688,99.823,128.4,0,4,3848784,CUST-92320,True,0.11,3139.81,19.4
2027-02-22,22001.95,32070.16,-10068.21,-45.76,95.75,286,4407,14,826,21,Latin America,Books,Online,Shipped,Low,3.7,38,0.0884,0.575,98.123,120.2,0,9,3614120,CUST-86017,False,0.0,1760.16,31.44
2027-02-23,48759.79,39564.25,9195.54,18.86,445.95,966,823,15,1308,38,Europe,Apparel,Direct Sales,Completed,Low,1.4,46,0.3488,0.167,98.891,104.5,2,9,5572620,CUST-93847,True,0.14,3900.78,44.13
2027-02-24,48173.79,17848.24,30325.55,62.95,308.26,211,3339,15,100,136,Latin America,Beauty,Online,Completed,Low,4.1,-28,0.1386,0.755,98.552,135.0,1,10,7799354,CUST-73830,False,0.0,3853.9,31.7
2027-02-25,72701.75,34036.65,38665.1,53.18,475.64,223,2478,17,1751,102,Europe,Books,Online,Completed,High,3.4,-76,0.0631,0.83,99.856,133.2,1,5,8994059,CUST-80646,False,0.0,5816.14,30.65
2027-02-26,59462.18,35012.31,24449.87,41.12,499.39,615,4946,13,1816,50,Asia-Pacific,Sports,Online,Completed,Low,3.9,49,0.1231,0.233,98.55,131.5,2,1,5310574,CUST-86108,False,0.0,4756.97,27.7
2027-02-27,34637.2,20083.5,14553.7,42.02,192.21,487,3314,10,270,18,Latin America,Home & Kitchen,Online,Completed,Low,2.0,89,0.2085,0.636,98.747,119.9,1,9,9210072,CUST-43704,False,0.0,2770.98,47.68
2027-02-28,77811.39,17977.04,59834.35,76.9,156.41,517,2971,16,832,17,Asia-Pacific,Books,Online,Shipped,Critical,1.9,64,0.2137,0.378,99.777,95.7,3,1,8414201,CUST-86935,False,0.0,6224.91,41.66
2027-03-01,68315.51,24032.46,44283.05,64.82,430.59,985,4589,15,645,53,North America,Home & Kitchen,Direct Sales,Completed,High,4.3,37,0.1334,0.058,99.075,122.6,0,11,2569355,CUST-47068,True,0.28,5465.24,23.31
2027-03-02,58731.47,24707.67,34023.8,57.93,499.32,84,4707,14,1303,71,Asia-Pacific,Beauty,Retail Store,Completed,High,2.6,-20,0.2214,0.861,99.796,110.3,3,10,4855392,CUST-86086,True,0.12,4698.52,42.09
2027-03-03,46602.74,36027.36,10575.38,22.69,318.52,991,4881,14,1882,25,Latin America,Beauty,Online,Completed,Low,3.3,-49,0.1046,0.821,99.322,47.7,4,5,3029219,CUST-35491,False,0.0,3728.22,9.88
2027-03-04,35608.41,25083.69,10524.72,29.56,399.62,678,4019,7,271,55,North America,Apparel,Wholesale,Completed,Medium,3.2,-24,0.4259,0.318,98.158,155.0,1,3,9511015,CUST-97876,False,0.0,2848.67,24.59
2027-03-05,44416.9,23149.21,21267.69,47.88,393.06,674,1820,9,992,42,Europe,Sports,Retail Store,Completed,Medium,3.3,-33,0.2004,0.532,98.87,129.1,0,1,4356415,CUST-41128,False,0.0,3553.35,10.03
2027-03-06,66331.23,25106.93,41224.3,62.15,184.12,963,3499,21,1739,123,Middle East,Books,Retail Store,Pending,Medium,1.3,-73,0.1378,0.512,98.353,119.3,2,4,1072231,CUST-73247,True,0.09,5306.5,49.87
2027-03-07,78268.79,38949.06,39319.73,50.24,291.39,151,1957,18,1127,30,Latin America,Beauty,Wholesale,Completed,Medium,2.2,57,0.0435,0.177,98.13,138.4,2,1,5167770,CUST-45370,False,0.0,6261.5,7.12
2027-03-08,73148.65,30104.35,43044.3,58.84,418.2,599,2865,14,1704,10,Middle East,Home & Kitchen,Wholesale,Shipped,Medium,1.3,73,0.3058,0.146,98.748,93.6,1,10,6883393,CUST-19723,True,0.18,5851.89,45.87
2027-03-09,42667.26,28565.99,14101.27,33.05,347.18,331,2496,10,1783,22,Middle East,Beauty,Wholesale,Completed,Critical,2.9,67,0.536,0.844,99.817,167.6,3,1,8193260,CUST-83041,False,0.0,3413.38,46.93
2027-03-10,33205.74,29119.96,4085.78,12.3,20.37,703,3864,20,1346,118,North America,Apparel,Wholesale,Pending,Low,4.6,48,0.0479,0.867,98.235,162.2,0,6,6000850,CUST-64842,False,0.0,2656.46,18.18
2027-03-11,52113.29,40336.48,11776.81,22.6,174.99,470,4121,15,247,138,Europe,Home & Kitchen,Wholesale,Completed,Low,2.6,42,0.0832,0.725,98.014,79.3,1,7,5211310,CUST-72024,False,0.0,4169.06,47.73
2027-03-12,23473.41,24006.63,-533.22,-2.27,80.79,716,3986,19,177,61,Asia-Pacific,Electronics,Online,Shipped,Medium,4.1,30,0.1444,0.073,99.87,97.9,1,4,5800217,CUST-53682,True,0.12,1877.87,27.53
2027-03-13,54847.52,40524.07,14323.45,26.12,124.16,679,2662,18,1677,29,North America,Sports,Retail Store,Shipped,Medium,2.1,-20,0.1225,0.909,99.06,143.6,6,7,7252646,CUST-13977,False,0.0,4387.8,47.21
2027-03-14,47785.96,31683.97,16101.99,33.7,453.69,155,2546,17,1082,52,Europe,Apparel,Wholesale,Completed,Low,4.4,-4,0.1689,0.981,99.117,128.6,1,3,9121739,CUST-73842,True,0.24,3822.88,26.85
2027-03-15,43009.45,28716.64,14292.81,33.23,28.08,63,3767,12,1036,28,Asia-Pacific,Apparel,Wholesale,Pending,High,2.7,96,0.1974,0.776,99.857,119.4,1,10,1610259,CUST-61197,False,0.0,3440.76,26.17
2027-03-16,26079.45,50007.2,-23927.75,-91.75,117.7,365,2361,19,276,91,Asia-Pacific,Electronics,Direct Sales,Completed,Medium,2.4,-93,0.4149,0.353,99.4,135.4,2,11,5947699,CUST-52980,False,0.0,2086.36,38.9
2027-03-17,57704.0,21554.88,36149.12,62.65,161.69,286,3717,11,607,49,Europe,Sports,Retail Store,Completed,Medium,3.8,36,0.0348,0.406,99.654,54.5,1,4,4472675,CUST-76676,True,0.26,4616.32,15.51
2027-03-18,42009.49,27170.51,14838.98,35.32,312.27,830,1412,18,1207,47,Asia-Pacific,Beauty,Retail Store,Cancelled,Medium,3.1,21,0.3519,0.87,99.541,87.7,4,5,2734136,CUST-65442,False,0.0,3360.76,45.69
2027-03-19,32451.25,20140.55,12310.7,37.94,271.71,604,1964,20,1089,76,Latin America,Apparel,Online,Completed,High,2.3,-11,0.0834,0.28,99.224,98.9,3,3,7728000,CUST-70172,False,0.0,2596.1,43.18
2027-03-20,6916.07,37619.7,-30703.63,-443.95,116.95,409,2405,14,264,74,Latin America,Electronics,Retail Store,Completed,Critical,1.2,29,0.272,0.142,99.377,146.7,2,6,1154118,CUST-39155,True,0.28,553.29,11.08
2027-03-21,49587.28,43513.51,6073.77,12.25,90.48,677,1907,20,1185,37,North America,Sports,Wholesale,Completed,Low,1.7,64,0.1275,0.823,99.121,44.6,3,11,2184482,CUST-69096,False,0.0,3966.98,6.32
2027-03-22,76583.77,43359.38,33224.39,43.38,126.03,525,2841,13,904,101,Asia-Pacific,Electronics,Direct Sales,Completed,Low,4.1,39,0.1615,0.193,98.711,126.3,2,1,5763241,CUST-93524,False,0.0,6126.7,36.97
2027-03-23,74918.89,39791.59,35127.3,46.89,256.24,508,3436,13,1230,49,Asia-Pacific,Sports,Retail Store,Cancelled,Low,4.7,-82,0.0949,0.907,98.571,106.8,4,2,3952587,CUST-89440,False,0.0,5993.51,20.83
2027-03-24,43143.56,28419.04,14724.52,34.13,142.88,320,1097,14,474,11,Europe,Apparel,Direct Sales,Completed,High,1.7,-74,0.0508,0.596,98.352,142.8,3,7,9477884,CUST-69041,False,0.0,3451.48,9.59
2027-03-25,40966.82,27078.07,13888.75,33.9,474.33,280,2419,12,1525,110,Latin America,Books,Wholesale,Completed,Medium,3.3,51,0.1794,0.555,98.708,148.3,6,10,6324999,CUST-72332,False,0.0,3277.35,45.29
2027-03-26,57031.61,16630.64,40400.97,70.84,237.29,585,3307,14,367,74,Middle East,Apparel,Direct Sales,Completed,High,1.1,93,0.1688,0.776,99.154,179.4,0,5,4560702,CUST-88762,False,0.0,4562.53,49.74
2027-03-27,35024.22,46286.99,-11262.77,-32.16,38.81,458,698,18,409,49,North America,Sports,Retail Store,Completed,Critical,2.2,-85,0.189,0.016,99.175,78.9,1,5,4277134,CUST-64998,False,0.0,2801.94,19.34
2027-03-28,54526.88,33751.82,20775.06,38.1,367.34,121,1183,22,1449,41,Latin America,Books,Retail Store,Completed,Medium,2.8,-99,0.1998,0.714,99.367,91.2,1,7,2927976,CUST-48397,False,0.0,4362.15,13.34
2027-03-29,61491.2,26064.34,35426.86,57.61,171.13,248,3681,18,985,143,Europe,Beauty,Online,Completed,Low,3.9,48,0.2384,0.598,99.759,121.7,4,11,4559814,CUST-52306,False,0.0,4919.3,43.55
2027-03-30,68404.0,40624.46,27779.54,40.61,330.21,153,3186,19,1007,12,North America,Electronics,Wholesale,Completed,Low,1.2,-91,0.3442,0.524,99.304,169.4,0,5,6041894,CUST-61977,False,0.0,5472.32,28.83
2027-03-31,48497.69,22217.88,26279.81,54.19,147.0,383,2402,8,969,137,Middle East,Home & Kitchen,Online,Shipped,Low,4.1,85,0.1456,0.217,98.342,135.3,4,10,2935405,CUST-38831,True,0.11,3879.82,49.35
2027-04-01,46944.89,33252.98,13691.91,29.17,289.66,29,2884,16,951,12,North America,Apparel,Online,Completed,High,1.8,5,0.0645,0.829,98.051,123.7,3,10,3635197,CUST-77449,False,0.0,3755.59,33.7
2027-04-02,36830.26,28618.97,8211.29,22.29,388.35,585,821,6,1369,9,Latin America,Home & Kitchen,Wholesale,Completed,Low,4.0,-84,0.2046,0.251,98.394,162.9,3,11,1398496,CUST-51213,False,0.0,2946.42,30.48
2027-04-03,37596.79,35109.42,2487.37,6.62,464.72,298,1254,15,247,14,Middle East,Beauty,Retail Store,Refunded,Medium,3.5,-94,0.2096,0.49,99.816,106.1,3,11,3905693,CUST-96342,False,0.0,3007.74,46.75
2027-04-04,46602.82,29491.41,17111.41,36.72,137.95,602,116,11,1643,19,Europe,Apparel,Direct Sales,Pending,Low,2.4,100,0.2918,0.158,99.135,160.9,2,4,1250689,CUST-18844,True,0.09,3728.23,41.07
2027-04-05,55510.48,18392.58,37117.9,66.87,174.08,206,1091,16,447,60,North America,Home & Kitchen,Online,Shipped,Low,3.9,-55,0.149,0.974,99.697,180.7,1,7,4240632,CUST-47756,False,0.0,4440.84,23.33
2027-04-06,63703.77,30604.61,33099.16,51.96,237.49,391,2332,15,639,118,Latin America,Beauty,Retail Store,Pending,Low,1.9,77,0.1059,0.195,98.469,114.6,1,10,9123213,CUST-54046,True,0.17,5096.3,5.48
2027-04-07,37952.32,38390.91,-438.59,-1.16,464.32,590,3562,22,291,59,Europe,Books,Retail Store,Completed,Medium,1.9,-91,0.1617,0.803,99.42,65.8,0,7,2736137,CUST-66278,False,0.0,3036.19,38.85
2027-04-08,72390.33,29766.27,42624.06,58.88,451.68,707,1546,9,478,135,Middle East,Beauty,Online,Pending,Low,1.2,-85,0.0821,0.263,99.463,125.1,3,5,8358246,CUST-88599,True,0.12,5791.23,43.94
2027-04-09,45933.15,36200.92,9732.23,21.19,54.04,688,1565,16,1952,45,North America,Apparel,Online,Completed,Medium,2.6,-100,0.058,0.256,99.619,177.5,1,8,1024313,CUST-12096,False,0.0,3674.65,10.85
2027-04-10,49679.49,21635.76,28043.73,56.45,74.65,726,3867,13,660,142,Asia-Pacific,Sports,Online,Shipped,Medium,1.4,36,0.1494,0.422,99.071,137.3,2,12,1934740,CUST-87413,False,0.0,3974.36,45.28
2027-04-11,38791.82,29789.91,9001.91,23.21,252.8,501,3727,12,55,139,Latin America,Sports,Retail Store,Completed,Critical,2.7,-88,0.3218,0.846,99.587,71.8,1,9,3675389,CUST-80557,True,0.15,3103.35,43.99
2027-04-12,13636.4,25003.92,-11367.52,-83.36,62.24,173,3183,9,1864,119,Latin America,Sports,Wholesale,Cancelled,High,1.0,88,0.2388,0.688,99.871,164.5,4,5,8341495,CUST-30405,True,0.28,1090.91,5.79
2027-04-13,63260.68,35975.85,27284.83,43.13,179.33,615,1643,20,1391,67,Asia-Pacific,Apparel,Wholesale,Pending,Medium,1.6,75,0.2447,0.872,99.915,147.8,0,1,5439320,CUST-16558,False,0.0,5060.85,37.78
2027-04-14,61052.66,30251.93,30800.73,50.45,82.71,258,179,21,1285,92,Europe,Apparel,Online,Completed,High,4.7,43,0.0469,0.047,98.251,155.0,1,4,2127844,CUST-60967,False,0.0,4884.21,22.25
2027-04-15,45780.09,35520.59,10259.5,22.41,321.66,77,3387,20,1346,38,Latin America,Beauty,Direct Sales,Completed,Low,4.2,68,0.2363,0.956,99.249,159.7,0,8,2432247,CUST-79461,False,0.0,3662.41,7.29
2027-04-16,51004.86,38701.68,12303.18,24.12,475.25,864,1371,13,1157,126,Europe,Apparel,Retail Store,Completed,Medium,1.9,-71,0.1438,0.077,98.227,101.0,3,10,3179110,CUST-36534,False,0.0,4080.39,19.89
2027-04-17,57739.09,35532.95,22206.14,38.46,498.4,30,1664,11,1697,104,Middle East,Beauty,Direct Sales,Pending,Medium,3.9,-29,0.1373,0.721,99.845,157.0,1,7,6560286,CUST-47468,True,0.28,4619.13,32.22
2027-04-18,26561.81,32184.95,-5623.14,-21.17,193.87,840,1813,15,759,111,Asia-Pacific,Sports,Online,Completed,Low,3.7,82,0.0927,0.207,99.911,97.4,0,10,9569549,CUST-22348,False,0.0,2124.94,18.78
2027-04-19,42064.21,22014.3,20049.91,47.67,303.52,521,1109,14,409,66,Europe,Electronics,Retail Store,Completed,Medium,1.7,-90,0.1901,0.841,98.999,78.6,1,9,3879020,CUST-22547,True,0.06,3365.14,40.44
2027-04-20,61913.97,29977.71,31936.26,51.58,429.57,606,872,14,1454,142,Middle East,Electronics,Wholesale,Refunded,Low,2.5,12,0.3447,0.862,99.92,91.0,0,2,1118626,CUST-79041,False,0.0,4953.12,27.28
2027-04-21,31185.66,25735.28,5450.38,17.48,67.56,399,582,13,1613,104,North America,Electronics,Wholesale,Cancelled,Low,4.7,79,0.2816,0.551,99.532,144.2,2,3,4607433,CUST-12925,False,0.0,2494.85,6.6
2027-04-22,54403.37,27247.49,27155.88,49.92,347.89,545,2492,26,1214,58,Latin America,Home & Kitchen,Direct Sales,Cancelled,Low,4.0,-26,0.0439,0.403,99.392,105.7,3,8,5533765,CUST-95428,False,0.0,4352.27,30.23
2027-04-23,29651.27,27003.73,2647.54,8.93,210.33,120,3279,17,1998,42,Asia-Pacific,Electronics,Online,Completed,High,4.0,-53,0.1628,0.793,99.162,171.6,1,7,1932713,CUST-80565,False,0.0,2372.1,24.7
2027-04-24,56996.45,22160.6,34835.85,61.12,111.01,958,1681,12,1583,118,North America,Electronics,Direct Sales,Pending,Low,3.3,-94,0.232,0.874,98.814,159.0,2,12,6035085,CUST-51603,True,0.16,4559.72,9.26
2027-04-25,49465.38,14341.29,35124.09,71.01,207.35,872,2621,12,1246,29,North America,Beauty,Online,Cancelled,Low,3.7,81,0.0056,0.738,99.928,143.6,1,13,6231344,CUST-94623,False,0.0,3957.23,24.88
2027-04-26,25773.02,24654.86,1118.16,4.34,47.22,604,1205,17,1093,69,North America,Beauty,Wholesale,Completed,High,3.0,-100,0.0274,0.907,98.394,168.3,5,12,1938965,CUST-28345,False,0.0,2061.84,40.89
2027-04-27,67471.09,31547.04,35924.05,53.24,350.75,879,3809,18,1702,104,Europe,Sports,Retail Store,Completed,Low,4.0,-14,0.0153,0.627,99.605,78.9,0,7,9250787,CUST-32251,True,0.19,5397.69,9.79
2027-04-28,38981.13,19214.58,19766.55,50.71,133.84,469,3461,16,552,147,Latin America,Apparel,Wholesale,Shipped,High,3.9,-69,0.0583,0.67,98.735,153.5,4,9,7594877,CUST-16463,False,0.0,3118.49,16.1
2027-04-29,37846.21,30125.46,7720.75,20.4,162.59,87,4370,21,1639,21,Asia-Pacific,Apparel,Direct Sales,Shipped,High,1.1,-39,0.1017,0.572,99.506,140.1,4,7,7851160,CUST-10739,False,0.0,3027.7,49.4
2027-04-30,53008.54,45202.15,7806.39,14.73,69.33,443,941,15,276,33,Latin America,Apparel,Retail Store,Pending,Medium,3.5,42,0.0615,0.488,98.327,75.4,3,9,1645586,CUST-11903,False,0.0,4240.68,23.66
2027-05-01,67229.56,38184.45,29045.11,43.2,433.68,389,3634,13,158,9,Latin America,Sports,Online,Completed,Medium,3.5,-9,0.0997,0.655,98.747,94.8,3,2,3863306,CUST-31987,True,0.17,5378.36,42.35
2027-05-02,34762.67,43148.33,-8385.66,-24.12,251.79,661,1972,15,792,15,Latin America,Beauty,Wholesale,Completed,Critical,1.3,88,0.0984,0.561,99.892,114.4,1,9,3856605,CUST-64211,False,0.0,2781.01,27.68
2027-05-03,50925.2,33129.02,17796.18,34.95,290.35,449,3605,11,1393,85,Middle East,Beauty,Online,Pending,Medium,2.6,-23,0.1403,0.731,99.115,113.4,4,5,1974686,CUST-28209,False,0.0,4074.02,15.44
2027-05-04,56432.25,39340.08,17092.17,30.29,289.02,897,3420,15,1381,37,Middle East,Electronics,Wholesale,Completed,Low,4.6,-24,0.1699,0.934,98.982,118.6,1,4,7294906,CUST-88807,False,0.0,4514.58,8.87
2027-05-05,60396.58,24208.28,36188.3,59.92,211.14,792,2828,12,1814,53,Middle East,Books,Online,Pending,High,4.8,83,0.0983,0.373,99.504,98.3,1,13,1730880,CUST-17562,False,0.0,4831.73,38.59
2027-05-06,52646.62,24845.28,27801.34,52.81,104.34,348,1054,10,860,125,Middle East,Beauty,Wholesale,Completed,Low,4.1,-67,0.0996,0.411,98.834,171.8,3,4,4389770,CUST-27806,True,0.16,4211.73,26.83
2027-05-07,44494.58,8086.88,36407.7,81.83,375.12,997,1695,24,1160,22,Latin America,Sports,Wholesale,Completed,Low,1.6,47,0.3757,0.015,98.986,76.8,3,6,4265365,CUST-42700,True,0.12,3559.57,49.07
2027-05-08,37586.15,39489.16,-1903.01,-5.06,72.26,433,2388,18,835,119,Latin America,Books,Online,Completed,High,2.5,17,0.1056,0.527,99.121,77.8,4,2,4175267,CUST-77463,False,0.0,3006.89,45.62
2027-05-09,51292.16,42322.59,8969.57,17.49,60.9,178,4535,16,277,9,Asia-Pacific,Beauty,Wholesale,Completed,Low,1.7,-77,0.1992,0.131,99.98,87.0,0,9,2419743,CUST-46072,False,0.0,4103.37,11.94
2027-05-10,33917.91,25574.58,8343.33,24.6,357.97,718,843,14,901,49,Asia-Pacific,Sports,Wholesale,Pending,Medium,3.6,-73,0.3517,0.716,99.611,97.8,0,4,9425026,CUST-75380,False,0.0,2713.43,34.57
2027-05-11,6179.74,27968.39,-21788.65,-352.58,112.33,974,1594,11,1383,124,Asia-Pacific,Beauty,Wholesale,Completed,Medium,4.1,-90,0.2896,0.78,98.08,95.0,2,11,3885711,CUST-50128,False,0.0,494.38,13.25
2027-05-12,56548.4,23969.1,32579.3,57.61,160.32,271,3446,14,877,132,Asia-Pacific,Home & Kitchen,Direct Sales,Pending,High,4.5,57,0.1161,0.723,99.567,178.8,2,3,4616026,CUST-79527,False,0.0,4523.87,21.42
2027-05-13,63559.02,33061.23,30497.79,47.98,242.86,736,4210,19,428,42,Asia-Pacific,Books,Wholesale,Shipped,Low,4.4,-63,0.1381,0.547,99.006,97.0,0,6,2368053,CUST-96705,False,0.0,5084.72,19.98
2027-05-14,14556.01,38999.46,-24443.45,-167.93,230.18,588,2088,13,1656,113,Middle East,Home & Kitchen,Online,Completed,Medium,1.4,28,0.1772,0.534,98.461,115.7,3,3,5226018,CUST-76697,False,0.0,1164.48,28.17
2027-05-15,34854.04,16057.82,18796.22,53.93,357.2,238,307,13,1813,100,Latin America,Electronics,Online,Cancelled,Low,1.5,20,0.0373,0.647,99.707,75.8,2,11,2430481,CUST-87840,False,0.0,2788.32,42.55
2027-05-16,59287.31,33275.51,26011.8,43.87,315.48,170,1183,14,434,98,Asia-Pacific,Home & Kitchen,Direct Sales,Shipped,Low,4.6,96,0.132,0.555,98.541,103.6,3,6,5408111,CUST-23568,False,0.0,4742.98,44.81
2027-05-17,80862.43,27786.63,53075.8,65.64,325.75,436,2512,15,162,33,Europe,Home & Kitchen,Wholesale,Pending,Low,4.4,60,0.148,0.75,98.641,141.0,1,13,7147491,CUST-96026,False,0.0,6468.99,35.74
2027-05-18,50311.91,30907.16,19404.75,38.57,359.89,131,3411,14,1366,141,Asia-Pacific,Sports,Direct Sales,Cancelled,Low,2.8,8,0.1353,0.895,98.126,143.8,3,1,2672402,CUST-61880,False,0.0,4024.95,33.36
2027-05-19,39079.96,33671.95,5408.01,13.84,153.38,158,4110,24,1378,27,Asia-Pacific,Electronics,Direct Sales,Completed,Critical,2.7,-36,0.1706,0.536,99.955,154.4,5,4,3093801,CUST-42489,True,0.26,3126.4,46.53
2027-05-20,47256.55,28494.38,18762.17,39.7,167.94,861,496,12,340,135,Latin America,Books,Wholesale,Completed,Medium,3.2,71,0.1533,0.11,99.591,85.1,3,6,3338392,CUST-63506,False,0.0,3780.52,9.58
2027-05-21,70623.15,29171.31,41451.84,58.69,224.62,714,2057,10,1178,90,Middle East,Apparel,Online,Completed,Medium,3.4,-37,0.0935,0.131,98.296,96.4,4,3,5554324,CUST-65568,False,0.0,5649.85,22.65
2027-05-22,40310.54,28289.0,12021.54,29.82,160.66,752,4989,18,340,62,North America,Beauty,Wholesale,Completed,Medium,2.0,-92,0.2296,0.376,98.979,148.6,2,3,2072421,CUST-80975,False,0.0,3224.84,14.81
2027-05-23,38012.12,37762.53,249.59,0.66,492.62,120,308,15,1550,15,Latin America,Sports,Direct Sales,Completed,Critical,2.6,-69,0.1901,0.496,98.673,119.2,2,12,3967719,CUST-55399,False,0.0,3040.97,11.15
2027-05-24,42758.85,33350.08,9408.77,22.0,408.89,666,532,21,1594,46,Middle East,Books,Retail Store,Pending,Medium,3.5,-47,0.0844,0.225,98.065,117.9,2,7,5083211,CUST-39283,False,0.0,3420.71,35.19
2027-05-25,35700.07,31764.67,3935.4,11.02,90.68,230,2756,14,726,135,Europe,Electronics,Direct Sales,Completed,Medium,1.8,24,0.3154,0.453,99.854,140.7,3,10,8068998,CUST-72112,False,0.0,2856.01,13.64
2027-05-26,51840.05,19832.39,32007.66,61.74,12.74,913,2536,15,109,18,North America,Home & Kitchen,Online,Completed,Low,5.0,-75,0.2675,0.136,99.679,154.9,3,13,8361358,CUST-84271,False,0.0,4147.2,48.22
2027-05-27,74370.18,26971.36,47398.82,63.73,30.96,73,4778,12,1385,50,Middle East,Apparel,Wholesale,Completed,Medium,2.1,-39,0.1484,0.241,99.974,95.5,3,7,9630849,CUST-16040,False,0.0,5949.61,28.75
2027-05-28,54846.19,37189.35,17656.84,32.19,129.59,647,4627,19,155,128,Middle East,Home & Kitchen,Retail Store,Completed,Low,3.2,8,0.0676,0.734,98.485,116.4,2,5,1195069,CUST-23658,False,0.0,4387.7,26.22
2027-05-29,46214.7,30301.57,15913.13,34.43,66.0,739,4546,14,672,64,Latin America,Beauty,Direct Sales,Shipped,Medium,3.2,69,0.4065,0.986,99.399,115.8,0,1,5935241,CUST-44990,False,0.0,3697.18,21.09
2027-05-30,45622.83,35276.25,10346.58,22.68,271.34,805,233,16,138,40,Middle East,Electronics,Direct Sales,Pending,Low,2.8,75,0.2695,0.186,98.236,86.1,3,8,2662305,CUST-63674,False,0.0,3649.83,17.32
2027-05-31,26552.14,44132.09,-17579.95,-66.21,430.42,363,738,15,1341,30,Asia-Pacific,Apparel,Direct Sales,Completed,Medium,2.0,33,0.1394,0.339,98.863,130.5,4,3,9859119,CUST-40032,False,0.0,2124.17,46.01
2027-06-01,63246.65,38308.85,24937.8,39.43,371.01,483,1328,15,791,69,Middle East,Books,Wholesale,Completed,Low,3.3,17,0.1211,0.351,99.693,101.1,4,1,7212061,CUST-40846,True,0.16,5059.73,32.68
2027-06-02,48832.44,30745.27,18087.17,37.04,115.65,918,3469,15,1912,134,North America,Books,Wholesale,Completed,Medium,1.4,-71,0.0285,0.223,98.016,119.8,0,1,8817092,CUST-61792,False,0.0,3906.6,15.64
2027-06-03,47292.8,25912.09,21380.71,45.21,205.66,757,4312,12,1656,74,Middle East,Electronics,Direct Sales,Pending,Medium,2.5,50,0.0926,0.204,98.961,142.7,2,9,6393929,CUST-61313,False,0.0,3783.42,35.75
2027-06-04,97896.61,9571.6,88325.01,90.22,258.87,494,4119,20,1192,130,Europe,Electronics,Wholesale,Refunded,Low,1.9,2,0.31,0.132,98.869,129.4,0,9,8715567,CUST-74237,False,0.0,7831.73,15.69
2027-06-05,54481.29,28652.92,25828.37,47.41,407.0,22,1390,16,949,44,Asia-Pacific,Sports,Retail Store,Completed,Low,1.5,-76,0.0467,0.908,99.382,89.0,1,8,9838582,CUST-73032,False,0.0,4358.5,39.68
2027-06-06,38723.13,27391.9,11331.23,29.26,421.17,943,2296,11,494,114,North America,Home & Kitchen,Retail Store,Shipped,Low,4.7,40,0.2719,0.649,98.476,127.1,1,4,9359568,CUST-74423,False,0.0,3097.85,29.89
2027-06-07,43604.64,33122.93,10481.71,24.04,455.76,162,1803,13,1502,102,North America,Apparel,Online,Shipped,Medium,3.8,52,0.0767,0.29,98.347,124.9,3,12,1843052,CUST-37587,False,0.0,3488.37,24.9
2027-06-08,67226.69,28768.76,38457.93,57.21,259.53,248,2326,17,1056,16,Latin America,Beauty,Wholesale,Completed,Medium,1.7,-84,0.2026,0.258,99.301,100.4,2,12,2191928,CUST-57953,False,0.0,5378.14,34.46
2027-06-09,51699.06,27436.92,24262.14,46.93,350.19,199,2295,18,1424,28,Latin America,Electronics,Wholesale,Cancelled,Medium,4.8,7,0.1757,0.59,99.283,89.8,1,9,2874403,CUST-53594,True,0.29,4135.92,44.22
2027-06-10,28425.83,15764.81,12661.02,44.54,64.78,672,4660,21,355,36,Asia-Pacific,Apparel,Direct Sales,Completed,Medium,1.9,-74,0.1084,0.697,99.504,125.4,0,3,8072965,CUST-16184,True,0.14,2274.07,23.15
2027-06-11,63788.43,22480.26,41308.17,64.76,286.99,95,1075,20,664,118,North America,Sports,Retail Store,Refunded,Medium,1.9,38,0.3215,0.253,98.494,71.1,0,13,7078524,CUST-24247,False,0.0,5103.07,35.98
2027-06-12,39977.84,33813.21,6164.63,15.42,131.86,30,1128,23,251,51,Europe,Electronics,Wholesale,Completed,Medium,1.5,33,0.125,0.347,98.033,82.6,2,3,7501564,CUST-41908,False,0.0,3198.23,21.34
2027-06-13,78099.47,43727.26,34372.21,44.01,221.54,703,625,8,993,39,Middle East,Electronics,Wholesale,Completed,Low,3.9,-22,0.2263,0.291,99.756,75.1,3,8,4955490,CUST-81694,False,0.0,6247.96,21.24
2027-06-14,66200.72,29219.8,36980.92,55.86,320.68,328,2427,15,1096,126,Middle East,Books,Wholesale,Refunded,Medium,3.3,-64,0.2437,0.088,98.413,77.6,2,9,6922482,CUST-41209,False,0.0,5296.06,42.75
2027-06-15,43290.17,32622.49,10667.68,24.64,135.92,167,2646,19,1163,132,Middle East,Apparel,Direct Sales,Completed,Low,1.2,11,0.1537,0.387,98.836,103.2,2,2,4111958,CUST-49266,True,0.06,3463.21,29.67
2027-06-16,69215.25,37619.83,31595.42,45.65,35.57,980,935,13,520,141,Latin America,Books,Retail Store,Shipped,Medium,1.1,5,0.2116,0.534,98.937,157.2,1,6,4178529,CUST-34606,False,0.0,5537.22,23.21
2027-06-17,51017.83,23512.85,27504.98,53.91,15.01,973,2583,17,1166,14,North America,Sports,Wholesale,Completed,High,3.1,99,0.1057,0.655,98.375,141.6,1,12,6597428,CUST-41595,False,0.0,4081.43,14.06
2027-06-18,62791.61,32934.51,29857.1,47.55,20.86,490,2963,12,1849,69,North America,Books,Wholesale,Pending,Medium,3.6,19,0.0519,0.417,99.042,159.3,1,3,5321727,CUST-47628,False,0.0,5023.33,40.83
2027-06-19,57270.99,24076.08,33194.91,57.96,14.09,888,2834,13,1028,102,Europe,Sports,Direct Sales,Completed,Low,4.3,64,0.1148,0.983,99.829,98.6,0,12,7486165,CUST-36382,False,0.0,4581.68,33.36
2027-06-20,37304.65,36918.6,386.05,1.03,64.07,85,1638,14,1358,14,Latin America,Apparel,Online,Refunded,Low,2.9,-42,0.2373,0.626,98.543,49.6,2,11,6231656,CUST-17516,False,0.0,2984.37,37.4
2027-06-21,40346.75,31211.22,9135.53,22.64,127.35,338,2010,13,1756,113,Europe,Sports,Direct Sales,Completed,Low,3.7,-91,0.0188,0.887,99.041,99.1,2,2,6675782,CUST-34567,True,0.18,3227.74,24.62
2027-06-22,65449.41,32387.61,33061.8,50.52,118.4,425,4149,21,358,72,North America,Sports,Wholesale,Completed,Medium,3.9,-100,0.0269,0.916,98.617,159.5,0,7,5867412,CUST-72399,False,0.0,5235.95,18.87
2027-06-23,44978.37,23739.21,21239.16,47.22,493.53,212,2742,14,1975,108,Middle East,Books,Retail Store,Pending,Medium,3.5,-49,0.2729,0.821,99.961,106.2,2,8,9913561,CUST-60141,True,0.26,3598.27,37.6
2027-06-24,43945.27,35656.26,8289.01,18.86,159.94,238,1403,14,782,9,Latin America,Home & Kitchen,Retail Store,Refunded,Low,2.4,45,0.098,0.27,98.441,119.2,2,11,9092768,CUST-30735,False,0.0,3515.62,8.88
2027-06-25,35673.16,46677.7,-11004.54,-30.85,72.44,161,231,15,585,120,Latin America,Beauty,Wholesale,Completed,High,1.5,-14,0.2026,0.431,98.219,112.5,3,4,6028887,CUST-47592,True,0.16,2853.85,34.7
2027-06-26,56353.99,21936.71,34417.28,61.07,277.33,784,492,13,425,9,Latin America,Beauty,Online,Completed,Low,3.6,-96,0.2034,0.0,98.285,144.4,0,10,5480017,CUST-59481,False,0.0,4508.32,48.96
2027-06-27,80937.87,27281.93,53655.94,66.29,430.4,81,4676,10,1787,64,Middle East,Home & Kitchen,Direct Sales,Completed,Medium,4.1,27,0.2157,0.451,98.734,149.1,1,4,2493689,CUST-32034,False,0.0,6475.03,41.65
2027-06-28,33987.01,31852.86,2134.15,6.28,342.25,234,3684,22,548,69,Latin America,Electronics,Wholesale,Completed,Medium,1.8,1,0.0736,0.294,99.106,65.8,0,7,8579132,CUST-79808,False,0.0,2718.96,37.95
2027-06-29,50363.29,36291.25,14072.04,27.94,155.08,482,2775,19,685,131,Asia-Pacific,Books,Wholesale,Shipped,Medium,3.0,17,0.1023,0.112,99.336,34.9,1,13,5200351,CUST-65054,False,0.0,4029.06,24.84
2027-06-30,71183.31,25523.63,45659.68,64.14,285.19,906,2566,21,191,32,Latin America,Beauty,Wholesale,Completed,High,2.6,16,0.4648,0.839,99.125,142.9,1,9,2899304,CUST-22945,False,0.0,5694.66,5.73
2027-07-01,48805.38,7335.76,41469.62,84.97,360.28,652,1325,8,1125,87,Middle East,Apparel,Direct Sales,Pending,Low,1.8,2,0.1176,0.673,99.811,112.6,4,13,6289433,CUST-74100,False,0.0,3904.43,49.32
2027-07-02,56785.58,40873.52,15912.06,28.02,366.77,369,2805,13,1143,133,Latin America,Sports,Retail Store,Completed,Low,2.0,-8,0.2448,0.999,98.721,142.9,2,8,7978093,CUST-14575,False,0.0,4542.85,46.43
2027-07-03,34064.1,36084.05,-2019.95,-5.93,336.6,549,561,13,309,33,Asia-Pacific,Sports,Direct Sales,Completed,Medium,2.0,-53,0.1355,0.498,99.425,110.2,3,1,7257040,CUST-61422,False,0.0,2725.13,27.42
2027-07-04,56424.61,16056.42,40368.19,71.54,436.7,820,1901,12,1771,68,Asia-Pacific,Electronics,Wholesale,Completed,Low,2.7,-68,0.1595,0.331,98.536,138.2,4,1,9619336,CUST-17753,True,0.15,4513.97,35.93
2027-07-05,47192.84,25139.45,22053.39,46.73,436.35,618,3373,12,1957,146,Latin America,Beauty,Retail Store,Shipped,Critical,2.6,84,0.1462,0.264,99.364,115.3,1,5,8344620,CUST-87818,True,0.12,3775.43,30.19
2027-07-06,64785.95,42545.46,22240.49,34.33,293.68,55,4085,20,1792,36,North America,Books,Online,Completed,Low,3.2,2,0.1415,0.435,99.852,94.8,2,2,8413746,CUST-70904,False,0.0,5182.88,36.05
2027-07-07,67810.79,41582.37,26228.42,38.68,220.63,10,251,20,1366,13,North America,Beauty,Wholesale,Completed,Low,1.4,-76,0.3846,0.31,99.957,106.1,2,9,5581306,CUST-99900,True,0.21,5424.86,7.42
2027-07-08,88843.45,37509.12,51334.33,57.78,324.37,687,2369,11,1889,143,Europe,Books,Retail Store,Completed,Medium,3.3,-57,0.1127,0.991,99.459,114.1,2,11,8043786,CUST-74631,False,0.0,7107.48,49.93
2027-07-09,58694.5,28591.1,30103.4,51.29,410.92,254,4274,16,427,136,Asia-Pacific,Electronics,Retail Store,Shipped,Low,1.1,-10,0.1473,0.183,99.885,141.4,0,8,7239026,CUST-89777,False,0.0,4695.56,40.12
2027-07-10,54886.94,30663.9,24223.04,44.13,12.77,228,1885,17,1112,45,North America,Sports,Retail Store,Completed,Low,2.0,20,0.1154,0.019,99.361,114.0,0,13,2908294,CUST-15275,True,0.26,4390.96,16.96
2027-07-11,52915.76,28952.59,23963.17,45.29,496.08,623,3560,17,397,29,Europe,Home & Kitchen,Wholesale,Cancelled,High,3.0,10,0.1172,0.13,99.926,82.5,2,11,6511124,CUST-82629,False,0.0,4233.26,29.41
2027-07-12,44702.51,39025.92,5676.59,12.7,99.62,300,1936,14,1651,149,North America,Sports,Online,Pending,Low,3.7,-35,0.1949,0.892,99.796,178.3,2,8,9757611,CUST-47769,False,0.0,3576.2,26.3
2027-07-13,55077.26,22993.26,32084.0,58.25,240.42,467,1497,17,1598,12,Latin America,Books,Retail Store,Completed,Medium,4.1,27,0.1567,0.694,98.213,130.9,3,2,9384796,CUST-43567,False,0.0,4406.18,20.94
2027-07-14,45568.98,23553.6,22015.38,48.31,437.29,213,1175,19,1779,62,Asia-Pacific,Books,Wholesale,Completed,Low,1.1,95,0.1685,0.784,98.948,167.6,2,2,3373834,CUST-59183,False,0.0,3645.52,24.74
2027-07-15,52526.91,38082.2,14444.71,27.5,120.27,211,4606,17,877,113,North America,Electronics,Retail Store,Completed,Low,3.1,52,0.2606,0.32,98.695,81.8,1,6,3217895,CUST-44039,False,0.0,4202.15,30.61
2027-07-16,69763.96,29645.11,40118.85,57.51,243.63,575,2108,10,555,133,Latin America,Electronics,Direct Sales,Cancelled,Low,2.4,72,0.0726,0.623,98.054,111.1,3,13,8435120,CUST-90157,False,0.0,5581.12,28.01
2027-07-17,34901.86,41027.74,-6125.88,-17.55,74.97,491,1593,10,431,6,Europe,Apparel,Retail Store,Completed,Low,3.8,-78,0.0566,0.708,98.934,126.7,2,11,8299633,CUST-99621,False,0.0,2792.15,42.72
2027-07-18,67098.18,24627.9,42470.28,63.3,203.59,801,1235,14,474,14,Latin America,Sports,Wholesale,Completed,Low,2.1,-1,0.2152,0.326,98.297,143.0,4,4,3101431,CUST-10114,False,0.0,5367.85,10.36
2027-07-19,69756.73,29561.77,40194.96,57.62,96.8,520,1648,11,1873,95,Europe,Sports,Retail Store,Completed,Critical,4.0,68,0.1141,0.725,98.073,53.9,2,9,2270845,CUST-12647,True,0.26,5580.54,7.51
2027-07-20,48228.97,22620.7,25608.27,53.1,188.18,933,884,13,1509,121,North America,Electronics,Retail Store,Pending,Medium,3.4,-14,0.0741,0.63,98.89,55.0,2,4,4984483,CUST-22571,False,0.0,3858.32,27.76
2027-07-21,18172.18,30058.9,-11886.72,-65.41,193.0,287,1520,18,1718,145,Middle East,Beauty,Direct Sales,Shipped,High,4.2,19,0.0279,0.296,98.465,96.9,2,12,4088054,CUST-43352,False,0.0,1453.77,26.04
2027-07-22,40882.67,18171.62,22711.05,55.55,496.65,25,4938,13,1780,67,Latin America,Books,Direct Sales,Cancelled,Low,4.9,60,0.134,0.053,99.871,139.1,1,8,8268123,CUST-30026,True,0.1,3270.61,34.04
2027-07-23,69454.92,26098.93,43355.99,62.42,497.46,534,2535,13,371,15,Middle East,Home & Kitchen,Wholesale,Completed,Low,4.6,20,0.1415,0.238,99.625,96.5,2,6,9016067,CUST-86650,False,0.0,5556.39,18.06
2027-07-24,49656.98,18509.97,31147.01,62.72,66.25,365,3581,13,1663,146,Asia-Pacific,Electronics,Online,Completed,Medium,3.4,-73,0.3426,0.62,99.912,115.6,2,13,1516461,CUST-14519,True,0.11,3972.56,9.03
2027-07-25,35010.47,35551.39,-540.92,-1.55,365.72,365,3751,16,299,100,Middle East,Books,Online,Completed,Medium,4.6,-93,0.0778,0.599,99.763,121.8,0,4,5834341,CUST-75130,True,0.16,2800.84,41.19
2027-07-26,42428.38,35732.71,6695.67,15.78,35.36,839,2163,13,1817,128,Asia-Pacific,Home & Kitchen,Online,Cancelled,Low,1.6,56,0.2734,0.508,99.456,91.0,2,7,6745174,CUST-64469,True,0.12,3394.27,24.82
2027-07-27,62609.3,16157.9,46451.4,74.19,24.79,948,2120,14,229,97,North America,Apparel,Online,Refunded,Low,1.2,11,0.0709,0.251,99.195,171.2,0,4,6992233,CUST-65672,False,0.0,5008.74,11.12
2027-07-28,58201.0,40671.09,17529.91,30.12,61.61,608,4857,15,1967,106,North America,Beauty,Wholesale,Refunded,Low,3.1,83,0.0477,0.445,98.131,92.2,4,1,7022511,CUST-86561,False,0.0,4656.08,48.0
2027-07-29,46416.02,49979.32,-3563.3,-7.68,483.09,87,2249,13,1053,102,Latin America,Apparel,Wholesale,Completed,Low,4.9,42,0.1327,0.144,98.532,47.7,1,10,4745747,CUST-52409,False,0.0,3713.28,47.48
2027-07-30,44497.63,30368.05,14129.58,31.75,471.02,937,1050,17,1762,30,Middle East,Electronics,Direct Sales,Completed,High,3.8,-86,0.0532,0.662,99.421,85.6,3,1,1403573,CUST-12685,True,0.27,3559.81,12.32
2027-07-31,44123.63,24871.09,19252.54,43.63,105.02,76,124,13,78,43,Asia-Pacific,Beauty,Direct Sales,Completed,Low,2.2,-64,0.2293,0.869,98.802,90.8,3,8,3108226,CUST-41312,False,0.0,3529.89,41.3
2027-08-01,36163.85,52594.64,-16430.79,-45.43,89.22,868,117,20,1569,96,Asia-Pacific,Apparel,Online,Completed,Low,3.7,46,0.282,0.464,98.651,126.1,0,7,1288093,CUST-77585,False,0.0,2893.11,29.31
2027-08-02,74230.64,19448.25,54782.39,73.8,127.86,732,3925,18,1751,149,Middle East,Books,Direct Sales,Completed,Medium,1.2,6,0.223,0.213,98.208,127.9,3,9,1751753,CUST-76001,True,0.23,5938.45,18.43
2027-08-03,45165.19,30160.85,15004.34,33.22,262.62,223,669,14,1399,112,North America,Electronics,Wholesale,Completed,Low,2.9,86,0.2378,0.828,98.14,140.5,2,5,9627608,CUST-61319,False,0.0,3613.22,22.7
2027-08-04,68257.38,31436.98,36820.4,53.94,289.16,706,1455,14,787,80,North America,Sports,Online,Completed,High,1.9,78,0.1664,0.313,98.42,185.8,3,6,6691412,CUST-82970,False,0.0,5460.59,48.4
2027-08-05,72819.74,40761.18,32058.56,44.02,118.58,458,1692,12,1721,71,Asia-Pacific,Apparel,Retail Store,Completed,High,1.2,19,0.1418,0.594,99.669,121.0,1,10,7361321,CUST-41286,False,0.0,5825.58,20.03
2027-08-06,64974.66,32877.91,32096.75,49.4,380.75,974,930,13,236,126,Latin America,Beauty,Retail Store,Completed,Low,2.0,-16,0.0682,0.075,99.326,149.6,2,8,8216010,CUST-73745,True,0.16,5197.97,14.62
2027-08-07,43525.7,26010.93,17514.77,40.24,161.68,442,3182,19,104,115,North America,Beauty,Retail Store,Completed,Medium,3.9,62,0.2284,0.718,98.682,104.4,2,3,4783137,CUST-99729,False,0.0,3482.06,26.01
2027-08-08,56055.95,22390.53,33665.42,60.06,461.84,554,971,21,927,22,Europe,Sports,Direct Sales,Pending,Medium,3.2,17,0.1768,0.461,98.122,130.1,1,3,1998384,CUST-18504,True,0.07,4484.48,32.67
2027-08-09,49637.07,27265.43,22371.64,45.07,331.79,124,934,13,563,39,Asia-Pacific,Home & Kitchen,Online,Completed,Low,1.1,-9,0.3932,0.423,98.377,107.8,3,12,5191818,CUST-10360,False,0.0,3970.97,17.81
2027-08-10,36444.47,21944.58,14499.89,39.79,223.81,796,3412,13,1483,22,Middle East,Beauty,Retail Store,Pending,Medium,2.6,-65,0.228,0.935,98.9,114.8,2,13,5148377,CUST-83301,False,0.0,2915.56,39.82
2027-08-11,54865.39,30382.6,24482.79,44.62,397.06,429,3216,19,1904,132,Middle East,Beauty,Online,Completed,Medium,4.0,80,0.0311,0.491,98.306,125.8,1,10,4197235,CUST-75423,True,0.07,4389.23,32.25
2027-08-12,32314.4,25486.43,6827.97,21.13,410.78,508,1069,16,66,131,Asia-Pacific,Electronics,Wholesale,Shipped,Medium,4.8,-21,0.2634,0.017,99.525,154.4,2,13,4509297,CUST-24362,False,0.0,2585.15,46.76
2027-08-13,67815.19,18047.7,49767.49,73.39,152.34,719,692,11,1644,88,Asia-Pacific,Beauty,Retail Store,Completed,High,4.5,-89,0.212,0.96,99.577,118.1,2,10,8834391,CUST-53241,False,0.0,5425.22,19.42
2027-08-14,43030.74,40041.17,2989.57,6.95,176.46,389,354,17,137,47,North America,Home & Kitchen,Retail Store,Completed,Low,1.0,-73,0.03,0.012,98.274,118.0,1,10,3244975,CUST-74565,True,0.3,3442.46,34.88
2027-08-15,53017.39,26018.62,26998.77,50.92,468.62,152,2214,19,1296,86,Asia-Pacific,Beauty,Retail Store,Pending,Medium,1.9,98,0.1251,0.536,99.454,131.0,3,1,9471775,CUST-54176,False,0.0,4241.39,44.87
2027-08-16,54249.32,19854.91,34394.41,63.4,90.72,749,3065,10,1857,31,Asia-Pacific,Home & Kitchen,Wholesale,Cancelled,Medium,1.8,-68,0.1693,0.634,99.024,150.8,1,2,3453483,CUST-35338,False,0.0,4339.95,5.2
2027-08-17,46116.43,28653.93,17462.5,37.87,30.65,641,2761,9,1131,52,Europe,Books,Online,Completed,Low,2.7,-26,0.1178,0.894,99.925,70.7,1,2,3436121,CUST-27157,True,0.27,3689.31,27.26
2027-08-18,58800.41,30546.97,28253.44,48.05,232.49,874,702,13,753,73,Middle East,Home & Kitchen,Retail Store,Completed,Critical,3.6,-22,0.4071,0.679,99.575,128.5,0,11,4652392,CUST-93808,False,0.0,4704.03,29.95
2027-08-19,42876.45,16028.27,26848.18,62.62,402.59,33,1165,19,1635,120,North America,Electronics,Retail Store,Cancelled,Low,1.6,82,0.2215,0.811,99.171,73.4,2,7,4736207,CUST-77468,False,0.0,3430.12,27.86
2027-08-20,63069.46,32653.18,30416.28,48.23,388.12,548,1939,18,774,128,Latin America,Apparel,Online,Completed,Medium,4.7,-22,0.2628,0.77,99.207,165.8,5,8,5124723,CUST-23029,False,0.0,5045.56,18.13
2027-08-21,29810.3,21622.74,8187.56,27.47,460.57,954,2531,13,1303,20,North America,Sports,Direct Sales,Completed,High,4.1,100,0.0648,0.214,98.358,131.9,3,12,4799416,CUST-65442,False,0.0,2384.82,9.06
2027-08-22,51895.69,43688.23,8207.46,15.82,271.27,84,1065,17,1227,130,Middle East,Apparel,Direct Sales,Cancelled,Medium,2.7,-51,0.0846,0.7,99.787,162.9,0,11,1710099,CUST-77819,False,0.0,4151.66,43.92
2027-08-23,79083.93,34191.68,44892.25,56.77,59.03,762,1837,16,1346,18,Latin America,Books,Retail Store,Shipped,Low,3.3,-72,0.3621,0.638,99.118,61.7,4,1,7034226,CUST-20172,True,0.29,6326.71,27.95
2027-08-24,34995.03,26800.8,8194.23,23.42,298.46,544,584,14,1955,43,Asia-Pacific,Electronics,Retail Store,Completed,Low,3.2,-43,0.2611,0.244,99.148,114.1,0,1,9807226,CUST-49306,True,0.14,2799.6,8.26
2027-08-25,39833.83,24038.66,15795.17,39.65,391.41,682,4234,13,1119,112,Europe,Books,Direct Sales,Cancelled,Low,3.3,-75,0.0844,0.128,99.151,150.5,2,5,1576249,CUST-61925,False,0.0,3186.71,23.47
2027-08-26,57708.62,29160.26,28548.36,49.47,55.73,50,110,16,1947,16,Europe,Books,Direct Sales,Completed,Medium,4.4,-78,0.0908,0.752,98.552,169.1,1,1,6144871,CUST-47637,True,0.2,4616.69,13.25
2027-08-27,52693.73,34902.33,17791.4,33.76,94.6,759,4819,19,944,101,Middle East,Beauty,Retail Store,Completed,Low,1.8,-84,0.1347,0.971,99.624,132.3,0,12,2099919,CUST-53662,False,0.0,4215.5,18.98
2027-08-28,55259.45,29796.05,25463.4,46.08,16.02,760,4604,17,501,59,Middle East,Beauty,Online,Pending,Medium,3.7,32,0.1589,0.738,99.725,105.0,6,2,8835810,CUST-80056,False,0.0,4420.76,41.75
2027-08-29,57337.81,28262.73,29075.08,50.71,300.89,577,2127,11,1379,138,Europe,Electronics,Direct Sales,Completed,Low,1.4,-42,0.3729,0.749,98.576,110.6,3,3,6446842,CUST-57094,False,0.0,4587.02,28.39
2027-08-30,59520.82,30466.96,29053.86,48.81,444.5,422,3464,16,476,44,Latin America,Apparel,Retail Store,Completed,Low,2.8,43,0.0821,0.167,98.884,83.5,0,13,6873230,CUST-61383,True,0.11,4761.67,15.62
2027-08-31,66645.5,25169.13,41476.37,62.23,338.63,424,3187,9,167,95,Latin America,Home & Kitchen,Wholesale,Refunded,Low,3.5,2,0.2128,0.247,98.358,171.2,0,1,9801875,CUST-43553,False,0.0,5331.64,41.47
2027-09-01,56147.28,27254.35,28892.93,51.46,491.2,458,3138,13,737,17,North America,Beauty,Online,Completed,Medium,1.1,-7,0.0855,0.586,98.477,142.8,3,9,9783271,CUST-69554,False,0.0,4491.78,13.68
2027-09-02,46381.14,13313.66,33067.48,71.3,40.89,619,704,15,1071,73,Asia-Pacific,Electronics,Retail Store,Pending,High,1.4,48,0.1709,0.031,98.672,113.7,2,4,3134710,CUST-43068,False,0.0,3710.49,19.28
2027-09-03,60088.61,37789.81,22298.8,37.11,452.47,667,1068,16,629,100,Latin America,Electronics,Wholesale,Completed,Low,1.4,-96,0.1376,0.668,99.804,139.0,2,11,9272860,CUST-53391,False,0.0,4807.09,6.49
2027-09-04,78498.23,32390.38,46107.85,58.74,408.89,987,4360,9,300,15,Asia-Pacific,Apparel,Direct Sales,Completed,Low,2.5,85,0.1512,0.145,99.252,116.1,3,13,4935981,CUST-11180,True,0.11,6279.86,48.07
2027-09-05,48010.49,23812.35,24198.14,50.4,163.98,783,536,12,452,122,Middle East,Electronics,Wholesale,Pending,Critical,3.5,-75,0.0574,0.413,99.176,109.5,1,11,3110918,CUST-46330,False,0.0,3840.84,23.83
2027-09-06,35382.06,45189.88,-9807.82,-27.72,487.03,445,2874,15,1815,65,Latin America,Sports,Wholesale,Pending,Low,5.0,70,0.091,0.32,99.894,93.6,1,6,7008263,CUST-10324,False,0.0,2830.56,12.5
2027-09-07,66606.21,30696.13,35910.08,53.91,151.09,561,1909,12,970,40,Latin America,Electronics,Wholesale,Shipped,High,2.0,11,0.1066,0.106,99.583,94.2,3,6,9055194,CUST-65127,False,0.0,5328.5,28.03
2027-09-08,48194.28,21710.85,26483.43,54.95,445.76,714,2869,18,249,142,Latin America,Apparel,Direct Sales,Shipped,Medium,1.5,25,0.1501,0.579,98.032,133.3,1,3,8795016,CUST-50189,True,0.11,3855.54,9.77
2027-09-09,17409.96,36853.9,-19443.94,-111.68,441.57,248,1929,14,1219,133,North America,Beauty,Wholesale,Completed,Low,2.7,86,0.1399,0.361,98.249,156.7,1,8,9117599,CUST-16687,False,0.0,1392.8,45.48
2027-09-10,62711.33,33184.39,29526.94,47.08,381.25,51,392,15,1124,67,Middle East,Apparel,Direct Sales,Completed,Medium,1.6,-15,0.0526,0.044,98.496,108.2,0,6,6248458,CUST-41492,False,0.0,5016.91,7.76
2027-09-11,41970.08,33156.64,8813.44,21.0,286.1,743,4051,12,963,144,Europe,Books,Retail Store,Completed,Critical,1.1,85,0.0952,0.444,98.608,92.3,3,6,5915363,CUST-71611,False,0.0,3357.61,32.93
2027-09-12,48642.0,26593.96,22048.04,45.33,68.8,717,561,9,1441,9,North America,Beauty,Wholesale,Completed,High,3.3,8,0.141,0.59,99.668,153.3,4,13,9787057,CUST-28017,False,0.0,3891.36,45.13
2027-09-13,54979.7,33603.97,21375.73,38.88,270.67,809,3984,16,1771,82,North America,Books,Online,Completed,Medium,4.5,-99,0.039,0.13,99.54,122.8,1,1,8358054,CUST-13633,False,0.0,4398.38,16.15
2027-09-14,52857.5,27905.93,24951.57,47.21,184.83,19,3333,12,369,40,Latin America,Electronics,Retail Store,Completed,Medium,4.4,-57,0.1754,0.585,98.291,41.9,4,12,1396046,CUST-26209,False,0.0,4228.6,9.42
2027-09-15,60641.78,34447.53,26194.25,43.2,398.19,756,2191,13,248,149,North America,Books,Direct Sales,Pending,Low,1.4,5,0.1339,0.302,99.068,95.3,0,7,1423098,CUST-15603,False,0.0,4851.34,25.88
2027-09-16,43467.7,14760.44,28707.26,66.04,381.48,846,4036,16,1514,17,Europe,Apparel,Retail Store,Completed,Low,1.6,53,0.2284,0.26,98.218,136.4,0,12,2775126,CUST-37897,False,0.0,3477.42,31.59
2027-09-17,57696.59,26529.01,31167.58,54.02,456.2,274,3039,20,194,67,North America,Apparel,Wholesale,Cancelled,Low,3.0,8,0.1223,0.795,98.346,92.4,1,4,7414152,CUST-55076,True,0.15,4615.73,18.04
2027-09-18,46106.8,43777.24,2329.56,5.05,17.27,590,4906,15,1132,15,North America,Home & Kitchen,Direct Sales,Completed,High,2.5,-57,0.4898,0.468,98.484,121.8,2,8,8388939,CUST-57509,True,0.28,3688.54,19.63
2027-09-19,61082.16,23863.46,37218.7,60.93,406.46,454,188,15,1780,73,Latin America,Sports,Wholesale,Completed,Low,3.8,46,0.1057,0.378,99.811,76.5,2,13,7409351,CUST-81334,False,0.0,4886.57,33.71
2027-09-20,59230.51,25169.29,34061.22,57.51,469.85,148,1763,16,192,106,Middle East,Electronics,Retail Store,Pending,Low,3.0,-52,0.2875,0.813,98.731,105.6,1,3,2876206,CUST-63111,False,0.0,4738.44,48.95
2027-09-21,35968.42,26416.31,9552.11,26.56,396.76,876,3401,17,1296,36,Europe,Apparel,Online,Pending,Medium,1.1,-10,0.3921,0.91,99.832,82.0,5,4,3264353,CUST-65380,False,0.0,2877.47,24.12
2027-09-22,66289.73,20281.55,46008.18,69.4,73.8,740,2820,16,1173,14,Latin America,Beauty,Retail Store,Completed,Medium,2.1,-20,0.3508,0.315,99.501,76.9,3,12,7685011,CUST-98836,False,0.0,5303.18,24.97
2027-09-23,41960.55,12333.75,29626.8,70.61,49.83,205,3037,14,1099,112,North America,Apparel,Retail Store,Completed,Low,4.6,84,0.1892,0.05,99.499,93.4,2,11,8362911,CUST-19376,False,0.0,3356.84,44.17
2027-09-24,62120.87,28155.31,33965.56,54.68,20.21,83,521,20,1505,58,Europe,Beauty,Wholesale,Completed,Low,3.0,33,0.1412,0.541,99.607,150.5,3,1,3561420,CUST-42454,True,0.12,4969.67,22.54
2027-09-25,55509.31,31086.88,24422.43,44.0,318.09,624,3849,11,575,86,Asia-Pacific,Electronics,Online,Shipped,Medium,4.2,50,0.2263,0.715,98.192,134.6,4,1,6441349,CUST-63483,True,0.29,4440.74,19.78
2027-09-26,77572.76,29579.96,47992.8,61.87,318.54,234,4533,17,171,91,North America,Sports,Wholesale,Shipped,High,2.6,-19,0.1958,0.588,99.629,191.8,1,12,1354914,CUST-46631,False,0.0,6205.82,25.96
2027-09-27,46648.01,28840.97,17807.04,38.17,493.59,644,365,12,1538,86,Middle East,Home & Kitchen,Wholesale,Completed,Medium,3.7,-58,0.0389,0.688,98.505,99.1,0,3,4810968,CUST-22405,True,0.3,3731.84,6.89
2027-09-28,44760.25,30344.33,14415.92,32.21,205.04,111,2950,12,314,39,North America,Home & Kitchen,Wholesale,Completed,Low,1.7,-57,0.2735,0.647,99.968,155.7,3,9,2978511,CUST-81663,False,0.0,3580.82,45.98
2027-09-29,49708.71,38182.73,11525.98,23.19,172.63,273,1478,16,1080,71,Middle East,Books,Direct Sales,Completed,Medium,3.9,-35,0.1673,0.956,99.696,185.0,1,6,7389621,CUST-29061,True,0.25,3976.7,9.4
2027-09-30,45452.3,28476.43,16975.87,37.35,315.97,954,1914,8,780,69,Asia-Pacific,Apparel,Wholesale,Completed,Medium,4.1,-56,0.2275,0.866,99.993,159.1,2,2,6351155,CUST-15112,False,0.0,3636.18,45.52
2027-10-01,61999.13,25407.34,36591.79,59.02,414.55,929,2364,18,1293,21,Latin America,Electronics,Online,Completed,Low,1.4,-82,0.1306,0.132,99.874,159.7,3,2,5775234,CUST-43318,False,0.0,4959.93,47.03
2027-10-02,25755.34,27751.0,-1995.66,-7.75,469.02,170,4516,11,1768,46,Latin America,Books,Wholesale,Completed,Low,1.7,-97,0.1136,0.453,98.719,124.2,1,7,8712293,CUST-52567,False,0.0,2060.43,44.86
2027-10-03,34194.76,34634.77,-440.01,-1.29,403.53,242,949,12,445,125,Latin America,Electronics,Wholesale,Completed,High,2.9,-4,0.1132,0.455,99.883,128.1,2,5,6220495,CUST-57886,True,0.19,2735.58,8.91
2027-10-04,33982.96,41296.22,-7313.26,-21.52,219.07,500,4914,13,962,125,Europe,Electronics,Online,Completed,Medium,3.5,-3,0.1179,0.456,98.66,87.8,2,13,5471134,CUST-92757,False,0.0,2718.64,29.57
2027-10-05,64254.61,24974.85,39279.76,61.13,321.11,796,3836,11,1530,143,Middle East,Books,Retail Store,Completed,Low,3.5,-5,0.0465,0.931,99.319,26.5,2,12,5646251,CUST-24852,False,0.0,5140.37,20.95
2027-10-06,75659.2,30791.47,44867.73,59.3,429.59,779,1091,14,157,82,North America,Electronics,Wholesale,Completed,Low,3.7,84,0.2454,0.327,99.637,127.2,2,11,2092332,CUST-33766,True,0.23,6052.74,12.72
2027-10-07,48433.26,32706.86,15726.4,32.47,250.4,320,3864,12,1565,32,Europe,Books,Retail Store,Shipped,High,3.9,36,0.0321,0.614,98.764,86.4,3,13,1142643,CUST-83135,True,0.12,3874.66,29.37
2027-10-08,47467.67,22059.38,25408.29,53.53,116.18,660,1908,17,1977,43,Europe,Sports,Wholesale,Cancelled,Medium,3.0,0,0.0652,0.896,98.408,105.1,2,11,2925738,CUST-20315,False,0.0,3797.41,6.88
2027-10-09,51050.78,30163.34,20887.44,40.92,93.16,236,3374,16,908,104,North America,Apparel,Wholesale,Completed,High,3.3,-53,0.2544,0.051,99.79,91.1,0,10,3641847,CUST-58617,False,0.0,4084.06,18.69
2027-10-10,67428.17,18274.61,49153.56,72.9,10.08,282,816,13,685,15,Asia-Pacific,Books,Direct Sales,Completed,Medium,1.0,63,0.0403,0.879,98.207,131.3,2,3,3292492,CUST-32251,True,0.22,5394.25,28.51
2027-10-11,36089.7,15847.6,20242.1,56.09,361.94,947,995,14,1755,119,Latin America,Apparel,Online,Completed,Low,1.7,94,0.0852,0.765,98.73,113.0,1,4,4964749,CUST-13860,False,0.0,2887.18,49.14
2027-10-12,53575.53,32933.97,20641.56,38.53,64.44,326,1276,20,1533,121,Asia-Pacific,Home & Kitchen,Online,Completed,Medium,3.0,-83,0.0531,0.208,99.081,164.0,0,1,4350326,CUST-45797,True,0.22,4286.04,28.28
2027-10-13,64627.96,26929.0,37698.96,58.33,129.48,908,3853,11,982,136,Asia-Pacific,Books,Retail Store,Completed,Low,4.0,-61,0.3601,0.326,99.609,94.7,3,13,8883763,CUST-45467,True,0.24,5170.24,19.01
2027-10-14,57516.41,31618.24,25898.17,45.03,155.96,95,1876,12,1989,68,Latin America,Sports,Direct Sales,Pending,Low,4.2,93,0.096,0.311,99.738,126.3,1,11,9005892,CUST-38609,False,0.0,4601.31,29.85
2027-10-15,52843.72,29856.84,22986.88,43.5,284.59,300,2904,13,818,87,Asia-Pacific,Home & Kitchen,Wholesale,Completed,Low,3.9,-36,0.103,0.221,99.023,113.3,3,12,8016957,CUST-50221,False,0.0,4227.5,7.2
2027-10-16,65015.69,22188.8,42826.89,65.87,205.0,478,3492,20,1082,6,Europe,Books,Direct Sales,Completed,Low,2.9,51,0.3215,0.639,99.147,109.7,0,3,2148318,CUST-33814,False,0.0,5201.26,41.75
2027-10-17,9451.52,29637.97,-20186.45,-213.58,340.59,738,1559,14,1440,47,North America,Electronics,Online,Shipped,High,2.1,80,0.146,0.983,99.708,117.3,2,12,9549471,CUST-21364,True,0.2,756.12,45.58
2027-10-18,60168.13,20135.19,40032.94,66.54,37.26,880,2643,24,1865,45,Europe,Home & Kitchen,Wholesale,Completed,Medium,2.8,13,0.1967,0.167,98.934,173.2,1,4,3460225,CUST-45259,False,0.0,4813.45,6.77
2027-10-19,40188.86,41127.78,-938.92,-2.34,70.73,587,4737,24,1198,64,Europe,Beauty,Wholesale,Completed,Low,1.0,69,0.1044,0.232,99.118,149.5,1,13,6564536,CUST-13547,False,0.0,3215.11,14.3
2027-10-20,22540.51,19152.24,3388.27,15.03,254.61,778,4830,10,1235,116,Middle East,Beauty,Retail Store,Pending,Medium,3.4,-48,0.0713,0.29,98.037,104.0,2,9,7886607,CUST-61887,False,0.0,1803.24,6.6
2027-10-21,57668.04,28433.72,29234.32,50.69,175.11,656,3653,8,85,44,Latin America,Beauty,Direct Sales,Completed,Medium,1.3,-39,0.2163,0.938,99.902,98.6,2,11,7231409,CUST-67889,False,0.0,4613.44,45.56
2027-10-22,70604.88,21661.83,48943.05,69.32,154.95,413,1449,14,1077,63,Latin America,Home & Kitchen,Wholesale,Pending,High,1.6,89,0.0654,0.626,99.134,92.6,2,10,2135999,CUST-24198,False,0.0,5648.39,5.82
2027-10-23,47938.27,34563.37,13374.9,27.9,42.84,436,3086,13,462,49,Europe,Apparel,Online,Refunded,High,3.5,95,0.1638,0.213,99.455,124.0,2,5,9965533,CUST-95877,False,0.0,3835.06,5.99
2027-10-24,64293.12,27348.55,36944.57,57.46,448.9,384,3430,11,1160,46,Latin America,Books,Retail Store,Shipped,Low,1.1,25,0.4546,0.804,98.496,66.9,1,8,8431569,CUST-25916,True,0.17,5143.45,30.81
2027-10-25,74184.17,25850.67,48333.5,65.15,348.99,911,4893,14,532,123,Middle East,Electronics,Online,Completed,High,3.3,13,0.2001,0.923,99.313,112.5,1,5,8722403,CUST-62027,True,0.22,5934.73,13.4
2027-10-26,69723.72,36825.61,32898.11,47.18,69.59,576,2222,10,961,135,North America,Electronics,Retail Store,Completed,Low,3.6,62,0.1428,0.403,98.92,133.4,2,5,4418216,CUST-58838,False,0.0,5577.9,46.63
2027-10-27,74599.47,30235.44,44364.03,59.47,41.87,877,3728,15,1849,143,Asia-Pacific,Home & Kitchen,Direct Sales,Completed,Low,4.2,84,0.1066,0.173,98.225,94.6,0,8,5775677,CUST-27115,False,0.0,5967.96,41.57
2027-10-28,61131.91,34133.16,26998.75,44.16,487.69,764,597,15,652,28,Latin America,Beauty,Retail Store,Refunded,Low,1.3,-40,0.2292,0.31,99.66,121.4,5,3,9446757,CUST-71584,False,0.0,4890.55,14.64
2027-10-29,51131.5,22149.39,28982.11,56.68,343.77,261,3587,17,1880,54,Europe,Sports,Direct Sales,Refunded,Low,1.0,39,0.1878,0.217,99.679,129.3,3,5,3154289,CUST-44275,False,0.0,4090.52,24.9
2027-10-30,25970.51,18761.46,7209.05,27.76,214.55,542,821,18,1131,92,Latin America,Electronics,Direct Sales,Completed,High,4.1,-52,0.3109,0.201,98.127,58.3,3,13,8780144,CUST-47664,False,0.0,2077.64,42.92
2027-10-31,46309.06,30857.66,15451.4,33.37,353.85,316,1463,17,1213,25,Europe,Sports,Wholesale,Cancelled,Medium,2.2,49,0.2504,0.171,98.781,127.2,0,13,1248731,CUST-18381,True,0.22,3704.72,5.78
2027-11-01,37351.3,27449.23,9902.07,26.51,380.6,439,407,9,221,136,Asia-Pacific,Sports,Direct Sales,Completed,Medium,4.5,-11,0.328,0.876,98.563,103.9,1,5,9824375,CUST-41237,False,0.0,2988.1,26.35
2027-11-02,82564.14,35011.48,47552.66,57.59,392.18,684,2851,10,309,129,Latin America,Electronics,Retail Store,Completed,High,1.7,-33,0.3421,0.086,99.033,184.7,0,1,3128032,CUST-39029,False,0.0,6605.13,25.65
2027-11-03,47361.71,29360.73,18000.98,38.01,244.16,877,983,23,1568,47,Asia-Pacific,Apparel,Retail Store,Completed,Low,3.3,-30,0.2037,0.413,98.978,126.9,0,3,5080799,CUST-11993,False,0.0,3788.94,47.1
2027-11-04,51848.07,31640.6,20207.47,38.97,220.64,273,1364,26,74,27,Europe,Electronics,Wholesale,Completed,Low,1.4,50,0.0665,0.015,99.313,87.8,3,4,6644811,CUST-34842,False,0.0,4147.85,20.44
2027-11-05,58272.28,17012.94,41259.34,70.8,15.4,77,4448,15,247,25,Middle East,Electronics,Retail Store,Shipped,Medium,2.6,-6,0.0946,0.293,98.495,56.4,1,10,7470194,CUST-21395,False,0.0,4661.78,14.55
2027-11-06,50654.04,45107.5,5546.54,10.95,464.01,116,2544,16,628,147,Middle East,Books,Direct Sales,Completed,High,4.5,34,0.0852,0.707,98.443,118.3,2,6,4980302,CUST-40342,False,0.0,4052.32,19.47
2027-11-07,75425.77,28686.06,46739.71,61.97,305.62,409,3133,11,472,62,North America,Electronics,Retail Store,Shipped,Critical,3.4,25,0.1925,0.203,99.447,165.7,1,12,7163679,CUST-83497,True,0.2,6034.06,18.21
2027-11-08,40660.26,35580.7,5079.56,12.49,109.55,588,1152,18,1191,30,Europe,Books,Online,Refunded,Low,3.8,-79,0.1167,0.999,99.952,98.8,0,6,2804078,CUST-74617,True,0.16,3252.82,41.75
2027-11-09,52919.11,23311.27,29607.84,55.95,460.61,208,593,20,841,63,Europe,Beauty,Online,Shipped,High,1.9,2,0.0674,0.048,99.893,131.0,4,5,9513836,CUST-30064,False,0.0,4233.53,35.8
2027-11-10,38862.94,32464.08,6398.86,16.47,458.32,201,2121,9,55,94,Europe,Apparel,Wholesale,Completed,High,4.7,-61,0.261,0.136,99.584,145.9,2,11,2794894,CUST-45049,False,0.0,3109.04,24.72
2027-11-11,30199.66,19577.24,10622.42,35.17,494.7,523,1847,13,1170,49,Middle East,Sports,Direct Sales,Pending,Low,3.5,46,0.1669,0.787,98.135,144.1,3,2,6342062,CUST-97074,False,0.0,2415.97,43.5
2027-11-12,40823.46,33616.54,7206.92,17.65,438.29,778,3402,11,121,98,Middle East,Electronics,Retail Store,Completed,Medium,1.4,-48,0.1571,0.976,98.476,119.9,0,4,1752387,CUST-45573,False,0.0,3265.88,31.63
2027-11-13,49444.45,27152.21,22292.24,45.09,498.91,451,2379,12,978,114,Middle East,Apparel,Wholesale,Shipped,Low,1.1,-71,0.1552,0.954,99.379,97.0,1,11,4400874,CUST-19512,False,0.0,3955.56,10.61
2027-11-14,43560.47,30233.52,13326.95,30.59,129.9,10,1031,18,481,68,Latin America,Sports,Wholesale,Completed,Medium,1.1,53,0.2835,0.798,98.592,110.9,3,13,9974238,CUST-84929,True,0.11,3484.84,35.57
2027-11-15,39613.69,35583.79,4029.9,10.17,422.7,367,2025,15,1012,88,Latin America,Apparel,Direct Sales,Pending,High,1.2,22,0.2288,0.973,98.787,82.6,2,5,1670110,CUST-36850,False,0.0,3169.1,16.87
2027-11-16,28905.24,20139.68,8765.56,30.33,413.28,124,856,12,429,81,Middle East,Sports,Wholesale,Shipped,High,4.6,68,0.0535,0.841,99.907,87.0,5,7,9334739,CUST-42806,False,0.0,2312.42,35.81
2027-11-17,48753.42,24524.07,24229.35,49.7,123.16,912,1154,16,1843,31,Asia-Pacific,Sports,Online,Shipped,Medium,2.4,19,0.3049,0.058,98.173,154.6,0,13,5790600,CUST-23894,False,0.0,3900.27,28.21
2027-11-18,27429.19,33658.59,-6229.4,-22.71,58.23,609,4030,13,599,91,Latin America,Apparel,Wholesale,Refunded,High,2.2,49,0.1031,0.846,99.722,131.7,2,6,3720204,CUST-88086,False,0.0,2194.34,38.83
2027-11-19,61400.84,46785.77,14615.07,23.8,489.92,206,4651,19,857,16,Latin America,Home & Kitchen,Retail Store,Completed,Low,2.7,-40,0.104,0.484,98.101,130.1,0,2,7235044,CUST-65576,False,0.0,4912.07,26.75
2027-11-20,51236.6,28895.34,22341.26,43.6,155.05,990,4454,18,105,106,Latin America,Books,Online,Completed,Low,2.6,-28,0.1473,0.457,98.676,94.9,5,8,6345145,CUST-68820,False,0.0,4098.93,44.74
2027-11-21,28136.73,34729.09,-6592.36,-23.43,436.74,613,4626,12,664,49,Latin America,Sports,Online,Completed,Low,2.0,-55,0.3913,0.003,99.111,161.9,0,10,5736756,CUST-23213,False,0.0,2250.94,21.4
2027-11-22,45361.86,29144.23,16217.63,35.75,12.02,283,3553,11,1176,132,North America,Sports,Online,Completed,High,1.4,-43,0.2973,0.62,98.713,111.9,6,13,8162170,CUST-21786,False,0.0,3628.95,18.4
2027-11-23,38717.65,45537.96,-6820.31,-17.62,20.3,865,2616,23,265,36,Latin America,Sports,Retail Store,Completed,High,1.4,-72,0.1223,0.672,99.914,124.6,0,10,9394717,CUST-95702,False,0.0,3097.41,14.99
2027-11-24,54787.62,16022.23,38765.39,70.76,238.28,169,2064,13,70,58,Asia-Pacific,Sports,Direct Sales,Completed,Medium,3.4,-48,0.0258,0.791,99.009,160.8,2,8,8668183,CUST-86697,False,0.0,4383.01,29.36
2027-11-25,70106.76,30756.97,39349.79,56.13,126.97,182,746,16,1700,117,North America,Apparel,Wholesale,Shipped,Critical,2.6,45,0.2517,0.326,99.468,94.7,2,4,1006300,CUST-87752,True,0.24,5608.54,18.09
2027-11-26,21872.41,16995.65,4876.76,22.3,348.02,554,4642,10,259,119,Latin America,Sports,Wholesale,Cancelled,Medium,4.6,58,0.1809,0.128,99.404,97.8,3,1,2843529,CUST-68038,False,0.0,1749.79,37.37
2027-11-27,51725.39,9947.43,41777.96,80.77,287.13,467,2930,14,340,36,Europe,Beauty,Online,Completed,Medium,2.9,-69,0.0519,0.44,99.67,156.2,3,3,6275733,CUST-10995,True,0.29,4138.03,15.95
2027-11-28,47598.01,32379.7,15218.31,31.97,47.97,594,294,9,764,147,North America,Electronics,Online,Completed,Medium,3.0,-92,0.3758,0.362,99.728,148.5,1,9,2389996,CUST-12453,False,0.0,3807.84,28.17
2027-11-29,60070.1,31115.98,28954.12,48.2,89.69,442,1245,9,884,108,Latin America,Sports,Wholesale,Completed,High,4.7,-64,0.1224,0.753,98.933,132.0,5,6,4464075,CUST-45903,False,0.0,4805.61,32.89
2027-11-30,53197.95,27721.3,25476.65,47.89,200.14,938,2609,16,237,59,Asia-Pacific,Apparel,Retail Store,Completed,Low,3.0,-93,0.1686,0.229,99.726,43.8,3,1,4127925,CUST-21605,False,0.0,4255.84,26.64
2027-12-01,38720.46,29150.45,9570.01,24.72,100.95,490,4391,18,1224,45,Middle East,Sports,Online,Shipped,Low,3.0,51,0.0733,0.138,99.307,164.8,0,3,5281607,CUST-93777,False,0.0,3097.64,6.9
2027-12-02,45214.19,54786.4,-9572.21,-21.17,398.19,464,2183,14,240,131,Latin America,Apparel,Online,Completed,Low,2.5,-33,0.2739,0.44,99.372,98.7,1,8,1633794,CUST-47307,False,0.0,3617.14,20.12
2027-12-03,38059.61,27934.6,10125.01,26.6,213.87,205,4840,10,456,44,Europe,Sports,Retail Store,Pending,High,3.8,-49,0.1849,0.628,98.346,99.7,4,12,6250841,CUST-33741,False,0.0,3044.77,42.94
2027-12-04,66140.11,34080.99,32059.12,48.47,55.78,805,3452,18,263,76,Asia-Pacific,Electronics,Direct Sales,Completed,High,2.6,-55,0.1236,0.281,98.49,113.0,3,2,5476691,CUST-15939,False,0.0,5291.21,36.74
2027-12-05,50319.67,24805.08,25514.59,50.71,247.33,608,421,10,1964,118,North America,Sports,Online,Refunded,Low,3.4,-84,0.0403,0.114,99.375,78.1,2,9,9210380,CUST-47607,False,0.0,4025.57,49.48
2027-12-06,78517.86,32361.86,46156.0,58.78,54.51,318,2387,16,603,42,Asia-Pacific,Beauty,Direct Sales,Shipped,High,2.8,-80,0.2273,0.439,98.531,162.6,2,9,8761321,CUST-45389,False,0.0,6281.43,18.16
2027-12-07,49090.09,28094.13,20995.96,42.77,73.18,745,3231,11,1551,60,Latin America,Sports,Retail Store,Cancelled,Medium,3.1,-53,0.2761,0.962,98.98,126.0,4,4,3134065,CUST-76251,True,0.12,3927.21,46.87
2027-12-08,39373.9,26715.85,12658.05,32.15,127.41,565,4845,18,1009,38,Europe,Sports,Wholesale,Completed,Medium,4.3,-92,0.0444,0.967,98.98,144.5,1,4,7290591,CUST-84638,False,0.0,3149.91,24.2
2027-12-09,27294.28,44551.19,-17256.91,-63.23,431.17,857,1802,16,1267,133,Asia-Pacific,Apparel,Wholesale,Completed,High,2.7,96,0.0453,0.709,98.468,92.9,2,5,1547314,CUST-24119,False,0.0,2183.54,8.31
2027-12-10,22952.9,39417.48,-16464.58,-71.73,463.06,503,2312,22,1323,14,Asia-Pacific,Apparel,Direct Sales,Completed,Medium,1.9,-96,0.1995,0.777,99.133,154.5,0,13,7922399,CUST-45846,False,0.0,1836.23,21.16
2027-12-11,26237.96,31093.97,-4856.01,-18.51,414.87,448,930,18,642,20,Middle East,Sports,Online,Pending,Medium,3.3,-95,0.052,0.204,99.128,169.8,2,8,9519296,CUST-25077,True,0.09,2099.04,14.09
2027-12-12,54006.9,11566.3,42440.6,78.58,173.7,659,288,15,90,18,Middle East,Beauty,Wholesale,Completed,Low,4.8,99,0.2072,0.375,98.258,75.4,2,4,5886026,CUST-24628,False,0.0,4320.55,17.81
2027-12-13,57630.88,27111.93,30518.95,52.96,143.5,791,4152,15,419,94,Latin America,Apparel,Retail Store,Shipped,Low,3.8,75,0.1031,0.605,98.762,80.6,4,9,3463252,CUST-22269,False,0.0,4610.47,20.03
2027-12-14,26282.14,51624.22,-25342.08,-96.42,279.09,368,191,14,69,22,North America,Beauty,Online,Pending,Medium,2.2,-55,0.0721,0.75,98.732,91.8,0,3,7923540,CUST-44773,False,0.0,2102.57,19.01
2027-12-15,63425.57,28154.71,35270.86,55.61,363.71,45,3977,16,1082,88,North America,Apparel,Direct Sales,Completed,Low,4.9,-4,0.3382,0.167,99.124,152.4,3,9,8785097,CUST-74096,False,0.0,5074.05,6.51
2027-12-16,42754.08,38825.74,3928.34,9.19,496.75,43,2011,20,874,60,Europe,Electronics,Direct Sales,Shipped,Medium,2.4,11,0.3068,0.458,99.499,126.3,3,13,1638751,CUST-76332,False,0.0,3420.33,18.25
2027-12-17,52201.9,41535.54,10666.36,20.43,74.47,97,2436,13,1709,94,Latin America,Beauty,Direct Sales,Completed,Medium,4.9,0,0.1374,0.163,98.036,117.7,1,1,1384488,CUST-86138,False,0.0,4176.15,31.65
2027-12-18,74183.31,31751.71,42431.6,57.2,34.15,667,1680,14,1276,33,North America,Electronics,Direct Sales,Completed,Medium,1.8,100,0.0131,0.633,98.265,132.9,1,8,6347780,CUST-21076,False,0.0,5934.66,39.95
2027-12-19,63452.59,23265.43,40187.16,63.33,350.23,25,1508,19,1986,26,Asia-Pacific,Electronics,Retail Store,Pending,Medium,5.0,90,0.208,0.772,98.604,187.6,0,7,5045188,CUST-77310,True,0.25,5076.21,5.28
2027-12-20,45972.04,10517.5,35454.54,77.12,417.79,754,274,16,1663,15,Latin America,Apparel,Wholesale,Cancelled,Critical,1.3,30,0.2965,0.833,99.621,58.9,2,10,8136491,CUST-96664,False,0.0,3677.76,9.5
2027-12-21,36632.12,35473.31,1158.81,3.16,424.71,430,573,14,1795,45,Asia-Pacific,Beauty,Direct Sales,Pending,Low,3.9,58,0.106,0.732,98.961,109.2,2,8,3486598,CUST-15252,False,0.0,2930.57,33.05
2027-12-22,17722.77,23481.95,-5759.18,-32.5,342.45,562,3532,25,67,143,Europe,Home & Kitchen,Wholesale,Pending,Medium,4.0,22,0.0438,0.159,99.022,12.3,0,2,1022455,CUST-87474,False,0.0,1417.82,8.53
2027-12-23,39212.7,31409.2,7803.5,19.9,477.47,776,369,17,797,56,Latin America,Electronics,Wholesale,Cancelled,High,3.7,2,0.2801,0.828,98.818,137.7,2,10,4323669,CUST-78476,False,0.0,3137.02,5.73
2027-12-24,46833.05,20001.44,26831.61,57.29,260.39,802,2144,19,368,71,Europe,Electronics,Direct Sales,Completed,Low,4.1,34,0.2795,0.334,98.83,158.0,2,7,1672988,CUST-71524,False,0.0,3746.64,19.19
2027-12-25,35192.31,27878.1,7314.21,20.78,457.77,135,3295,15,1785,89,Middle East,Electronics,Online,Refunded,Low,2.9,-85,0.1669,0.836,99.955,109.3,4,4,2210654,CUST-40954,False,0.0,2815.38,36.17
2027-12-26,48031.15,30269.75,17761.4,36.98,484.23,17,793,9,910,79,Europe,Apparel,Direct Sales,Completed,Medium,1.2,-9,0.0689,0.251,99.797,142.8,1,1,8782107,CUST-56491,False,0.0,3842.49,43.37
2027-12-27,51152.78,32148.75,19004.03,37.15,425.11,481,4571,8,1017,140,Middle East,Apparel,Retail Store,Completed,Medium,2.4,21,0.1507,0.476,99.452,66.2,4,3,6351697,CUST-28988,False,0.0,4092.22,28.9
2027-12-28,46627.16,21081.42,25545.74,54.79,161.78,477,1515,16,1355,127,Latin America,Electronics,Online,Completed,Low,3.6,42,0.0571,0.577,98.648,136.8,0,5,7733676,CUST-21521,False,0.0,3730.17,26.42
2027-12-29,40249.96,39575.29,674.67,1.68,106.15,889,2183,18,1549,10,Asia-Pacific,Sports,Direct Sales,Completed,Medium,3.6,-94,0.169,0.035,99.027,205.9,3,12,5894350,CUST-17279,False,0.0,3220.0,28.64
2027-12-30,52529.82,25224.84,27304.98,51.98,278.58,871,1335,21,301,85,Asia-Pacific,Apparel,Wholesale,Completed,Medium,1.8,-2,0.0714,0.904,99.379,106.6,2,4,4643554,CUST-92693,True,0.08,4202.39,25.12
2027-12-31,56629.11,16604.24,40024.87,70.68,231.98,861,4067,16,389,17,Asia-Pacific,Apparel,Wholesale,Completed,Medium,2.0,11,0.1473,0.512,98.789,134.6,2,8,1729585,CUST-61386,False,0.0,4530.33,40.17
2028-01-01,33644.01,29127.81,4516.2,13.42,440.1,519,2071,13,800,10,Europe,Apparel,Online,Completed,Medium,2.9,65,0.0464,0.192,99.049,99.4,0,2,5775971,CUST-66845,False,0.0,2691.52,32.84
2028-01-02,71163.99,30275.0,40888.99,57.46,59.02,411,233,15,1017,125,Latin America,Books,Retail Store,Completed,High,3.9,35,0.1743,0.161,98.291,126.2,2,8,6254951,CUST-46425,False,0.0,5693.12,11.54
2028-01-03,48521.18,31284.72,17236.46,35.52,136.29,845,3012,17,511,49,Latin America,Beauty,Wholesale,Completed,Medium,4.4,83,0.1704,0.687,98.187,158.8,1,10,3047144,CUST-20470,False,0.0,3881.69,47.2
2028-01-04,50282.74,40897.06,9385.68,18.67,378.38,185,4885,12,1854,110,Middle East,Apparel,Retail Store,Shipped,Medium,1.3,-3,0.017,0.082,98.335,141.0,1,10,4620362,CUST-21136,False,0.0,4022.62,13.47
2028-01-05,60623.22,28108.41,32514.81,53.63,56.54,749,940,11,680,30,Latin America,Books,Wholesale,Completed,Medium,4.7,28,0.4284,0.44,99.511,116.4,2,5,5877691,CUST-84038,False,0.0,4849.86,12.78
2028-01-06,53498.24,29043.04,24455.2,45.71,167.17,975,1561,11,450,8,Asia-Pacific,Books,Online,Completed,Medium,4.7,46,0.1068,0.54,98.38,115.8,2,2,4362929,CUST-71214,False,0.0,4279.86,21.5
2028-01-07,64297.05,21174.52,43122.53,67.07,199.71,844,3572,14,420,41,Latin America,Apparel,Direct Sales,Completed,High,1.0,-82,0.1207,0.233,99.849,77.9,3,12,9507235,CUST-94538,True,0.09,5143.76,21.8
2028-01-08,54306.86,36564.43,17742.43,32.67,315.07,923,4943,18,331,25,Middle East,Sports,Wholesale,Completed,Medium,3.0,-14,0.1593,0.129,98.737,155.6,1,10,9599804,CUST-21015,False,0.0,4344.55,8.65
2028-01-09,40813.44,31474.47,9338.97,22.88,87.48,376,2975,14,439,32,Latin America,Books,Online,Shipped,Medium,3.3,-97,0.2275,0.491,98.338,146.2,3,12,7253746,CUST-91857,False,0.0,3265.08,9.42
2028-01-10,55422.55,26639.78,28782.77,51.93,431.7,497,2609,14,386,36,Latin America,Home & Kitchen,Online,Shipped,Low,3.2,91,0.2468,0.34,99.65,76.1,4,8,5698262,CUST-89970,False,0.0,4433.8,48.76
2028-01-11,32844.11,14762.6,18081.51,55.05,229.3,27,1065,14,1973,107,Asia-Pacific,Books,Direct Sales,Shipped,High,3.5,29,0.1077,0.14,98.913,126.2,2,1,2216685,CUST-59931,False,0.0,2627.53,10.35
2028-01-12,51628.4,41555.3,10073.1,19.51,459.34,65,2138,15,1418,30,Latin America,Beauty,Direct Sales,Completed,Medium,3.0,-78,0.0941,0.21,98.777,87.6,1,5,1452579,CUST-66162,False,0.0,4130.27,48.18
2028-01-13,49501.55,20178.56,29322.99,59.24,239.26,928,4340,13,1592,149,Europe,Books,Online,Completed,Medium,2.2,83,0.2508,0.471,98.659,104.1,2,1,7541819,CUST-97519,False,0.0,3960.12,36.09
2028-01-14,46878.25,25269.78,21608.47,46.09,144.77,44,1950,14,322,120,Middle East,Apparel,Wholesale,Completed,Medium,1.4,6,0.2151,0.133,98.661,148.4,3,1,2524848,CUST-18272,True,0.24,3750.26,14.8
2028-01-15,48071.94,32866.76,15205.18,31.63,79.5,911,834,19,1326,97,Middle East,Sports,Retail Store,Pending,Low,1.8,-19,0.063,0.936,99.327,154.6,2,11,3780035,CUST-50573,False,0.0,3845.76,23.55
2028-01-16,21772.26,20427.54,1344.72,6.18,11.84,639,2553,17,1069,34,Middle East,Electronics,Retail Store,Shipped,Medium,4.0,78,0.193,0.775,99.081,144.9,2,11,4376161,CUST-77730,False,0.0,1741.78,15.4
2028-01-17,41769.13,18051.92,23717.21,56.78,270.76,803,3116,24,1927,125,Latin America,Home & Kitchen,Direct Sales,Cancelled,Low,2.0,-20,0.2723,0.326,98.935,110.5,4,2,3527149,CUST-73331,True,0.14,3341.53,15.53
2028-01-18,51392.67,13008.42,38384.25,74.69,62.51,775,3102,16,689,9,Europe,Books,Wholesale,Completed,Low,4.3,58,0.0755,0.258,98.894,136.1,2,8,6014820,CUST-67784,False,0.0,4111.41,34.16
2028-01-19,52397.85,35767.98,16629.87,31.74,201.95,734,2415,14,1447,122,Middle East,Sports,Online,Completed,Low,2.6,-43,0.1934,0.874,98.284,93.0,3,10,8122402,CUST-79828,False,0.0,4191.83,20.13
2028-01-20,34584.87,25638.51,8946.36,25.87,298.74,582,4103,21,1677,10,North America,Home & Kitchen,Retail Store,Completed,Low,2.7,63,0.1196,0.427,99.656,146.3,2,4,3236102,CUST-75210,False,0.0,2766.79,43.16
2028-01-21,68985.62,53418.16,15567.46,22.57,145.09,609,2413,10,867,110,Asia-Pacific,Beauty,Retail Store,Shipped,Low,4.5,-89,0.1409,0.863,99.854,119.4,3,12,3915767,CUST-45585,False,0.0,5518.85,28.71
2028-01-22,37007.38,22045.16,14962.22,40.43,95.86,792,4723,18,1969,128,North America,Books,Wholesale,Completed,Medium,1.9,20,0.0291,0.742,99.604,103.4,2,5,7465759,CUST-83535,False,0.0,2960.59,16.77
2028-01-23,64541.86,22628.39,41913.47,64.94,389.61,356,3263,15,55,142,North America,Books,Online,Completed,High,1.8,62,0.0672,0.092,98.903,94.5,4,1,2523716,CUST-53153,False,0.0,5163.35,6.55
2028-01-24,56407.92,25476.86,30931.06,54.83,473.93,41,3419,14,1487,74,Middle East,Home & Kitchen,Direct Sales,Cancelled,Low,4.9,-97,0.1485,0.814,99.944,143.7,1,9,8351096,CUST-93758,True,0.29,4512.63,31.69
2028-01-25,40306.59,31945.08,8361.51,20.74,59.22,917,3561,14,635,142,North America,Books,Retail Store,Shipped,Medium,3.2,-73,0.3238,0.54,99.237,115.2,1,5,5750350,CUST-79232,False,0.0,3224.53,47.18
2028-01-26,76629.66,26238.37,50391.29,65.76,86.24,142,529,12,1571,110,North America,Books,Wholesale,Completed,Medium,1.8,-68,0.3439,0.678,99.548,102.9,3,10,5644543,CUST-86164,False,0.0,6130.37,27.78
2028-01-27,32095.45,34898.66,-2803.21,-8.73,480.41,585,3088,8,1129,48,Europe,Electronics,Direct Sales,Completed,Low,1.7,-27,0.2279,0.219,99.482,102.7,0,2,4279477,CUST-24610,False,0.0,2567.64,29.38
2028-01-28,63787.31,22171.29,41616.02,65.24,28.51,208,3896,16,1880,60,Asia-Pacific,Home & Kitchen,Wholesale,Shipped,Low,4.4,58,0.198,0.0,99.416,76.5,0,10,6634156,CUST-67732,False,0.0,5102.98,17.14
2028-01-29,65008.73,18947.27,46061.46,70.85,489.04,265,1696,14,1471,136,Latin America,Apparel,Online,Completed,Low,3.4,-96,0.306,0.334,99.284,125.8,3,7,4067137,CUST-85083,False,0.0,5200.7,34.54
2028-01-30,39940.7,15614.28,24326.42,60.91,12.28,351,3462,13,871,17,Middle East,Apparel,Wholesale,Pending,High,1.5,-91,0.1304,0.191,98.423,130.1,1,10,5400055,CUST-88811,False,0.0,3195.26,27.84
2028-01-31,70886.98,12211.41,58675.57,82.77,438.1,676,2450,13,287,126,Middle East,Beauty,Direct Sales,Completed,High,4.5,52,0.3502,0.435,98.589,68.1,3,6,8221475,CUST-25791,False,0.0,5670.96,37.14
2028-02-01,46249.3,25855.45,20393.85,44.1,160.59,984,1879,19,539,23,North America,Electronics,Online,Shipped,Medium,2.8,68,0.1235,0.091,99.773,82.3,0,4,6990784,CUST-64242,False,0.0,3699.94,10.43
2028-02-02,54330.4,27592.16,26738.24,49.21,469.91,240,4088,16,1095,94,Latin America,Home & Kitchen,Retail Store,Shipped,Medium,5.0,-84,0.173,0.895,98.36,62.3,3,8,1685071,CUST-97830,True,0.29,4346.43,15.38
2028-02-03,53904.83,24948.5,28956.33,53.72,165.3,310,2548,13,490,13,Latin America,Home & Kitchen,Direct Sales,Shipped,Medium,2.1,88,0.0715,0.119,98.304,162.2,3,10,8450885,CUST-46406,True,0.25,4312.39,42.11
2028-02-04,47985.37,39947.25,8038.12,16.75,330.61,556,2970,16,1114,50,Latin America,Electronics,Wholesale,Completed,Low,3.1,-41,0.2756,0.764,98.568,141.6,2,10,4873999,CUST-18662,True,0.27,3838.83,48.51
2028-02-05,62162.12,39824.24,22337.88,35.93,49.22,35,3010,17,907,60,Middle East,Electronics,Retail Store,Completed,High,1.7,-68,0.1917,0.939,98.725,158.6,2,9,7870446,CUST-30704,False,0.0,4972.97,41.82
2028-02-06,61902.33,27321.58,34580.75,55.86,128.74,544,4713,20,1851,78,Middle East,Beauty,Online,Completed,Low,2.8,36,0.1714,0.148,99.106,176.7,2,11,8499851,CUST-18249,False,0.0,4952.19,25.08
2028-02-07,23772.02,15648.63,8123.39,34.17,389.1,662,4360,15,307,44,Europe,Apparel,Direct Sales,Cancelled,Medium,1.7,77,0.1013,0.346,99.211,135.4,2,13,3150277,CUST-76764,False,0.0,1901.76,8.25
2028-02-08,69565.1,25466.36,44098.74,63.39,269.06,483,2172,9,1524,71,Middle East,Sports,Online,Completed,Medium,2.2,58,0.2161,0.731,99.581,117.9,1,7,4971815,CUST-41073,True,0.18,5565.21,44.38
2028-02-09,25062.62,25201.43,-138.81,-0.55,464.7,396,3907,18,97,117,Middle East,Home & Kitchen,Online,Completed,Medium,2.1,32,0.2103,0.714,98.147,126.8,1,6,8178186,CUST-86794,False,0.0,2005.01,41.38
2028-02-10,65488.19,24742.92,40745.27,62.22,220.09,294,4324,17,1883,87,Europe,Sports,Wholesale,Completed,Medium,2.1,73,0.137,0.037,98.416,97.4,1,13,9481889,CUST-12558,False,0.0,5239.06,48.22
2028-02-11,66900.58,24418.25,42482.33,63.5,436.21,459,2964,14,552,66,Middle East,Electronics,Wholesale,Shipped,Medium,4.9,10,0.3095,0.071,99.01,91.9,0,7,5367487,CUST-36269,False,0.0,5352.05,23.43
2028-02-12,33635.5,24772.3,8863.2,26.35,229.99,329,3718,14,188,138,North America,Home & Kitchen,Wholesale,Shipped,Low,1.2,31,0.128,0.12,98.502,105.3,2,5,7615626,CUST-97100,True,0.07,2690.84,36.08
2028-02-13,43837.79,26907.67,16930.12,38.62,489.83,165,1117,17,1275,33,North America,Apparel,Retail Store,Shipped,Low,3.0,-70,0.1593,0.568,99.747,111.3,1,3,7473735,CUST-46151,True,0.11,3507.02,12.14
2028-02-14,33414.43,24915.67,8498.76,25.43,480.32,480,4790,9,1725,23,Europe,Home & Kitchen,Retail Store,Completed,High,3.5,-97,0.1616,0.055,99.28,61.9,3,7,5504201,CUST-13938,False,0.0,2673.15,46.29
2028-02-15,46776.18,31666.58,15109.6,32.3,171.28,429,1432,15,558,118,Europe,Sports,Wholesale,Refunded,Medium,3.6,22,0.2428,0.588,98.98,76.7,2,4,4817567,CUST-67732,False,0.0,3742.09,36.48
2028-02-16,45379.49,32882.95,12496.54,27.54,444.1,122,2583,10,703,112,North America,Home & Kitchen,Retail Store,Completed,High,4.0,-83,0.1834,0.342,98.001,75.5,2,8,7678195,CUST-49043,False,0.0,3630.36,37.49
2028-02-17,61694.91,22714.84,38980.07,63.18,425.33,911,281,17,1359,147,Latin America,Electronics,Direct Sales,Shipped,Medium,4.0,-19,0.0874,0.669,99.717,74.1,0,13,6230942,CUST-51668,False,0.0,4935.59,35.31
2028-02-18,69654.63,40168.52,29486.11,42.33,113.23,660,4939,17,1306,61,Middle East,Electronics,Online,Completed,Medium,4.8,-67,0.1502,0.782,98.922,142.3,1,5,2328630,CUST-40758,True,0.18,5572.37,37.42
2028-02-19,70935.26,22159.5,48775.76,68.76,315.9,431,1938,13,1389,42,Asia-Pacific,Electronics,Wholesale,Completed,Medium,4.0,-53,0.1684,0.791,99.063,108.3,2,5,4857667,CUST-79326,False,0.0,5674.82,11.83
2028-02-20,41567.48,17057.6,24509.88,58.96,45.61,895,2551,18,510,25,Asia-Pacific,Apparel,Online,Completed,Low,4.3,-38,0.1159,0.038,99.397,113.3,2,5,5674818,CUST-25944,True,0.09,3325.4,35.45
2028-02-21,46861.67,33046.22,13815.45,29.48,419.99,939,2052,16,719,55,Europe,Books,Online,Completed,Medium,3.1,-87,0.1163,0.947,99.875,133.4,1,6,6627885,CUST-56829,False,0.0,3748.93,22.69
2028-02-22,24748.43,23460.73,1287.7,5.2,95.53,730,4800,12,1623,24,Asia-Pacific,Apparel,Online,Completed,High,3.6,-11,0.1639,0.587,98.316,148.8,1,4,4215901,CUST-27479,False,0.0,1979.87,20.08
2028-02-23,37911.95,32570.33,5341.62,14.09,44.7,844,362,17,1660,6,Latin America,Electronics,Direct Sales,Completed,High,2.9,-14,0.1176,0.896,98.142,135.9,2,2,6305418,CUST-36859,False,0.0,3032.96,16.67
2028-02-24,64472.77,10770.65,53702.12,83.29,206.11,885,760,19,1394,36,Asia-Pacific,Beauty,Direct Sales,Completed,Medium,2.1,-68,0.2116,0.615,98.244,177.3,3,6,3513953,CUST-61657,True,0.22,5157.82,43.9
2028-02-25,74233.74,41139.65,33094.09,44.58,292.69,951,1415,18,1248,115,North America,Home & Kitchen,Retail Store,Completed,Medium,2.3,-20,0.0765,0.484,99.481,121.4,2,12,2195432,CUST-99877,True,0.2,5938.7,38.25
2028-02-26,31484.77,35378.35,-3893.58,-12.37,428.91,607,3019,17,1112,96,Europe,Home & Kitchen,Online,Completed,High,2.4,69,0.0695,0.73,98.259,126.9,1,12,1334538,CUST-20839,False,0.0,2518.78,18.35
2028-02-27,41113.04,17996.19,23116.85,56.23,487.38,294,2294,23,482,136,Asia-Pacific,Sports,Retail Store,Shipped,High,2.4,27,0.1972,0.219,99.002,98.8,5,1,7396887,CUST-27480,False,0.0,3289.04,9.91
2028-02-28,49603.91,18169.78,31434.13,63.37,225.35,581,2172,17,534,11,Middle East,Home & Kitchen,Online,Cancelled,High,3.1,59,0.2854,0.103,99.413,53.7,2,4,2677108,CUST-22278,False,0.0,3968.31,24.14
2028-02-29,54202.42,43378.13,10824.29,19.97,39.62,63,2119,11,1658,7,Europe,Sports,Wholesale,Refunded,Medium,2.0,11,0.127,0.09,99.426,122.8,1,6,4446754,CUST-84159,False,0.0,4336.19,32.72
2028-03-01,37855.95,24100.96,13754.99,36.34,377.07,614,2840,19,1131,29,Latin America,Home & Kitchen,Online,Pending,High,3.1,-2,0.0613,0.849,98.813,150.2,1,1,8156007,CUST-24288,False,0.0,3028.48,5.45
2028-03-02,56360.92,23326.52,33034.4,58.61,286.93,334,915,18,545,116,North America,Beauty,Online,Shipped,Low,4.7,14,0.145,0.912,99.397,94.0,3,12,4699788,CUST-40339,True,0.1,4508.87,28.45
2028-03-03,42892.41,11871.58,31020.83,72.32,229.47,979,4877,16,924,13,Asia-Pacific,Sports,Direct Sales,Shipped,Medium,2.6,70,0.3312,0.814,99.9,102.1,2,6,5577240,CUST-65864,False,0.0,3431.39,9.66
2028-03-04,49783.22,27193.77,22589.45,45.38,161.54,467,3518,19,650,30,North America,Electronics,Wholesale,Pending,Low,1.9,84,0.3647,0.904,98.056,153.6,2,6,5259268,CUST-51278,False,0.0,3982.66,41.84
2028-03-05,58194.26,28178.24,30016.02,51.58,256.18,894,4197,17,1858,68,Latin America,Books,Retail Store,Completed,Medium,2.4,42,0.17,0.985,99.343,118.3,1,3,5532471,CUST-45836,True,0.29,4655.54,35.19
2028-03-06,50096.33,35723.94,14372.39,28.69,175.95,274,3817,8,1207,22,Asia-Pacific,Home & Kitchen,Wholesale,Completed,Medium,4.5,-51,0.1471,0.526,99.045,87.7,1,1,1834804,CUST-25261,False,0.0,4007.71,22.1
2028-03-07,43454.21,18807.37,24646.84,56.72,380.94,391,4834,19,704,95,Europe,Sports,Direct Sales,Completed,Low,4.8,15,0.3718,0.154,98.425,86.5,3,3,4792969,CUST-22640,False,0.0,3476.34,15.04
2028-03-08,48355.85,17837.71,30518.14,63.11,276.51,222,3729,22,1582,6,Europe,Books,Direct Sales,Shipped,Medium,4.5,-30,0.091,0.608,98.615,143.0,3,12,8999585,CUST-95338,False,0.0,3868.47,22.25
2028-03-09,48674.56,33607.7,15066.86,30.95,439.66,342,2853,16,656,5,Middle East,Sports,Online,Pending,Low,2.1,-38,0.2332,0.354,99.674,115.4,4,11,6931760,CUST-94227,False,0.0,3893.96,45.27
2028-03-10,44449.83,38053.84,6395.99,14.39,276.34,19,3467,12,205,52,Latin America,Apparel,Direct Sales,Completed,Low,2.6,-31,0.2899,0.346,99.174,114.9,2,12,8405973,CUST-76594,False,0.0,3555.99,8.04
2028-03-11,46118.06,17430.78,28687.28,62.2,126.75,367,4785,15,250,111,Asia-Pacific,Apparel,Direct Sales,Completed,Low,4.9,36,0.0833,0.728,98.029,71.7,1,1,2120278,CUST-71216,False,0.0,3689.44,46.35
2028-03-12,73979.71,38652.11,35327.6,47.75,427.04,212,301,18,1071,79,North America,Home & Kitchen,Online,Completed,Medium,2.3,40,0.1012,0.091,99.931,136.7,2,8,2990039,CUST-49543,False,0.0,5918.38,8.37
2028-03-13,58413.79,30300.33,28113.46,48.13,283.04,717,1104,19,548,30,North America,Electronics,Direct Sales,Pending,Low,1.6,3,0.0429,0.038,99.332,156.1,0,7,1148425,CUST-79233,True,0.17,4673.1,6.65
2028-03-14,45567.8,38734.44,6833.36,15.0,111.35,67,1412,17,1475,10,Asia-Pacific,Beauty,Direct Sales,Completed,Low,2.1,45,0.1392,0.695,98.885,107.3,1,3,1170946,CUST-68379,False,0.0,3645.42,13.98
2028-03-15,60454.32,29438.24,31016.08,51.3,315.52,503,2125,12,1569,30,Latin America,Sports,Retail Store,Completed,Low,4.9,62,0.2163,0.261,99.425,134.3,4,8,4351050,CUST-57555,False,0.0,4836.35,11.58
2028-03-16,44992.71,9821.78,35170.93,78.17,185.28,519,3233,10,537,47,Latin America,Home & Kitchen,Online,Completed,Low,2.7,-100,0.0886,0.386,98.409,105.8,3,4,7085665,CUST-93297,False,0.0,3599.42,46.94
2028-03-17,67596.87,28784.26,38812.61,57.42,423.76,777,3673,19,209,126,North America,Apparel,Online,Pending,Low,4.7,24,0.131,0.308,98.521,140.8,1,10,7093738,CUST-27997,False,0.0,5407.75,16.01
2028-03-18,55544.63,38481.15,17063.48,30.72,232.12,232,4321,12,1284,133,Asia-Pacific,Apparel,Retail Store,Refunded,Medium,1.4,13,0.1997,0.615,98.304,137.3,2,2,7837138,CUST-63761,True,0.25,4443.57,42.12
2028-03-19,48390.47,22850.03,25540.44,52.78,365.96,378,3771,14,1526,13,Asia-Pacific,Sports,Retail Store,Cancelled,Medium,4.1,-65,0.3273,0.155,98.794,106.5,1,12,6706651,CUST-82026,False,0.0,3871.24,19.42
2028-03-20,56715.75,26896.28,29819.47,52.58,56.81,701,1896,18,1757,31,North America,Sports,Retail Store,Completed,Critical,1.4,94,0.0968,0.721,99.809,45.5,1,6,8730607,CUST-37625,True,0.2,4537.26,11.67
2028-03-21,26436.86,28590.93,-2154.07,-8.15,204.05,427,4374,19,1143,75,Asia-Pacific,Sports,Retail Store,Completed,Low,1.8,-55,0.1093,0.925,98.777,92.0,3,9,7986085,CUST-76976,False,0.0,2114.95,23.94
2028-03-22,33098.49,6803.89,26294.6,79.44,491.79,883,1704,19,880,121,Asia-Pacific,Books,Online,Completed,High,3.5,64,0.2836,0.836,98.576,132.1,3,7,2631155,CUST-66825,False,0.0,2647.88,9.4
2028-03-23,32091.12,43370.78,-11279.66,-35.15,406.15,556,2002,15,1021,122,Europe,Beauty,Retail Store,Completed,Low,2.7,99,0.2678,0.907,99.407,150.9,4,5,9524526,CUST-89834,False,0.0,2567.29,32.14
2028-03-24,52144.15,22788.99,29355.16,56.3,88.37,880,4099,23,1387,7,Europe,Sports,Retail Store,Pending,Low,3.7,21,0.1532,0.937,99.739,98.8,1,3,2593680,CUST-69692,False,0.0,4171.53,12.21
2028-03-25,75987.72,34045.88,41941.84,55.2,146.1,112,4688,22,480,134,Middle East,Sports,Direct Sales,Completed,Low,4.9,-19,0.1725,0.372,98.488,167.1,2,5,1741425,CUST-79303,False,0.0,6079.02,30.22
2028-03-26,83469.5,29306.39,54163.11,64.89,171.61,170,3604,16,1455,128,Middle East,Home & Kitchen,Online,Shipped,Low,1.2,56,0.0718,0.796,99.616,172.3,0,7,7212905,CUST-41131,True,0.11,6677.56,15.62
2028-03-27,59570.77,40060.95,19509.82,32.75,328.68,209,2719,18,1730,78,Latin America,Electronics,Retail Store,Completed,Medium,1.8,-57,0.445,0.495,98.61,144.4,0,3,2599568,CUST-39537,False,0.0,4765.66,46.28
2028-03-28,57512.67,33248.45,24264.22,42.19,380.93,169,2449,16,1240,85,Europe,Books,Direct Sales,Refunded,High,3.6,-8,0.0301,0.27,98.495,80.2,1,11,1422453,CUST-84013,False,0.0,4601.01,14.8
2028-03-29,22984.13,28120.61,-5136.48,-22.35,377.27,704,4464,10,1464,69,Europe,Beauty,Online,Completed,High,4.6,-33,0.0579,0.747,98.946,144.9,2,2,5735303,CUST-22260,False,0.0,1838.73,26.04
2028-03-30,41859.89,22851.88,19008.01,45.41,259.84,874,4819,12,1392,126,Europe,Books,Retail Store,Completed,Critical,4.2,-25,0.5423,0.244,98.133,101.2,2,6,9050774,CUST-82353,False,0.0,3348.79,5.78
2028-03-31,38183.24,36382.81,1800.43,4.72,407.3,145,2772,15,166,138,Europe,Sports,Retail Store,Pending,High,2.9,-24,0.0415,0.11,99.724,99.2,2,11,6076762,CUST-32400,True,0.17,3054.66,10.44
2028-04-01,40687.29,15012.47,25674.82,63.1,224.17,951,918,12,746,106,Latin America,Electronics,Direct Sales,Pending,Medium,4.0,41,0.1384,0.705,99.749,135.9,3,8,1044313,CUST-83851,False,0.0,3254.98,12.28
2028-04-02,47477.84,35167.12,12310.72,25.93,70.7,407,2777,10,1585,46,North America,Sports,Wholesale,Completed,Medium,1.8,-23,0.2176,0.288,99.355,135.0,2,7,1225769,CUST-78915,False,0.0,3798.23,42.25
2028-04-03,42918.64,21207.64,21711.0,50.59,286.58,747,647,11,252,115,Latin America,Apparel,Online,Refunded,High,1.1,78,0.0755,0.306,98.606,136.0,4,4,8942030,CUST-38369,False,0.0,3433.49,33.07
2028-04-04,20310.5,40018.27,-19707.77,-97.03,476.63,401,4532,14,1235,108,North America,Sports,Direct Sales,Completed,Medium,3.3,-15,0.1842,0.881,98.333,143.0,3,11,2442560,CUST-62160,True,0.1,1624.84,6.8
2028-04-05,61218.65,31290.4,29928.25,48.89,398.57,764,458,9,1894,8,Middle East,Home & Kitchen,Retail Store,Completed,Low,4.3,-92,0.1914,0.136,99.398,118.0,1,4,6995068,CUST-47128,False,0.0,4897.49,13.13
2028-04-06,33908.85,35152.99,-1244.14,-3.67,293.56,115,3461,19,1011,103,Europe,Home & Kitchen,Wholesale,Cancelled,Medium,2.7,13,0.1662,0.765,98.206,69.3,2,4,2292707,CUST-49794,False,0.0,2712.71,44.08
2028-04-07,53588.7,30655.91,22932.79,42.79,326.93,592,2024,10,511,136,North America,Electronics,Wholesale,Completed,Medium,3.3,-20,0.146,0.386,98.822,192.9,0,5,9226193,CUST-31319,False,0.0,4287.1,18.8
2028-04-08,81111.24,15980.98,65130.26,80.3,465.98,598,4555,16,1923,69,Latin America,Sports,Direct Sales,Completed,Medium,2.7,-13,0.2342,0.893,98.178,106.3,1,7,1886119,CUST-11010,False,0.0,6488.9,14.41
2028-04-09,36209.23,23114.17,13095.06,36.16,219.89,63,4542,16,993,45,North America,Home & Kitchen,Direct Sales,Pending,High,3.1,-32,0.2359,0.44,98.853,95.1,1,10,3000258,CUST-96359,False,0.0,2896.74,40.84
2028-04-10,12045.69,35379.11,-23333.42,-193.71,172.38,286,4747,18,749,120,Asia-Pacific,Home & Kitchen,Direct Sales,Pending,Medium,4.5,61,0.1075,0.409,98.269,77.5,0,9,2843501,CUST-37440,False,0.0,963.66,22.84
2028-04-11,45709.94,31333.25,14376.69,31.45,488.85,120,2801,13,1628,139,Middle East,Sports,Online,Completed,High,2.9,5,0.1985,0.43,98.064,125.3,3,8,9705529,CUST-49538,False,0.0,3656.8,26.77
2028-04-12,66514.39,39447.92,27066.47,40.69,433.09,233,2030,14,250,68,Middle East,Books,Wholesale,Completed,High,1.0,-36,0.1533,0.838,98.899,121.2,7,1,7620879,CUST-83241,False,0.0,5321.15,36.73
2028-04-13,79375.21,33226.2,46149.01,58.14,168.29,84,521,16,1304,6,Europe,Electronics,Online,Completed,Low,4.2,-74,0.2837,0.011,99.135,115.8,1,8,6329216,CUST-15017,True,0.23,6350.02,45.86
2028-04-14,31556.76,22266.38,9290.38,29.44,237.25,515,435,17,565,119,Europe,Books,Wholesale,Completed,Low,3.5,67,0.1878,0.705,98.879,172.4,2,1,4750963,CUST-35190,False,0.0,2524.54,36.43
2028-04-15,57450.49,23631.49,33819.0,58.87,213.39,23,1626,13,1825,132,Latin America,Home & Kitchen,Online,Cancelled,Low,3.9,35,0.1352,0.205,98.352,143.1,2,12,8571467,CUST-41655,False,0.0,4596.04,22.72
2028-04-16,43020.34,30823.34,12197.0,28.35,83.06,980,156,20,1279,83,North America,Sports,Direct Sales,Completed,High,4.6,-95,0.2561,0.882,98.155,84.4,1,11,8893343,CUST-46978,False,0.0,3441.63,48.39
2028-04-17,48410.77,11487.65,36923.12,76.27,479.33,779,4050,21,1404,105,Asia-Pacific,Beauty,Retail Store,Completed,Low,2.1,-48,0.097,0.376,98.253,192.6,3,5,8649304,CUST-91697,False,0.0,3872.86,29.67
2028-04-18,89665.15,43387.54,46277.61,51.61,208.11,491,3247,15,655,123,Middle East,Sports,Direct Sales,Pending,Medium,3.0,32,0.1038,0.339,99.454,67.0,3,12,4796219,CUST-12804,False,0.0,7173.21,45.6
2028-04-19,27455.45,33533.97,-6078.52,-22.14,438.91,198,3637,21,793,78,North America,Beauty,Online,Pending,Medium,3.4,81,0.0768,0.713,98.032,115.9,1,12,5282094,CUST-99965,True,0.19,2196.44,44.94
2028-04-20,53806.09,39816.28,13989.81,26.0,102.78,373,821,12,924,13,Asia-Pacific,Books,Direct Sales,Pending,Medium,2.4,16,0.0795,0.722,99.727,94.4,3,9,5572646,CUST-17681,False,0.0,4304.49,27.99
2028-04-21,57015.4,17355.17,39660.23,69.56,278.46,248,4177,16,396,27,North America,Apparel,Wholesale,Completed,Low,4.4,45,0.0994,0.634,99.68,133.0,3,4,7005396,CUST-21601,False,0.0,4561.23,14.38
2028-04-22,66286.79,39956.52,26330.27,39.72,21.74,410,485,11,398,18,Europe,Sports,Online,Shipped,Low,3.8,98,0.309,0.33,99.761,142.3,1,6,1176382,CUST-19691,False,0.0,5302.94,21.74
2028-04-23,51469.75,47851.99,3617.76,7.03,384.47,855,2917,17,1233,58,Middle East,Apparel,Direct Sales,Completed,Low,3.9,63,0.1527,0.61,99.757,105.5,4,1,2855725,CUST-92878,False,0.0,4117.58,12.89
2028-04-24,54620.76,19432.97,35187.79,64.42,294.65,994,2987,24,1698,128,Asia-Pacific,Electronics,Direct Sales,Completed,Medium,4.2,-4,0.1022,0.054,99.335,156.8,3,1,9905225,CUST-16417,False,0.0,4369.66,12.14
2028-04-25,44125.27,36171.21,7954.06,18.03,316.54,313,2819,9,1325,49,Europe,Beauty,Retail Store,Shipped,Low,2.0,27,0.1455,0.955,99.695,127.0,1,6,6515211,CUST-41913,True,0.15,3530.02,45.27
2028-04-26,54036.9,30008.88,24028.02,44.47,35.34,100,359,20,1295,20,Latin America,Beauty,Retail Store,Completed,High,4.0,-47,0.0995,0.453,99.461,171.1,2,7,1046029,CUST-87266,False,0.0,4322.95,11.34
2028-04-27,44852.12,17644.53,27207.59,60.66,113.41,401,4588,13,907,106,Latin America,Books,Direct Sales,Shipped,Low,4.1,61,0.11,0.304,98.6,152.5,1,7,6007806,CUST-80943,False,0.0,3588.17,48.87
2028-04-28,59323.58,33943.07,25380.51,42.78,46.42,193,699,13,1679,99,Europe,Sports,Wholesale,Completed,Medium,4.4,-69,0.1099,0.861,99.51,103.5,3,8,5810290,CUST-99533,False,0.0,4745.89,17.51
2028-04-29,44455.84,36668.83,7787.01,17.52,151.57,26,3355,15,443,113,Asia-Pacific,Home & Kitchen,Wholesale,Cancelled,High,3.0,-50,0.1693,0.324,99.231,156.9,1,1,8988241,CUST-78990,False,0.0,3556.47,25.64
2028-04-30,55656.51,25190.99,30465.52,54.74,317.45,974,1139,19,1469,140,Asia-Pacific,Electronics,Wholesale,Completed,Medium,3.0,30,0.2215,0.997,98.055,97.4,1,4,5427188,CUST-56879,False,0.0,4452.52,13.35
2028-05-01,49561.06,39327.33,10233.73,20.65,287.43,21,4148,23,1043,29,Middle East,Books,Direct Sales,Cancelled,Low,1.4,-36,0.166,0.691,99.573,141.9,1,13,7687223,CUST-53247,False,0.0,3964.88,21.8
2028-05-02,66890.75,16665.89,50224.86,75.08,309.95,175,855,11,1027,66,Europe,Apparel,Retail Store,Pending,High,4.4,-16,0.2207,0.65,99.742,138.4,0,2,4463350,CUST-39148,False,0.0,5351.26,31.96
2028-05-03,49229.09,18041.95,31187.14,63.35,279.13,155,3677,14,216,81,Latin America,Sports,Direct Sales,Pending,Low,3.1,-88,0.1604,0.152,99.035,101.9,1,3,4055438,CUST-56532,False,0.0,3938.33,46.22
2028-05-04,23404.51,31092.78,-7688.27,-32.85,143.78,291,3257,15,1025,54,Europe,Home & Kitchen,Retail Store,Completed,Low,3.4,-93,0.074,0.61,98.974,50.2,1,1,2036932,CUST-18403,False,0.0,1872.36,47.41
2028-05-05,68928.82,30203.08,38725.74,56.18,129.81,558,2858,14,501,38,North America,Electronics,Wholesale,Cancelled,Low,1.5,71,0.0756,0.155,98.855,171.7,5,12,4261220,CUST-31525,False,0.0,5514.31,7.39
2028-05-06,36414.02,24267.41,12146.61,33.36,77.16,591,576,11,1211,104,Asia-Pacific,Sports,Retail Store,Completed,Low,3.4,57,0.0463,0.784,99.438,134.7,2,10,9173793,CUST-31744,False,0.0,2913.12,28.93
2028-05-07,40193.5,36476.76,3716.74,9.25,426.04,178,1699,13,909,118,North America,Home & Kitchen,Direct Sales,Completed,Medium,1.2,-93,0.1933,0.138,98.431,120.7,1,12,5913432,CUST-63866,False,0.0,3215.48,11.12
2028-05-08,41065.08,34247.15,6817.93,16.6,312.07,856,2459,9,1946,85,Latin America,Apparel,Direct Sales,Shipped,Medium,4.7,-43,0.1379,0.359,99.548,120.7,3,6,1612576,CUST-15120,False,0.0,3285.21,11.53
2028-05-09,70616.57,36865.11,33751.46,47.8,101.39,179,1361,12,259,16,Asia-Pacific,Books,Direct Sales,Completed,Medium,4.5,23,0.0903,0.477,98.585,154.1,1,7,6286565,CUST-88566,False,0.0,5649.33,41.94
2028-05-10,17964.89,29014.91,-11050.02,-61.51,96.83,774,1682,14,817,81,Latin America,Books,Retail Store,Completed,Low,1.8,-10,0.2322,0.805,98.523,196.5,0,4,5547718,CUST-24725,False,0.0,1437.19,19.68
2028-05-11,97066.23,34820.64,62245.59,64.13,437.79,355,2938,22,1658,79,Latin America,Beauty,Wholesale,Shipped,Medium,3.4,2,0.1982,0.633,99.618,151.6,3,11,1692617,CUST-45468,False,0.0,7765.3,49.31
2028-05-12,65840.85,26434.8,39406.05,59.85,373.94,508,4925,17,263,59,Latin America,Sports,Direct Sales,Completed,Low,3.4,-14,0.0586,0.748,98.349,132.9,0,9,4620401,CUST-50269,False,0.0,5267.27,40.9
2028-05-13,53348.58,46430.55,6918.03,12.97,333.11,469,3670,15,1851,96,Middle East,Books,Direct Sales,Shipped,Low,4.2,35,0.409,0.244,99.725,130.0,3,4,1829848,CUST-25559,True,0.12,4267.89,29.61
2028-05-14,49176.59,23499.63,25676.96,52.21,209.36,306,1598,11,1433,92,Latin America,Beauty,Retail Store,Pending,Low,4.0,-40,0.1509,0.237,99.956,132.7,1,11,8647583,CUST-21684,False,0.0,3934.13,6.6
2028-05-15,54283.31,46842.38,7440.93,13.71,138.37,952,848,19,1736,13,Latin America,Books,Wholesale,Completed,Medium,5.0,80,0.1865,0.381,98.64,84.9,3,12,9507327,CUST-93183,True,0.08,4342.66,8.25
2028-05-16,57816.84,30279.1,27537.74,47.63,489.93,151,4911,16,1308,7,North America,Electronics,Retail Store,Completed,Medium,2.4,98,0.1868,0.019,99.856,140.5,0,10,8859754,CUST-46060,False,0.0,4625.35,32.24
2028-05-17,59678.23,18995.91,40682.32,68.17,400.65,906,2486,13,1022,122,North America,Sports,Online,Shipped,Low,1.5,-25,0.0252,0.831,99.133,74.1,4,13,9844133,CUST-46883,True,0.08,4774.26,42.8
2028-05-18,58334.07,40944.63,17389.44,29.81,157.87,794,630,20,1801,140,North America,Apparel,Online,Shipped,High,3.3,13,0.1771,0.37,98.519,135.5,4,5,6680060,CUST-30797,False,0.0,4666.73,28.24
2028-05-19,51343.71,31007.21,20336.5,39.61,425.31,746,4887,8,1470,34,Asia-Pacific,Sports,Direct Sales,Completed,Low,4.1,63,0.0651,0.068,98.905,103.5,1,1,3544981,CUST-46246,False,0.0,4107.5,44.26
2028-05-20,47039.92,36808.99,10230.93,21.75,381.88,704,2309,14,353,71,Middle East,Sports,Retail Store,Completed,Medium,2.1,1,0.1208,0.872,99.6,150.3,3,5,4474882,CUST-46035,False,0.0,3763.19,23.08
2028-05-21,47730.9,39790.85,7940.05,16.64,155.57,742,4163,16,1182,59,Asia-Pacific,Home & Kitchen,Retail Store,Completed,Low,1.9,6,0.0973,0.968,99.333,133.3,1,3,9399269,CUST-99624,False,0.0,3818.47,46.42
2028-05-22,47076.38,32703.64,14372.74,30.53,219.01,62,3968,13,906,127,Middle East,Apparel,Direct Sales,Shipped,Medium,4.2,-7,0.3104,0.647,98.99,107.7,1,3,3798911,CUST-40582,True,0.14,3766.11,45.07
2028-05-23,67006.55,25262.07,41744.48,62.3,101.12,127,1208,9,1885,47,Middle East,Apparel,Online,Pending,Medium,4.0,-27,0.117,0.357,98.515,84.6,3,13,9792785,CUST-93897,False,0.0,5360.52,33.28
2028-05-24,58903.35,37805.71,21097.64,35.82,64.42,374,589,15,910,75,Europe,Beauty,Wholesale,Completed,Medium,1.8,89,0.1853,0.414,99.452,171.7,3,7,3428027,CUST-43176,False,0.0,4712.27,45.44
2028-05-25,5894.17,30006.04,-24111.87,-409.08,364.15,680,104,14,1905,66,Europe,Beauty,Wholesale,Shipped,Low,4.5,46,0.0121,0.256,98.627,117.0,0,3,5531597,CUST-44116,False,0.0,471.53,29.18
2028-05-26,59838.51,35486.86,24351.65,40.7,141.08,967,175,12,857,114,Europe,Electronics,Online,Shipped,Medium,1.5,-83,0.3079,0.711,98.662,180.9,3,4,9884287,CUST-62126,False,0.0,4787.08,9.64
2028-05-27,52921.04,12770.16,40150.88,75.87,411.83,145,2828,13,1463,33,Middle East,Home & Kitchen,Direct Sales,Completed,High,1.4,71,0.3917,0.356,99.494,76.9,2,4,4857630,CUST-88022,False,0.0,4233.68,38.29
2028-05-28,49719.37,33575.85,16143.52,32.47,497.85,423,572,16,169,119,Middle East,Books,Direct Sales,Shipped,High,2.4,12,0.2244,0.032,99.117,111.1,0,3,2223614,CUST-68472,False,0.0,3977.55,33.94
2028-05-29,44172.22,24891.31,19280.91,43.65,47.54,86,3309,14,1913,6,Asia-Pacific,Books,Wholesale,Shipped,Low,4.5,47,0.016,0.046,98.372,41.2,1,8,9431664,CUST-27542,False,0.0,3533.78,35.58
2028-05-30,66861.69,43226.48,23635.21,35.35,241.79,857,1481,11,1683,94,Middle East,Apparel,Wholesale,Refunded,Low,3.8,-99,0.2749,0.615,99.374,146.5,2,10,9006136,CUST-86769,False,0.0,5348.94,6.86
2028-05-31,64212.9,34984.7,29228.2,45.52,403.01,971,937,15,1283,109,Latin America,Sports,Online,Completed,Low,2.6,-71,0.0047,0.29,98.516,149.3,1,1,2060177,CUST-92040,True,0.16,5137.03,9.58
2028-06-01,38406.83,31918.86,6487.97,16.89,396.59,566,702,15,476,61,Latin America,Electronics,Online,Completed,Low,1.6,78,0.0267,0.169,99.521,98.8,5,11,3092405,CUST-63817,False,0.0,3072.55,49.91
2028-06-02,56105.78,33890.48,22215.3,39.6,382.4,27,1286,16,1617,46,Middle East,Sports,Retail Store,Refunded,Low,3.9,71,0.086,0.552,98.957,97.1,2,9,2527599,CUST-67504,False,0.0,4488.46,39.52
2028-06-03,35425.15,22012.47,13412.68,37.86,181.01,876,1581,15,994,53,Latin America,Home & Kitchen,Online,Completed,Low,3.4,-54,0.2819,0.278,99.19,106.4,1,5,2694051,CUST-39236,True,0.17,2834.01,26.06
2028-06-04,29305.73,42986.05,-13680.32,-46.68,232.39,950,3372,21,379,22,Middle East,Books,Online,Completed,High,5.0,-58,0.4008,0.073,99.202,111.6,2,10,5553483,CUST-75912,False,0.0,2344.46,35.17
2028-06-05,40599.24,45930.96,-5331.72,-13.13,301.53,412,331,14,1299,31,Europe,Apparel,Wholesale,Completed,Medium,4.1,-90,0.1244,0.194,98.294,100.4,2,4,2335993,CUST-73572,False,0.0,3247.94,42.49
2028-06-06,62935.9,33143.31,29792.59,47.34,487.23,214,427,17,1800,122,Middle East,Electronics,Wholesale,Pending,High,1.4,69,0.2748,0.778,99.301,157.8,0,7,4839474,CUST-61894,False,0.0,5034.87,45.93
2028-06-07,64296.88,42723.23,21573.65,33.55,170.5,508,1049,15,684,58,Europe,Home & Kitchen,Retail Store,Completed,High,3.9,-82,0.0669,0.852,99.734,103.6,3,8,9839319,CUST-64781,True,0.15,5143.75,43.63
2028-06-08,57696.28,25446.81,32249.47,55.9,462.34,333,1986,17,1220,67,North America,Sports,Wholesale,Cancelled,Medium,2.0,30,0.3871,0.872,99.782,53.6,2,11,9265474,CUST-20673,False,0.0,4615.7,29.48
2028-06-09,60876.44,23623.09,37253.35,61.2,141.98,604,4195,11,1413,96,Latin America,Apparel,Wholesale,Completed,Medium,4.8,-97,0.0856,0.535,99.377,111.1,0,8,4764565,CUST-88928,False,0.0,4870.12,45.97
2028-06-10,57742.67,30327.4,27415.27,47.48,494.65,571,2397,13,613,88,North America,Apparel,Wholesale,Pending,High,1.1,10,0.1503,0.951,99.938,102.1,3,6,6518593,CUST-66109,False,0.0,4619.41,40.52
2028-06-11,40377.78,33479.53,6898.25,17.08,338.43,290,1407,13,229,65,Latin America,Sports,Online,Completed,Medium,2.0,65,0.1841,0.152,99.197,74.2,4,8,7621447,CUST-59232,True,0.18,3230.22,8.34
2028-06-12,56478.84,26848.11,29630.73,52.46,237.12,175,297,10,339,86,North America,Electronics,Wholesale,Completed,Medium,3.0,100,0.184,0.678,98.51,126.6,5,10,6709924,CUST-18974,True,0.27,4518.31,9.63
2028-06-13,62006.14,34302.15,27703.99,44.68,310.56,252,4611,15,236,46,Middle East,Electronics,Direct Sales,Completed,High,1.3,99,0.2125,0.704,99.32,52.6,1,1,9589440,CUST-80279,False,0.0,4960.49,37.98
2028-06-14,61314.37,32451.12,28863.25,47.07,143.54,898,2879,23,535,100,North America,Electronics,Online,Cancelled,Low,2.4,61,0.3508,0.053,99.818,133.3,3,11,5481788,CUST-13632,True,0.15,4905.15,43.29
2028-06-15,67833.7,22013.55,45820.15,67.55,144.35,488,3436,14,1410,78,Latin America,Electronics,Wholesale,Completed,Medium,3.0,-50,0.1713,0.282,98.718,118.8,3,4,6857252,CUST-82756,False,0.0,5426.7,24.93
2028-06-16,60624.56,34150.34,26474.22,43.67,65.64,173,1438,14,1181,141,Asia-Pacific,Home & Kitchen,Online,Pending,Low,2.8,58,0.2422,0.949,98.53,100.3,0,12,5796717,CUST-51508,False,0.0,4849.96,39.4
2028-06-17,55271.72,36908.23,18363.49,33.22,65.88,333,1791,13,1199,123,Latin America,Electronics,Wholesale,Shipped,High,2.8,3,0.1192,0.759,99.933,79.9,1,8,9698439,CUST-60514,False,0.0,4421.74,38.59
2028-06-18,66052.25,31371.75,34680.5,52.5,180.36,577,315,11,822,29,Asia-Pacific,Electronics,Retail Store,Completed,High,4.5,-18,0.1256,0.055,99.533,68.8,2,7,6876495,CUST-39083,False,0.0,5284.18,26.29
2028-06-19,49602.18,39221.18,10381.0,20.93,383.8,560,1749,6,1779,145,Middle East,Electronics,Retail Store,Pending,Medium,3.0,-64,0.132,0.541,98.1,150.9,2,3,4240874,CUST-54415,False,0.0,3968.17,23.19
2028-06-20,36771.88,20260.77,16511.11,44.9,307.91,840,2962,12,1882,51,Latin America,Home & Kitchen,Retail Store,Completed,Medium,4.8,71,0.0957,0.649,99.122,109.5,3,3,9534668,CUST-54550,False,0.0,2941.75,8.36
2028-06-21,47554.0,33743.6,13810.4,29.04,60.27,649,709,13,1107,126,North America,Books,Wholesale,Pending,High,1.6,-42,0.4596,0.973,98.469,61.2,2,2,5179079,CUST-79346,False,0.0,3804.32,49.11
2028-06-22,38826.46,20637.75,18188.71,46.85,427.6,912,2658,18,1511,137,Middle East,Apparel,Retail Store,Completed,Medium,2.1,7,0.0422,0.716,98.574,119.6,1,12,7409098,CUST-46807,False,0.0,3106.12,14.19
2028-06-23,39872.33,21087.35,18784.98,47.11,304.67,643,1017,16,1349,35,Latin America,Beauty,Online,Shipped,High,3.6,4,0.1449,0.639,98.175,110.4,1,9,7509250,CUST-54294,True,0.17,3189.79,11.72
2028-06-24,47832.22,24952.55,22879.67,47.83,480.82,768,4352,12,1567,102,Middle East,Sports,Retail Store,Pending,Medium,2.1,-83,0.0462,0.909,98.462,169.5,1,4,3280067,CUST-39676,False,0.0,3826.58,8.64
2028-06-25,38113.7,22463.52,15650.18,41.06,338.39,707,261,11,231,119,Asia-Pacific,Apparel,Retail Store,Completed,High,2.4,-76,0.128,0.661,99.01,105.6,0,3,6835250,CUST-67402,False,0.0,3049.1,27.97
2028-06-26,45380.58,25616.03,19764.55,43.55,95.84,217,4237,16,1312,56,Middle East,Home & Kitchen,Retail Store,Completed,Medium,4.6,37,0.0791,0.932,98.157,154.3,0,7,4457517,CUST-95488,False,0.0,3630.45,8.04
2028-06-27,21595.78,28286.8,-6691.02,-30.98,242.15,324,2911,9,1907,111,North America,Sports,Retail Store,Completed,Medium,3.2,96,0.1511,0.493,99.779,112.3,2,9,7487189,CUST-81362,False,0.0,1727.66,44.49
2028-06-28,53199.41,36697.24,16502.17,31.02,327.76,313,3521,14,1421,90,Latin America,Electronics,Online,Cancelled,Low,2.3,-76,0.2216,0.719,99.551,78.6,1,3,7826939,CUST-94511,False,0.0,4255.95,14.07
2028-06-29,50018.08,27430.73,22587.35,45.16,23.85,910,4315,15,195,137,Asia-Pacific,Home & Kitchen,Direct Sales,Completed,Low,4.1,-17,0.1368,0.632,98.763,136.5,3,4,5716897,CUST-61119,False,0.0,4001.45,46.27
2028-06-30,37743.67,17314.99,20428.68,54.12,17.31,248,1198,13,1117,16,Middle East,Books,Retail Store,Completed,High,1.3,-50,0.291,0.553,98.26,162.6,3,2,2351405,CUST-66394,False,0.0,3019.49,43.6
2028-07-01,59888.69,39120.54,20768.15,34.68,73.41,736,2821,15,1944,25,Europe,Beauty,Wholesale,Completed,Medium,3.3,80,0.1547,0.324,99.988,151.7,3,9,6936358,CUST-45734,False,0.0,4791.1,6.79
2028-07-02,64063.55,23303.28,40760.27,63.62,133.32,813,2808,12,1889,13,Asia-Pacific,Books,Direct Sales,Refunded,Medium,1.4,-91,0.0417,0.904,99.127,131.0,0,2,3820970,CUST-50013,False,0.0,5125.08,30.91
2028-07-03,25886.6,29530.24,-3643.64,-14.08,220.48,233,222,15,548,97,Asia-Pacific,Electronics,Retail Store,Completed,Medium,1.7,76,0.0655,0.27,98.846,154.9,5,8,3789968,CUST-17222,False,0.0,2070.93,13.2
2028-07-04,38559.13,33572.29,4986.84,12.93,248.85,97,2800,18,852,95,North America,Home & Kitchen,Direct Sales,Completed,Low,1.2,24,0.1198,0.159,98.397,126.0,4,7,6547103,CUST-78283,True,0.21,3084.73,11.13
2028-07-05,38462.86,31596.88,6865.98,17.85,77.63,546,3353,20,1952,149,North America,Home & Kitchen,Wholesale,Pending,Medium,4.6,65,0.3971,0.712,98.406,122.9,1,7,6570975,CUST-30562,False,0.0,3077.03,28.21
2028-07-06,35901.45,38753.44,-2851.99,-7.94,339.96,438,3161,11,1368,108,Middle East,Electronics,Wholesale,Refunded,Low,1.2,-9,0.2329,0.547,99.592,68.5,0,8,1912444,CUST-34066,True,0.14,2872.12,13.59
2028-07-07,62442.12,33832.03,28610.09,45.82,302.11,229,4061,14,1844,140,Europe,Electronics,Retail Store,Pending,High,3.1,25,0.1442,0.263,99.04,127.4,3,5,4568643,CUST-42543,False,0.0,4995.37,25.33
2028-07-08,47092.61,23109.52,23983.09,50.93,154.29,284,888,12,580,66,Asia-Pacific,Beauty,Retail Store,Completed,Medium,1.9,12,0.0984,0.87,99.968,172.8,2,6,1525789,CUST-63813,False,0.0,3767.41,7.37
2028-07-09,46032.28,47428.5,-1396.22,-3.03,16.69,656,356,12,1800,33,Middle East,Books,Wholesale,Completed,High,2.5,13,0.0467,0.286,99.906,62.7,4,6,1055250,CUST-42982,True,0.12,3682.58,26.18
2028-07-10,19942.06,31554.67,-11612.61,-58.23,48.05,963,4125,17,260,87,Europe,Electronics,Online,Completed,Medium,3.0,-55,0.1553,0.064,98.414,74.1,2,8,4963881,CUST-26082,False,0.0,1595.36,12.67
2028-07-11,59531.27,28821.28,30709.99,51.59,201.93,754,3754,17,942,78,Middle East,Electronics,Direct Sales,Completed,Low,2.8,-31,0.2639,0.015,99.999,108.6,3,9,9922768,CUST-36187,False,0.0,4762.5,10.22
2028-07-12,31411.12,37711.4,-6300.28,-20.06,85.45,986,3351,19,1475,38,Asia-Pacific,Books,Online,Completed,High,4.0,-90,0.0644,0.923,99.973,72.5,2,4,6386064,CUST-31773,True,0.17,2512.89,8.76
2028-07-13,50898.99,31995.61,18903.38,37.14,194.64,75,3689,17,1304,64,Middle East,Electronics,Retail Store,Shipped,Low,4.6,-18,0.0776,0.402,99.599,143.9,1,10,2304540,CUST-81331,False,0.0,4071.92,33.71
2028-07-14,54160.65,33193.83,20966.82,38.71,317.81,601,4875,18,1412,108,North America,Sports,Online,Shipped,Medium,2.2,43,0.1283,0.213,98.782,59.5,2,6,7879882,CUST-58873,True,0.25,4332.85,7.91
2028-07-15,70409.88,49937.47,20472.41,29.08,278.15,432,707,16,54,119,North America,Beauty,Online,Shipped,Low,1.1,59,0.2014,0.567,98.448,143.8,0,10,5199181,CUST-50585,False,0.0,5632.79,31.2
2028-07-16,30367.69,27799.03,2568.66,8.46,123.28,264,4526,14,360,136,Latin America,Beauty,Direct Sales,Completed,Medium,4.6,29,0.1003,0.488,98.206,155.2,2,12,1881678,CUST-76126,False,0.0,2429.42,8.54
2028-07-17,4707.32,27457.91,-22750.59,-483.3,178.47,134,4027,16,1854,141,Europe,Books,Retail Store,Shipped,Low,4.9,-43,0.1024,1.0,98.104,143.0,1,11,5493580,CUST-23048,True,0.09,376.59,27.15
2028-07-18,52757.74,30932.63,21825.11,41.37,310.88,155,2252,14,211,94,Asia-Pacific,Apparel,Direct Sales,Completed,Medium,2.7,-16,0.5704,0.889,99.642,120.7,2,13,8631137,CUST-51058,False,0.0,4220.62,15.34
2028-07-19,77007.67,38572.13,38435.54,49.91,431.82,624,646,14,265,81,Europe,Beauty,Wholesale,Completed,High,2.8,65,0.0697,0.271,99.891,138.7,2,12,5879620,CUST-53056,False,0.0,6160.61,11.37
2028-07-20,68584.2,17947.73,50636.47,73.83,379.07,394,4988,15,835,125,North America,Home & Kitchen,Direct Sales,Completed,Medium,1.6,-22,0.0681,0.698,99.545,79.6,1,10,2261125,CUST-49467,False,0.0,5486.74,48.22
2028-07-21,53144.89,14275.55,38869.34,73.14,281.17,456,2004,15,885,5,Asia-Pacific,Home & Kitchen,Direct Sales,Completed,Low,2.9,84,0.2653,0.387,99.518,129.1,2,9,1704430,CUST-74383,False,0.0,4251.59,20.68
2028-07-22,42625.46,25303.08,17322.38,40.64,187.52,396,1782,15,1685,77,Latin America,Apparel,Wholesale,Completed,Medium,2.2,-24,0.2714,0.364,98.83,98.4,1,13,6669887,CUST-80020,False,0.0,3410.04,19.59
2028-07-23,62106.84,16928.62,45178.22,72.74,188.88,392,588,22,1244,92,North America,Beauty,Online,Completed,High,5.0,-30,0.1839,0.367,99.282,151.2,1,4,2048618,CUST-30464,False,0.0,4968.55,48.74
2028-07-24,35396.81,26601.35,8795.46,24.85,440.91,286,1922,25,301,49,North America,Electronics,Direct Sales,Completed,Low,1.7,15,0.1151,0.639,99.342,144.9,4,8,3273760,CUST-98039,True,0.15,2831.74,38.94
2028-07-25,57145.37,34020.0,23125.37,40.47,29.23,391,3221,15,1754,64,Europe,Sports,Wholesale,Completed,Low,2.5,86,0.0565,0.538,98.515,91.6,3,10,2654777,CUST-22781,False,0.0,4571.63,31.83
2028-07-26,57582.05,22874.01,34708.04,60.28,494.11,133,3874,15,1111,90,Middle East,Apparel,Retail Store,Completed,Low,3.5,84,0.2272,0.755,99.477,132.3,1,5,2962411,CUST-60906,False,0.0,4606.56,13.85
2028-07-27,65903.15,18585.39,47317.76,71.8,335.54,935,3172,19,277,107,Europe,Electronics,Online,Cancelled,Medium,2.4,-34,0.2014,0.153,98.292,133.8,2,11,8137824,CUST-35486,False,0.0,5272.25,33.1
2028-07-28,91394.9,30554.7,60840.2,66.57,343.76,276,3552,15,958,91,North America,Sports,Wholesale,Cancelled,Medium,2.9,-86,0.2168,0.425,98.587,103.4,2,6,8225601,CUST-81389,True,0.21,7311.59,40.71
2028-07-29,55886.24,36900.35,18985.89,33.97,28.62,799,749,12,1710,123,Europe,Home & Kitchen,Online,Refunded,Medium,4.9,-17,0.0137,0.86,99.179,120.8,2,7,2642365,CUST-12230,False,0.0,4470.9,43.92
2028-07-30,42365.55,16440.21,25925.34,61.19,306.71,120,747,10,1351,46,Middle East,Sports,Wholesale,Shipped,Medium,3.0,85,0.1847,0.003,99.079,137.9,1,13,3616021,CUST-61824,False,0.0,3389.24,43.96
2028-07-31,49616.39,36561.86,13054.53,26.31,247.54,390,480,17,334,85,Latin America,Apparel,Direct Sales,Refunded,Medium,4.6,-98,0.2653,0.623,99.409,104.0,2,12,8934350,CUST-54307,False,0.0,3969.31,9.2
2028-08-01,23463.86,36538.45,-13074.59,-55.72,61.83,834,2166,16,1583,14,Asia-Pacific,Beauty,Online,Pending,Medium,1.2,-43,0.1099,0.786,99.166,89.0,2,9,1981451,CUST-71388,False,0.0,1877.11,17.62
2028-08-02,39579.3,37632.68,1946.62,4.92,146.18,610,1963,14,698,127,North America,Home & Kitchen,Direct Sales,Refunded,Medium,1.5,-74,0.4291,0.384,98.099,128.0,3,2,5373158,CUST-28944,False,0.0,3166.34,26.64
2028-08-03,43860.76,39747.84,4112.92,9.38,446.25,908,2390,18,415,115,Europe,Beauty,Wholesale,Pending,Low,4.8,42,0.1464,0.884,99.955,171.9,1,4,2447315,CUST-32957,True,0.23,3508.86,26.34
2028-08-04,42138.67,47616.11,-5477.44,-13.0,279.49,167,4324,11,1693,29,North America,Electronics,Direct Sales,Shipped,Low,1.5,87,0.1002,0.736,99.527,114.7,1,9,1071002,CUST-86666,False,0.0,3371.09,26.9
2028-08-05,52285.32,27151.26,25134.06,48.07,212.57,737,1299,12,1141,7,Asia-Pacific,Beauty,Direct Sales,Completed,Low,3.9,-98,0.2245,0.606,99.761,107.7,2,2,5884404,CUST-33977,False,0.0,4182.83,47.19
2028-08-06,37663.7,30876.57,6787.13,18.02,45.61,905,4604,12,1177,75,Europe,Sports,Wholesale,Pending,High,2.8,55,0.0621,0.198,99.608,92.3,0,7,8307916,CUST-22529,False,0.0,3013.1,22.92
2028-08-07,66815.46,26668.49,40146.97,60.09,359.92,822,4987,11,1474,32,Latin America,Apparel,Direct Sales,Cancelled,High,2.6,74,0.0753,0.67,98.425,160.3,1,12,1809387,CUST-72405,True,0.23,5345.24,41.65
2028-08-08,50003.11,30015.81,19987.3,39.97,354.4,557,3090,12,1319,141,Asia-Pacific,Electronics,Direct Sales,Completed,Low,3.6,-36,0.1687,0.834,99.865,150.6,3,11,5455647,CUST-52672,True,0.25,4000.25,26.44
2028-08-09,49860.5,42262.99,7597.51,15.24,310.88,608,1207,15,1750,15,Middle East,Apparel,Direct Sales,Completed,Low,3.9,80,0.1498,0.73,99.968,114.9,2,1,7440998,CUST-82291,False,0.0,3988.84,24.6
2028-08-10,45081.58,19239.88,25841.7,57.32,260.03,127,3547,18,241,97,Middle East,Sports,Retail Store,Completed,High,4.7,47,0.0525,0.575,98.157,92.4,1,1,4552465,CUST-98803,True,0.2,3606.53,47.47
2028-08-11,52327.86,23111.6,29216.26,55.83,222.55,337,321,17,1780,122,North America,Electronics,Retail Store,Pending,Medium,2.0,-90,0.1829,0.715,98.317,92.1,1,5,5097440,CUST-78536,False,0.0,4186.23,18.45
2028-08-12,62376.47,41017.45,21359.02,34.24,300.7,969,1539,16,693,128,Middle East,Apparel,Retail Store,Shipped,Low,3.8,-76,0.0807,0.977,99.981,90.1,1,11,2926496,CUST-58984,True,0.13,4990.12,18.51
2028-08-13,36993.05,38160.29,-1167.24,-3.16,124.36,703,717,17,1369,97,Europe,Home & Kitchen,Online,Completed,Low,2.4,90,0.3311,0.011,98.587,102.7,3,7,9397561,CUST-84430,False,0.0,2959.44,42.98
2028-08-14,40128.25,27094.95,13033.3,32.48,471.22,77,2670,12,1217,145,Middle East,Apparel,Direct Sales,Completed,Low,3.9,-97,0.1056,0.664,99.64,100.4,1,8,3185119,CUST-33799,False,0.0,3210.26,25.09
2028-08-15,45444.11,36835.22,8608.89,18.94,298.51,443,2855,14,956,103,Latin America,Home & Kitchen,Direct Sales,Cancelled,Medium,1.6,-18,0.0965,0.793,98.148,94.2,2,2,5524034,CUST-87628,False,0.0,3635.53,32.45
2028-08-16,29811.94,32729.73,-2917.79,-9.79,162.48,368,2890,13,780,15,Europe,Sports,Direct Sales,Shipped,Low,2.8,-47,0.2072,0.639,99.465,159.0,1,13,6481147,CUST-31306,False,0.0,2384.96,8.01
2028-08-17,37711.13,42002.2,-4291.07,-11.38,230.34,680,4042,12,75,39,North America,Books,Online,Completed,Medium,1.7,-41,0.0855,0.273,99.403,175.5,5,3,1117657,CUST-62059,False,0.0,3016.89,28.57
2028-08-18,42856.69,30596.08,12260.61,28.61,404.79,806,3409,18,1324,12,North America,Beauty,Online,Shipped,Critical,2.3,55,0.1077,0.823,99.875,81.9,2,6,8605456,CUST-53598,False,0.0,3428.54,29.49
2028-08-19,63115.84,38205.06,24910.78,39.47,89.19,452,4154,17,1680,11,Middle East,Electronics,Wholesale,Completed,Low,3.9,37,0.4164,0.913,99.457,100.0,3,4,3306207,CUST-25747,False,0.0,5049.27,33.18
2028-08-20,53938.42,51136.1,2802.32,5.2,153.49,173,324,16,1939,73,Middle East,Beauty,Direct Sales,Completed,Low,1.9,63,0.0346,0.684,98.083,86.8,1,9,3695039,CUST-30698,True,0.23,4315.07,8.82
2028-08-21,52903.85,34784.79,18119.06,34.25,342.96,982,2341,15,761,74,North America,Sports,Wholesale,Shipped,Low,3.7,-21,0.1917,0.511,98.901,131.1,2,5,9143718,CUST-89520,False,0.0,4232.31,43.8
2028-08-22,62763.47,30394.63,32368.84,51.57,164.59,370,4252,13,664,119,Europe,Home & Kitchen,Wholesale,Shipped,Medium,3.0,60,0.0927,0.366,98.696,108.1,1,7,7752756,CUST-87715,False,0.0,5021.08,23.9
2028-08-23,47939.42,35779.58,12159.84,25.37,398.33,594,3796,7,242,128,Asia-Pacific,Home & Kitchen,Online,Completed,Medium,1.4,-42,0.0295,0.33,99.141,83.9,2,9,8673419,CUST-52388,True,0.25,3835.15,18.32
2028-08-24,55856.97,27077.75,28779.22,51.52,73.92,128,3450,13,430,15,North America,Home & Kitchen,Retail Store,Completed,Low,2.5,72,0.1511,0.723,98.857,177.8,3,3,1975141,CUST-14327,False,0.0,4468.56,30.92
2028-08-25,48451.67,49103.74,-652.07,-1.35,383.72,862,3927,20,1075,95,Latin America,Apparel,Online,Completed,Low,4.5,78,0.1438,0.607,98.562,137.1,0,1,9670292,CUST-48184,True,0.27,3876.13,29.45
2028-08-26,53980.44,31440.57,22539.87,41.76,43.49,204,1503,16,1832,89,Europe,Beauty,Online,Cancelled,Medium,5.0,-55,0.3587,0.157,99.322,85.7,2,13,3153757,CUST-32089,False,0.0,4318.44,13.4
2028-08-27,41258.62,27816.53,13442.09,32.58,16.17,610,4312,15,1676,53,Asia-Pacific,Home & Kitchen,Retail Store,Shipped,High,2.5,40,0.2244,0.141,98.622,172.7,2,4,3937012,CUST-83003,False,0.0,3300.69,18.74
2028-08-28,13417.74,23314.49,-9896.75,-73.76,450.13,866,509,13,1118,39,Asia-Pacific,Books,Retail Store,Completed,Low,1.2,-8,0.1038,0.071,99.701,79.9,1,5,7934099,CUST-70959,False,0.0,1073.42,36.13
2028-08-29,47985.81,38777.76,9208.05,19.19,294.86,597,2016,15,988,92,Europe,Sports,Online,Completed,Low,1.5,31,0.133,0.684,98.646,141.5,1,2,3767348,CUST-12239,False,0.0,3838.86,14.49
2028-08-30,71341.22,36937.5,34403.72,48.22,182.4,742,3538,17,52,113,North America,Home & Kitchen,Direct Sales,Completed,Medium,4.2,69,0.3079,0.314,99.031,204.6,3,9,4958565,CUST-71798,True,0.29,5707.3,26.21
2028-08-31,63893.23,26021.17,37872.06,59.27,123.97,660,4167,14,979,138,Asia-Pacific,Beauty,Wholesale,Shipped,Low,3.6,54,0.0951,0.02,99.652,115.4,2,5,8844640,CUST-49332,False,0.0,5111.46,44.32
2028-09-01,64480.96,34611.61,29869.35,46.32,312.27,893,2959,17,1921,14,Latin America,Home & Kitchen,Direct Sales,Completed,Low,2.1,35,0.0613,0.338,99.646,109.9,0,5,6065648,CUST-48652,True,0.17,5158.48,6.14
2028-09-02,68541.96,17931.55,50610.41,73.84,259.41,916,2083,17,1522,88,Europe,Home & Kitchen,Wholesale,Completed,High,2.6,4,0.2824,0.832,99.172,125.9,2,12,7861565,CUST-88105,False,0.0,5483.36,42.75
2028-09-03,51329.86,31479.76,19850.1,38.67,495.88,250,2151,12,1649,89,Middle East,Electronics,Direct Sales,Pending,Low,4.2,-55,0.0549,0.248,98.76,197.9,1,1,9611509,CUST-76965,False,0.0,4106.39,43.93
2028-09-04,52959.74,33622.05,19337.69,36.51,491.78,518,3801,20,1208,144,North America,Home & Kitchen,Retail Store,Completed,High,2.7,35,0.2213,0.634,99.116,171.7,4,1,9970685,CUST-32823,False,0.0,4236.78,37.42
2028-09-05,40735.22,43658.64,-2923.42,-7.18,321.16,675,122,20,1364,59,Europe,Beauty,Direct Sales,Completed,Medium,4.0,-75,0.1197,0.44,99.699,104.5,2,10,7902661,CUST-31306,True,0.17,3258.82,32.12
2028-09-06,45258.91,23833.45,21425.46,47.34,227.01,574,3068,21,327,145,Latin America,Sports,Online,Completed,Low,2.2,-100,0.1531,0.549,98.438,130.7,2,11,2312673,CUST-44865,False,0.0,3620.71,25.79
2028-09-07,59236.57,19773.18,39463.39,66.62,250.66,151,844,15,225,78,Asia-Pacific,Electronics,Wholesale,Pending,Medium,3.9,11,0.0341,0.596,98.245,152.3,1,11,5721671,CUST-54236,False,0.0,4738.93,35.0
2028-09-08,68058.27,22836.58,45221.69,66.45,344.41,841,701,13,331,139,North America,Electronics,Wholesale,Shipped,Medium,2.9,88,0.0736,0.455,99.164,105.0,2,1,9726184,CUST-15704,True,0.27,5444.66,41.3
2028-09-09,47908.31,19307.45,28600.86,59.7,59.77,985,3135,19,1193,144,North America,Home & Kitchen,Direct Sales,Completed,Low,3.2,-11,0.0704,0.058,99.148,80.4,1,13,6306584,CUST-31476,True,0.07,3832.66,15.52
2028-09-10,43247.16,40693.26,2553.9,5.91,170.89,915,1942,15,1847,65,Europe,Home & Kitchen,Retail Store,Completed,Low,3.4,-62,0.2332,0.568,98.586,158.0,0,7,4474290,CUST-85263,True,0.06,3459.77,45.94
2028-09-11,50007.92,42389.11,7618.81,15.24,46.88,40,2774,9,1247,134,Europe,Books,Online,Completed,Medium,2.8,36,0.1579,0.398,98.869,137.8,0,11,3513678,CUST-82870,False,0.0,4000.63,17.84
2028-09-12,59018.1,32561.73,26456.37,44.83,45.95,232,4276,16,1512,30,Latin America,Beauty,Retail Store,Completed,Medium,2.9,-74,0.0355,0.2,98.177,131.2,1,3,1471637,CUST-57887,False,0.0,4721.45,5.61
2028-09-13,28342.18,39770.36,-11428.18,-40.32,105.96,813,2762,12,508,73,Middle East,Sports,Online,Completed,Medium,2.1,97,0.1418,0.897,98.262,158.7,1,5,1541457,CUST-72049,False,0.0,2267.37,36.01
2028-09-14,15557.29,31071.67,-15514.38,-99.72,247.77,275,582,9,1703,66,Europe,Beauty,Online,Completed,Low,4.9,47,0.1468,0.736,99.657,79.9,0,2,8520236,CUST-99929,False,0.0,1244.58,46.28
2028-09-15,41741.95,29239.11,12502.84,29.95,394.54,291,4136,7,1000,120,Europe,Apparel,Online,Cancelled,High,4.6,92,0.0636,0.284,98.929,111.9,1,2,8066492,CUST-63591,True,0.06,3339.36,44.04
2028-09-16,31689.31,27335.7,4353.61,13.74,247.89,797,2739,16,390,119,Europe,Sports,Direct Sales,Shipped,Medium,3.1,-85,0.3372,0.539,98.2,212.3,4,1,9015383,CUST-75929,False,0.0,2535.14,13.56
2028-09-17,42377.9,27516.87,14861.03,35.07,174.38,390,3411,18,746,143,Latin America,Apparel,Online,Shipped,Medium,1.1,95,0.3368,0.963,99.924,139.9,1,11,7153410,CUST-37820,False,0.0,3390.23,47.86
2028-09-18,47783.3,17617.59,30165.71,63.13,50.35,565,4228,10,1828,106,Asia-Pacific,Beauty,Online,Pending,Medium,1.7,-34,0.1627,0.245,98.42,142.0,1,8,6306129,CUST-10857,True,0.27,3822.66,47.32
2028-09-19,43201.27,32114.04,11087.23,25.66,279.64,71,4475,18,775,46,Middle East,Home & Kitchen,Online,Shipped,Low,4.4,-79,0.0078,0.947,98.634,123.7,1,8,5654424,CUST-26868,False,0.0,3456.1,34.38
2028-09-20,71787.01,29677.33,42109.68,58.66,142.92,722,3925,12,170,14,Latin America,Electronics,Wholesale,Shipped,Critical,4.7,-28,0.181,0.683,99.945,55.6,0,5,4155539,CUST-81384,False,0.0,5742.96,16.5
2028-09-21,54901.17,35962.89,18938.28,34.5,311.32,856,2299,18,624,127,Europe,Books,Wholesale,Pending,Low,1.6,83,0.1711,0.541,98.362,91.4,1,8,5729894,CUST-65306,True,0.18,4392.09,23.83
2028-09-22,54507.12,30748.19,23758.93,43.59,488.82,530,1782,10,1970,23,Asia-Pacific,Home & Kitchen,Direct Sales,Completed,Medium,3.9,19,0.1157,0.983,99.937,152.0,0,2,1324592,CUST-35334,False,0.0,4360.57,29.1
2028-09-23,59333.11,28698.37,30634.74,51.63,64.54,80,4896,10,1734,8,Europe,Sports,Direct Sales,Completed,Medium,3.5,84,0.3237,0.334,99.444,101.0,4,5,1186188,CUST-86526,False,0.0,4746.65,28.72
2028-09-24,32917.5,23030.46,9887.04,30.04,113.94,611,3708,16,1566,7,Latin America,Sports,Wholesale,Completed,High,2.2,81,0.0157,0.278,98.854,114.1,0,9,8651559,CUST-81774,True,0.29,2633.4,31.08
2028-09-25,65586.68,30577.23,35009.45,53.38,241.82,545,1118,10,325,146,North America,Electronics,Wholesale,Cancelled,Medium,2.7,35,0.1905,0.34,99.19,130.2,1,9,2250075,CUST-26024,True,0.27,5246.93,16.52
2028-09-26,48863.54,35905.9,12957.64,26.52,484.62,149,4860,8,1018,14,Europe,Sports,Online,Completed,Medium,3.7,34,0.2333,0.751,99.016,85.8,1,2,1428317,CUST-38344,False,0.0,3909.08,13.59
2028-09-27,60057.21,20853.29,39203.92,65.28,388.19,325,3070,15,1036,10,Asia-Pacific,Beauty,Wholesale,Completed,High,1.4,-25,0.2588,0.337,99.609,75.1,0,11,4331057,CUST-91494,False,0.0,4804.58,48.86
2028-09-28,33922.14,30699.79,3222.35,9.5,450.13,349,1411,16,78,35,Middle East,Sports,Direct Sales,Pending,High,1.8,-100,0.1042,0.103,98.126,119.6,2,13,4658559,CUST-63495,True,0.14,2713.77,10.53
2028-09-29,26693.62,31864.34,-5170.72,-19.37,173.52,897,1518,10,1884,35,North America,Home & Kitchen,Direct Sales,Completed,Low,1.1,81,0.1011,0.644,99.627,107.0,2,11,9644019,CUST-78276,False,0.0,2135.49,19.62
2028-09-30,62268.34,24255.48,38012.86,61.05,496.1,599,2600,17,1810,13,Europe,Sports,Online,Cancelled,Low,4.6,39,0.2573,0.223,99.941,128.0,3,7,2546011,CUST-95185,False,0.0,4981.47,48.67
2028-10-01,55646.14,25297.15,30348.99,54.54,60.39,735,2767,16,734,112,Europe,Books,Retail Store,Completed,Medium,3.3,-87,0.116,0.004,98.859,69.9,2,2,1509837,CUST-40519,True,0.18,4451.69,37.48
2028-10-02,36469.23,31844.89,4624.34,12.68,35.96,537,1486,18,1317,128,Asia-Pacific,Sports,Retail Store,Pending,High,3.1,46,0.2119,0.199,98.383,101.3,2,9,4152836,CUST-19281,True,0.29,2917.54,30.32
2028-10-03,36955.05,20932.63,16022.42,43.36,429.25,550,1244,13,370,134,North America,Apparel,Wholesale,Pending,Medium,3.8,-82,0.1222,0.819,98.218,144.1,3,1,9335074,CUST-97770,True,0.11,2956.4,5.62
2028-10-04,66881.52,32799.39,34082.13,50.96,464.36,425,2163,16,692,8,North America,Electronics,Online,Refunded,Low,5.0,-24,0.0665,0.94,98.694,223.1,1,10,4558197,CUST-18725,False,0.0,5350.52,44.22
2028-10-05,32158.82,22837.17,9321.65,28.99,54.39,476,4934,16,401,10,North America,Home & Kitchen,Wholesale,Completed,Medium,1.7,7,0.2837,0.662,98.261,124.2,0,9,9978608,CUST-16608,False,0.0,2572.71,39.36
2028-10-06,74640.09,38502.83,36137.26,48.42,65.58,384,1646,12,581,34,Europe,Books,Online,Shipped,Low,1.5,-27,0.1452,0.31,98.459,143.5,2,4,1019439,CUST-22724,False,0.0,5971.21,9.54
2028-10-07,36490.69,48702.62,-12211.93,-33.47,26.26,300,2245,12,1154,65,North America,Home & Kitchen,Wholesale,Completed,Medium,2.2,10,0.214,0.436,99.309,137.1,3,9,9805382,CUST-95176,True,0.19,2919.26,41.44
2028-10-08,59575.88,23113.95,36461.93,61.2,61.21,52,2263,11,1366,81,Europe,Beauty,Direct Sales,Completed,Low,4.6,24,0.0554,0.195,98.832,130.3,4,12,2171712,CUST-90121,False,0.0,4766.07,16.79
2028-10-09,45070.72,34273.66,10797.06,23.96,112.62,873,3112,10,343,114,Europe,Electronics,Direct Sales,Completed,Medium,2.6,-8,0.2159,0.881,99.802,143.9,5,7,8291442,CUST-24716,False,0.0,3605.66,41.41
2028-10-10,59047.81,24186.06,34861.75,59.04,485.34,896,4544,11,1570,40,North America,Beauty,Retail Store,Pending,High,4.2,55,0.1887,0.666,98.928,86.4,0,12,9746988,CUST-95508,False,0.0,4723.82,42.93
2028-10-11,41838.29,38327.63,3510.66,8.39,337.25,62,4427,15,507,137,Latin America,Sports,Retail Store,Completed,Medium,1.8,42,0.0349,0.084,98.308,107.5,2,4,4479522,CUST-60444,False,0.0,3347.06,24.51
2028-10-12,47558.11,19877.93,27680.18,58.2,391.49,797,3282,16,796,104,Middle East,Beauty,Wholesale,Completed,Low,3.0,-38,0.653,0.367,98.277,128.7,3,7,8582501,CUST-33440,True,0.23,3804.65,8.6
2028-10-13,50613.79,33844.69,16769.1,33.13,390.31,892,3523,9,1886,144,Middle East,Sports,Direct Sales,Completed,Medium,1.5,-78,0.243,0.538,99.386,86.2,2,11,7066544,CUST-77370,False,0.0,4049.1,30.2
2028-10-14,34967.19,23016.09,11951.1,34.18,272.19,241,4101,14,782,126,Latin America,Apparel,Wholesale,Completed,Low,2.7,70,0.3446,0.797,99.268,135.2,3,10,2731523,CUST-31979,False,0.0,2797.38,29.91
2028-10-15,61112.37,28344.12,32768.25,53.62,400.77,221,3659,14,1755,63,North America,Beauty,Direct Sales,Completed,High,2.0,-91,0.1947,0.921,99.416,52.9,2,10,6397577,CUST-37001,True,0.17,4888.99,41.21
2028-10-16,42301.8,21751.8,20550.0,48.58,301.95,17,1656,12,1631,114,Europe,Books,Online,Completed,Medium,3.2,63,0.2202,0.133,98.678,148.4,2,10,1959586,CUST-11675,False,0.0,3384.14,9.16
2028-10-17,46571.0,36578.8,9992.2,21.46,164.13,643,2786,13,1133,134,Asia-Pacific,Electronics,Direct Sales,Cancelled,Medium,4.1,90,0.0978,0.835,99.83,114.7,3,6,2005754,CUST-65251,False,0.0,3725.68,36.47
2028-10-18,35084.76,23304.16,11780.6,33.58,284.94,492,2432,12,1681,18,Latin America,Apparel,Retail Store,Completed,High,4.8,76,0.1448,0.066,98.228,144.3,5,6,8356159,CUST-43144,False,0.0,2806.78,42.96
2028-10-19,11565.0,34415.71,-22850.71,-197.59,271.42,51,1756,19,1854,142,Middle East,Home & Kitchen,Direct Sales,Completed,Low,2.1,41,0.2135,0.24,98.066,154.9,3,7,6530301,CUST-56903,False,0.0,925.2,28.75
2028-10-20,47134.58,27247.22,19887.36,42.19,413.49,342,644,21,592,68,Middle East,Beauty,Wholesale,Pending,Critical,4.0,-5,0.1843,0.021,99.484,169.3,2,4,6334694,CUST-18900,False,0.0,3770.77,19.03
2028-10-21,86189.23,29084.22,57105.01,66.26,491.05,242,491,8,429,135,Europe,Home & Kitchen,Online,Completed,Low,4.5,-67,0.156,0.064,99.354,129.4,1,4,5213482,CUST-96794,False,0.0,6895.14,16.04
2028-10-22,61769.06,31182.05,30587.01,49.52,211.41,79,2088,15,373,76,Middle East,Apparel,Retail Store,Completed,Medium,1.5,-6,0.0858,0.032,98.987,59.3,6,4,3037822,CUST-92314,False,0.0,4941.52,19.12
2028-10-23,49711.09,23905.4,25805.69,51.91,384.06,888,4185,16,1701,25,Middle East,Home & Kitchen,Online,Completed,Low,3.3,-62,0.3627,0.146,98.087,58.4,2,9,8323295,CUST-82799,False,0.0,3976.89,45.28
2028-10-24,46056.64,31682.94,14373.7,31.21,58.88,25,396,17,1135,98,Europe,Books,Retail Store,Shipped,Low,3.4,59,0.3914,0.877,98.228,75.7,1,8,1390516,CUST-56373,False,0.0,3684.53,36.38
2028-10-25,50336.99,42242.68,8094.31,16.08,390.65,78,1186,13,994,83,North America,Apparel,Retail Store,Refunded,Medium,2.1,-21,0.1676,0.284,98.391,145.2,2,7,4976596,CUST-28001,True,0.24,4026.96,34.92
2028-10-26,58206.79,23775.24,34431.55,59.15,191.99,62,4465,18,1219,24,Middle East,Electronics,Online,Completed,Low,1.1,49,0.1762,0.48,99.277,70.7,1,5,6580372,CUST-10189,False,0.0,4656.54,8.2
2028-10-27,32287.81,39374.48,-7086.67,-21.95,29.3,694,3361,15,892,62,North America,Electronics,Online,Completed,Low,2.0,-1,0.0727,0.487,99.326,111.8,2,5,4069334,CUST-47881,True,0.2,2583.02,32.58
2028-10-28,66714.83,41984.78,24730.05,37.07,187.99,956,4705,21,411,46,Asia-Pacific,Electronics,Direct Sales,Completed,Low,3.3,62,0.1364,0.995,99.354,105.2,0,9,8651342,CUST-17758,False,0.0,5337.19,43.68
2028-10-29,60730.72,23470.76,37259.96,61.35,309.21,783,1216,6,102,98,North America,Electronics,Direct Sales,Completed,Medium,1.8,-78,0.1377,0.365,99.606,132.6,2,7,4519219,CUST-60640,False,0.0,4858.46,13.62
2028-10-30,60772.79,18359.56,42413.23,69.79,68.43,388,1176,9,451,142,Europe,Apparel,Retail Store,Completed,Low,2.1,-76,0.1384,0.265,98.05,145.0,1,13,3532730,CUST-64827,True,0.11,4861.82,16.68
2028-10-31,56577.14,32415.69,24161.45,42.71,462.78,810,595,15,1636,92,Europe,Apparel,Direct Sales,Shipped,Medium,3.8,96,0.0397,0.963,99.287,123.3,1,5,1390153,CUST-66828,False,0.0,4526.17,48.89
2028-11-01,50294.25,25620.74,24673.51,49.06,48.06,472,3095,11,730,144,Europe,Sports,Direct Sales,Completed,Medium,2.6,33,0.2155,0.593,98.503,148.1,0,11,4996333,CUST-91700,False,0.0,4023.54,29.57
2028-11-02,60092.92,44948.83,15144.09,25.2,465.7,536,193,13,1942,13,Middle East,Apparel,Retail Store,Pending,Medium,1.3,-11,0.1119,0.289,99.142,81.5,3,5,2811118,CUST-77716,True,0.19,4807.43,36.92
2028-11-03,58877.21,30278.46,28598.75,48.57,356.5,791,4820,21,1042,83,Latin America,Beauty,Direct Sales,Completed,Low,2.6,87,0.1159,0.287,99.476,155.7,2,1,6274121,CUST-21229,False,0.0,4710.18,20.2
2028-11-04,44689.39,23582.4,21106.99,47.23,171.56,688,4424,17,918,86,Middle East,Sports,Online,Cancelled,Medium,5.0,-95,0.0275,0.086,99.44,124.6,0,8,6578726,CUST-97677,False,0.0,3575.15,17.15
2028-11-05,41395.97,20822.72,20573.25,49.7,201.47,72,820,7,756,7,North America,Apparel,Wholesale,Completed,Medium,2.0,-82,0.061,0.557,98.576,146.6,2,12,5205857,CUST-28531,False,0.0,3311.68,7.38
2028-11-06,51527.84,38719.24,12808.6,24.86,373.0,270,4462,21,1522,140,Asia-Pacific,Apparel,Online,Pending,Medium,2.1,-82,0.3724,0.724,98.711,101.9,5,3,2435945,CUST-69185,False,0.0,4122.23,14.32
2028-11-07,73235.3,25430.53,47804.77,65.28,304.72,509,4476,8,1156,43,Asia-Pacific,Apparel,Wholesale,Pending,Medium,1.7,9,0.0371,0.475,99.835,48.2,0,13,7710874,CUST-20730,False,0.0,5858.82,33.85
2028-11-08,31413.39,30350.63,1062.76,3.38,339.11,130,4126,17,428,68,Asia-Pacific,Electronics,Online,Pending,Low,2.1,10,0.2895,0.884,99.698,143.3,0,7,8133296,CUST-98945,False,0.0,2513.07,19.0
2028-11-09,27987.12,37646.42,-9659.3,-34.51,200.69,867,4155,12,695,35,Asia-Pacific,Books,Wholesale,Completed,Medium,3.3,-6,0.3322,0.484,98.514,115.0,5,1,3598338,CUST-18145,False,0.0,2238.97,11.86
2028-11-10,52471.41,26125.93,26345.48,50.21,249.03,249,1206,14,1531,115,Latin America,Electronics,Wholesale,Completed,Low,4.9,-14,0.1717,0.346,99.174,162.1,1,10,6525894,CUST-13619,True,0.23,4197.71,8.98
2028-11-11,50763.32,29632.57,21130.75,41.63,495.04,474,4032,9,982,127,Asia-Pacific,Sports,Direct Sales,Pending,Low,3.4,39,0.2729,0.251,98.215,134.8,1,2,4347362,CUST-83728,False,0.0,4061.07,43.8
2028-11-12,52600.12,29867.45,22732.67,43.22,114.82,116,3822,15,1853,100,Middle East,Books,Retail Store,Shipped,Low,2.6,-88,0.2314,0.243,99.308,223.3,2,6,1494592,CUST-61140,True,0.14,4208.01,26.8
2028-11-13,53659.3,35466.6,18192.7,33.9,214.75,189,1471,19,130,9,Asia-Pacific,Books,Online,Completed,High,2.6,-15,0.1137,0.317,99.243,164.5,2,11,6408141,CUST-81799,False,0.0,4292.74,22.31
2028-11-14,46651.97,34725.95,11926.02,25.56,152.99,25,522,11,780,62,Europe,Books,Direct Sales,Completed,Medium,1.1,77,0.0725,0.992,98.528,111.3,1,6,2395929,CUST-43489,True,0.25,3732.16,13.7
2028-11-15,72347.95,28239.09,44108.86,60.97,384.9,364,2105,17,563,109,North America,Sports,Online,Completed,Critical,1.0,94,0.1709,0.361,98.844,64.5,4,6,6269795,CUST-58412,True,0.3,5787.84,26.64
2028-11-16,25986.44,30509.19,-4522.75,-17.4,384.37,943,4649,15,1382,67,Middle East,Sports,Online,Pending,High,4.2,-25,0.082,0.525,99.565,89.5,1,7,1114018,CUST-35296,True,0.29,2078.92,46.32
2028-11-17,37572.54,27025.77,10546.77,28.07,153.3,318,4702,8,970,65,Latin America,Electronics,Wholesale,Shipped,Critical,3.0,58,0.1261,0.275,98.511,87.2,2,2,9858861,CUST-62692,False,0.0,3005.8,22.71
2028-11-18,48451.18,18179.1,30272.08,62.48,49.88,736,4511,7,812,56,Middle East,Beauty,Wholesale,Pending,Low,1.1,-24,0.2677,0.144,99.537,101.8,1,9,7982031,CUST-95027,True,0.25,3876.09,8.11
2028-11-19,25352.17,32060.81,-6708.64,-26.46,15.6,598,863,13,543,112,Europe,Home & Kitchen,Retail Store,Completed,Medium,2.1,-78,0.0673,0.646,98.633,115.6,4,2,5664581,CUST-38819,False,0.0,2028.17,39.27
2028-11-20,47362.18,45137.53,2224.65,4.7,219.45,746,3468,15,1309,105,Asia-Pacific,Beauty,Wholesale,Completed,Medium,2.4,-31,0.2329,0.545,99.679,131.1,2,10,5946069,CUST-93538,False,0.0,3788.97,15.36
2028-11-21,74922.05,22930.25,51991.8,69.39,211.07,614,997,15,1741,37,Asia-Pacific,Electronics,Online,Shipped,Medium,4.1,24,0.2979,0.068,98.061,168.1,2,13,1013446,CUST-93765,False,0.0,5993.76,37.03
2028-11-22,50313.3,23815.76,26497.54,52.67,494.31,190,1052,24,990,26,Latin America,Books,Wholesale,Completed,Low,2.7,-43,0.1169,0.883,98.516,89.5,0,1,5634590,CUST-56673,False,0.0,4025.06,38.4
2028-11-23,53460.51,23034.18,30426.33,56.91,240.2,183,3022,23,1110,55,North America,Home & Kitchen,Direct Sales,Completed,Low,4.2,94,0.2167,0.508,98.355,71.4,2,9,7635408,CUST-52380,False,0.0,4276.84,41.26
2028-11-24,31097.53,35796.73,-4699.2,-15.11,135.65,363,4579,15,790,15,Asia-Pacific,Beauty,Direct Sales,Completed,Medium,3.5,98,0.2372,0.335,99.781,149.1,1,9,8911089,CUST-95066,False,0.0,2487.8,14.78
2028-11-25,40754.58,33587.88,7166.7,17.59,446.7,363,3297,8,1730,131,Latin America,Sports,Wholesale,Completed,Critical,1.1,37,0.0202,0.779,98.857,166.6,2,7,5086714,CUST-46576,False,0.0,3260.37,11.91
2028-11-26,44372.05,28731.7,15640.35,35.25,250.62,228,4298,18,374,54,Asia-Pacific,Sports,Retail Store,Shipped,Medium,4.9,-33,0.1364,0.112,99.091,102.8,2,6,4056295,CUST-62635,True,0.17,3549.76,19.59
2028-11-27,45234.27,22655.85,22578.42,49.91,303.6,664,999,16,1129,21,Middle East,Apparel,Wholesale,Completed,Low,1.7,71,0.0708,0.474,98.484,156.4,1,12,5386537,CUST-33167,False,0.0,3618.74,35.81
2028-11-28,69224.66,30739.01,38485.65,55.6,56.88,324,4123,14,1194,48,Latin America,Sports,Direct Sales,Completed,High,2.1,-31,0.0943,0.549,98.257,147.0,2,1,6214323,CUST-18758,True,0.1,5537.97,47.7
2028-11-29,58365.37,17483.02,40882.35,70.05,197.63,443,4305,20,363,137,Latin America,Beauty,Online,Completed,Low,4.2,-19,0.3316,0.775,99.196,60.2,0,13,6887821,CUST-73146,False,0.0,4669.23,35.23
2028-11-30,33328.13,31147.41,2180.72,6.54,472.67,914,3741,12,1284,43,Latin America,Electronics,Online,Pending,High,1.8,98,0.1725,0.37,98.567,97.7,2,10,4147769,CUST-51449,False,0.0,2666.25,49.15
2028-12-01,53697.57,36972.2,16725.37,31.15,298.86,291,3643,24,1845,141,Asia-Pacific,Home & Kitchen,Online,Completed,High,2.6,-93,0.182,0.855,99.858,103.3,1,10,8139265,CUST-79419,False,0.0,4295.81,33.02
2028-12-02,57473.33,19990.41,37482.92,65.22,178.81,268,3741,19,152,27,Latin America,Apparel,Direct Sales,Shipped,Medium,4.5,13,0.0308,0.698,98.953,189.6,2,10,8390055,CUST-78116,False,0.0,4597.87,48.32
2028-12-03,67102.24,17739.85,49362.39,73.56,316.58,877,4865,13,488,35,Middle East,Sports,Direct Sales,Completed,Medium,3.5,-73,0.0259,0.771,98.276,137.8,3,1,1273991,CUST-26558,False,0.0,5368.18,37.58
2028-12-04,73708.11,42635.5,31072.61,42.16,456.1,568,3190,17,866,88,North America,Sports,Online,Completed,Medium,2.2,82,0.2521,0.969,98.048,102.4,2,1,2603286,CUST-83851,True,0.12,5896.65,20.39
2028-12-05,34773.59,25105.92,9667.67,27.8,144.26,14,4579,16,796,27,North America,Home & Kitchen,Retail Store,Completed,Medium,3.6,-34,0.089,0.845,98.465,95.6,5,7,1342364,CUST-20872,False,0.0,2781.89,35.62
2028-12-06,37837.14,39087.58,-1250.44,-3.3,257.51,583,861,20,87,62,Europe,Home & Kitchen,Retail Store,Refunded,Low,4.3,66,0.0983,0.347,98.64,65.1,2,7,7637128,CUST-52648,False,0.0,3026.97,12.89
2028-12-07,31136.33,28768.02,2368.31,7.61,479.76,989,2507,16,862,92,Middle East,Beauty,Online,Completed,Medium,2.6,60,0.2302,0.646,98.414,157.3,0,11,5490913,CUST-94063,False,0.0,2490.91,23.71
2028-12-08,46489.7,28704.36,17785.34,38.26,94.47,605,985,13,1693,146,Middle East,Sports,Online,Pending,Low,3.3,13,0.1134,0.869,98.731,133.8,5,11,5346268,CUST-15278,False,0.0,3719.18,20.59
2028-12-09,56995.38,33507.3,23488.08,41.21,362.64,654,2743,14,1487,29,Latin America,Books,Direct Sales,Cancelled,Medium,5.0,-21,0.0891,0.525,99.758,141.7,2,3,4814451,CUST-22300,False,0.0,4559.63,40.85
2028-12-10,64810.02,22928.01,41882.01,64.62,311.1,403,3343,15,1297,50,Europe,Sports,Wholesale,Completed,Medium,4.9,56,0.0833,0.683,98.096,75.0,4,12,1657658,CUST-44309,True,0.14,5184.8,43.64
2028-12-11,48860.73,31059.98,17800.75,36.43,343.04,345,1335,16,1066,145,Middle East,Beauty,Direct Sales,Pending,Low,3.0,44,0.3721,0.172,99.602,145.8,1,11,1938469,CUST-36880,True,0.11,3908.86,39.08
2028-12-12,45202.29,26948.08,18254.21,40.38,182.1,72,3033,11,1366,66,Middle East,Apparel,Wholesale,Completed,High,1.4,64,0.0935,0.816,98.852,111.7,3,13,8097964,CUST-66967,False,0.0,3616.18,42.78
2028-12-13,52276.37,19436.05,32840.32,62.82,163.8,802,1568,16,1769,23,Middle East,Electronics,Wholesale,Completed,Medium,3.8,33,0.2126,0.757,99.813,94.6,0,9,7691902,CUST-84295,False,0.0,4182.11,8.49
2028-12-14,37472.86,32699.86,4773.0,12.74,345.26,53,109,8,204,144,Asia-Pacific,Sports,Wholesale,Completed,Medium,2.1,73,0.1932,0.889,99.334,138.0,0,8,8508984,CUST-36990,True,0.15,2997.83,42.66
2028-12-15,81343.08,27893.54,53449.54,65.71,115.62,162,891,21,1105,116,Middle East,Beauty,Wholesale,Shipped,Low,3.7,-87,0.113,0.71,98.33,78.0,2,6,9418047,CUST-77524,True,0.22,6507.45,14.82
2028-12-16,25885.08,28743.8,-2858.72,-11.04,215.63,935,1762,16,1307,94,Asia-Pacific,Books,Online,Completed,Medium,2.4,64,0.5684,0.877,99.919,126.3,2,12,7037457,CUST-79596,False,0.0,2070.81,39.28
2028-12-17,52771.11,20318.71,32452.4,61.5,102.21,791,843,13,1980,52,Middle East,Books,Wholesale,Completed,Low,3.9,13,0.1865,0.162,98.309,110.7,2,5,5839626,CUST-23205,False,0.0,4221.69,26.81
2028-12-18,80354.09,42731.2,37622.89,46.82,14.07,863,2528,15,538,138,North America,Beauty,Wholesale,Completed,Low,2.5,6,0.2757,0.814,98.673,157.5,3,2,6469201,CUST-64719,False,0.0,6428.33,16.1
2028-12-19,50102.0,37013.71,13088.29,26.12,485.33,692,3593,13,1835,127,Asia-Pacific,Apparel,Wholesale,Completed,Low,4.8,-25,0.218,0.953,99.958,151.2,1,7,4270214,CUST-36308,True,0.1,4008.16,40.38
2028-12-20,47149.41,37713.25,9436.16,20.01,221.53,165,4646,22,1643,121,Asia-Pacific,Books,Direct Sales,Shipped,Low,1.5,-18,0.1395,0.816,98.424,123.2,2,11,5065554,CUST-61500,False,0.0,3771.95,6.14
2028-12-21,44638.32,27556.44,17081.88,38.27,484.98,487,1216,15,1406,85,Latin America,Books,Direct Sales,Completed,Medium,1.3,-16,0.2493,0.615,99.262,129.8,2,11,2538907,CUST-89168,False,0.0,3571.07,49.56
2028-12-22,47294.12,16166.54,31127.58,65.82,78.76,284,2541,22,1748,104,Middle East,Sports,Direct Sales,Cancelled,Medium,4.1,-72,0.1433,0.927,99.955,141.0,2,8,9449798,CUST-73481,False,0.0,3783.53,28.13
2028-12-23,70592.73,45623.34,24969.39,35.37,297.81,367,1454,12,1090,77,Europe,Sports,Retail Store,Shipped,Medium,2.6,-52,0.2648,0.094,99.378,119.7,1,1,3172821,CUST-70510,False,0.0,5647.42,24.07
2028-12-24,16822.07,29511.22,-12689.15,-75.43,108.48,435,2580,16,1487,32,Europe,Apparel,Direct Sales,Shipped,Medium,2.9,-99,0.3095,0.017,99.326,91.4,3,5,8292744,CUST-53991,False,0.0,1345.77,30.29
2028-12-25,73001.51,24009.6,48991.91,67.11,397.14,541,3101,9,1839,15,Europe,Apparel,Retail Store,Completed,High,4.7,97,0.0843,0.965,99.243,103.1,0,5,5597555,CUST-55749,False,0.0,5840.12,44.81
2028-12-26,28640.64,33334.41,-4693.77,-16.39,394.01,492,1286,13,1731,91,Europe,Apparel,Direct Sales,Completed,Low,3.4,-12,0.2406,0.683,99.111,77.3,3,6,2827069,CUST-71071,False,0.0,2291.25,17.76
2028-12-27,46000.22,39336.97,6663.25,14.49,65.18,223,4187,10,1814,105,North America,Apparel,Retail Store,Completed,Medium,3.6,-31,0.1936,0.114,99.898,152.4,0,6,2226949,CUST-68564,False,0.0,3680.02,16.31
2028-12-28,43561.33,29815.6,13745.73,31.55,456.91,88,2931,16,289,40,Europe,Beauty,Direct Sales,Completed,High,1.1,92,0.152,0.34,99.088,133.9,2,8,9867307,CUST-93695,False,0.0,3484.91,37.86
2028-12-29,58828.3,40228.6,18599.7,31.62,105.37,148,3761,10,1359,104,Latin America,Beauty,Online,Completed,Low,3.7,-55,0.1099,0.749,99.327,105.2,2,6,8220952,CUST-98223,False,0.0,4706.26,24.51
2028-12-30,26028.13,38664.0,-12635.87,-48.55,310.36,959,1848,15,395,123,Europe,Home & Kitchen,Direct Sales,Completed,Medium,2.6,-38,0.0719,0.75,99.478,94.6,2,6,6287335,CUST-85545,False,0.0,2082.25,27.35
2028-12-31,56932.59,21388.95,35543.64,62.43,492.96,107,2963,15,1448,102,Latin America,Home & Kitchen,Retail Store,Refunded,Medium,2.8,18,0.2819,0.17,99.055,128.3,1,11,1132585,CUST-15492,True,0.05,4554.61,26.93
2029-01-01,80364.64,24609.68,55754.96,69.38,442.37,898,1214,18,65,92,Asia-Pacific,Home & Kitchen,Wholesale,Completed,Low,4.2,-16,0.1663,0.47,99.775,70.5,1,11,3323092,CUST-44808,True,0.29,6429.17,41.18
2029-01-02,29552.39,37660.3,-8107.91,-27.44,478.72,673,3364,22,636,40,Middle East,Books,Direct Sales,Completed,Low,3.1,48,0.1376,0.807,98.046,82.6,4,5,4905574,CUST-46907,True,0.21,2364.19,14.95
2029-01-03,52845.59,8299.1,44546.49,84.3,177.87,207,3190,14,999,62,Europe,Apparel,Wholesale,Pending,High,4.9,-74,0.0764,0.967,98.791,119.3,0,8,9680703,CUST-47654,False,0.0,4227.65,18.98
2029-01-04,40070.27,28804.35,11265.92,28.12,61.73,794,1163,14,309,32,Latin America,Beauty,Wholesale,Completed,Medium,4.2,90,0.1261,0.623,99.233,205.4,5,7,5409309,CUST-63322,False,0.0,3205.62,26.08
2029-01-05,56388.31,18553.35,37834.96,67.1,102.29,165,3848,18,1968,43,Latin America,Beauty,Direct Sales,Completed,Low,3.9,-78,0.3294,0.638,98.038,135.8,3,8,5502082,CUST-88252,True,0.08,4511.06,9.9
2029-01-06,50287.22,26187.57,24099.65,47.92,255.24,59,4645,24,410,70,Middle East,Apparel,Direct Sales,Completed,High,3.4,-1,0.064,0.469,99.874,126.5,1,13,2492249,CUST-79597,True,0.05,4022.98,16.29
2029-01-07,40377.7,27609.44,12768.26,31.62,398.68,488,2832,13,1472,9,Asia-Pacific,Home & Kitchen,Online,Completed,Medium,2.6,-62,0.2454,0.539,99.653,79.0,1,2,7554057,CUST-47686,True,0.16,3230.22,40.65
2029-01-08,57318.08,27134.04,30184.04,52.66,83.58,237,1972,16,509,145,Europe,Sports,Retail Store,Completed,Low,1.2,-43,0.1587,0.099,98.438,87.3,0,11,7814067,CUST-27733,False,0.0,4585.45,28.99
2029-01-09,77065.22,25581.91,51483.31,66.8,333.27,960,4820,15,1996,13,Latin America,Books,Direct Sales,Completed,Medium,1.1,-56,0.3323,0.35,98.664,167.5,3,11,9404292,CUST-29183,False,0.0,6165.22,32.66
2029-01-10,47136.44,21222.85,25913.59,54.98,168.55,466,2069,20,1589,107,Europe,Beauty,Retail Store,Completed,Medium,1.2,41,0.2536,0.507,99.354,103.8,1,7,2238012,CUST-87036,False,0.0,3770.92,20.1
2029-01-11,60796.37,48335.29,12461.08,20.5,177.19,531,984,19,980,61,North America,Electronics,Direct Sales,Completed,Low,4.8,49,0.1808,0.275,98.682,122.5,2,7,6546765,CUST-13647,True,0.23,4863.71,32.04
2029-01-12,30600.91,44939.7,-14338.79,-46.86,334.34,158,4063,14,1836,31,Latin America,Books,Wholesale,Completed,Medium,2.3,-84,0.1755,0.36,99.714,140.7,4,5,2920136,CUST-95021,False,0.0,2448.07,21.13
2029-01-13,35653.45,20703.47,14949.98,41.93,238.83,67,3778,17,1158,107,Asia-Pacific,Books,Wholesale,Pending,Low,3.8,56,0.117,0.971,98.497,105.3,2,6,3205797,CUST-54549,True,0.27,2852.28,17.33
2029-01-14,57086.09,42656.93,14429.16,25.28,407.9,171,418,13,1136,86,Middle East,Home & Kitchen,Direct Sales,Completed,Low,3.4,-63,0.0828,0.005,99.637,102.2,2,9,9373423,CUST-18230,True,0.17,4566.89,21.05
2029-01-15,72261.74,26804.28,45457.46,62.91,86.4,872,3916,12,149,89,Latin America,Apparel,Retail Store,Completed,Low,3.3,-11,0.0579,0.303,98.929,59.6,1,13,9554277,CUST-40865,True,0.09,5780.94,46.66
2029-01-16,55334.2,31033.5,24300.7,43.92,397.07,486,3817,17,1907,69,North America,Electronics,Retail Store,Shipped,High,3.3,-70,0.0944,0.584,98.907,77.4,1,3,7009256,CUST-52086,False,0.0,4426.74,31.14
2029-01-17,45304.13,29493.81,15810.32,34.9,41.48,116,3295,15,804,91,Middle East,Home & Kitchen,Wholesale,Pending,High,2.2,-3,0.2363,0.279,98.337,140.5,3,10,8522858,CUST-81158,False,0.0,3624.33,24.56
2029-01-18,49989.37,24722.01,25267.36,50.55,105.09,436,1474,16,344,38,Asia-Pacific,Apparel,Retail Store,Completed,Medium,4.5,-43,0.2109,0.676,99.967,104.7,2,11,4724354,CUST-52968,True,0.1,3999.15,40.1
2029-01-19,31243.88,37870.82,-6626.94,-21.21,331.51,404,587,15,1997,104,Europe,Electronics,Retail Store,Refunded,Medium,4.7,-10,0.1158,0.299,98.69,143.4,1,12,9447237,CUST-84296,False,0.0,2499.51,9.77
2029-01-20,59067.73,31007.09,28060.64,47.51,428.91,810,550,15,1235,140,Europe,Sports,Online,Pending,Low,3.6,-84,0.0592,0.638,98.409,64.5,3,7,2183759,CUST-80800,False,0.0,4725.42,30.13
2029-01-21,63235.0,26187.59,37047.41,58.59,133.81,195,452,17,978,98,Latin America,Sports,Wholesale,Completed,Medium,4.5,19,0.2453,0.85,98.065,148.4,1,8,6029163,CUST-38896,False,0.0,5058.8,18.51
2029-01-22,43218.65,19563.28,23655.37,54.73,170.32,567,2040,14,1251,52,Middle East,Beauty,Retail Store,Refunded,Low,1.2,-78,0.0477,0.659,98.987,118.6,4,11,2432816,CUST-50024,True,0.18,3457.49,20.86
2029-01-23,42949.37,22851.24,20098.13,46.79,273.19,966,2467,12,1517,104,North America,Electronics,Online,Completed,Medium,1.4,47,0.1971,0.05,98.065,68.5,1,3,4933239,CUST-28288,False,0.0,3435.95,29.53
2029-01-24,53988.17,16868.96,37119.21,68.75,113.67,455,3336,8,377,86,North America,Home & Kitchen,Direct Sales,Refunded,High,3.2,-5,0.0453,0.795,98.911,159.5,1,11,3449508,CUST-54580,True,0.08,4319.05,37.35
2029-01-25,43449.2,30097.79,13351.41,30.73,407.47,650,347,17,1401,121,Asia-Pacific,Electronics,Online,Completed,Low,4.4,-97,0.03,0.213,99.805,70.8,2,5,1711594,CUST-41888,False,0.0,3475.94,43.54
2029-01-26,49008.01,20426.68,28581.33,58.32,389.08,926,3603,13,813,15,Middle East,Electronics,Online,Completed,Medium,2.3,-28,0.0873,0.635,98.996,157.7,3,9,1457588,CUST-27498,False,0.0,3920.64,49.91
2029-01-27,81495.83,27875.52,53620.31,65.8,81.19,839,667,13,1115,56,Middle East,Electronics,Online,Pending,Medium,3.2,-26,0.1109,0.647,98.087,118.9,3,11,2453903,CUST-54813,False,0.0,6519.67,19.44
2029-01-28,46294.61,40960.81,5333.8,11.52,237.28,457,783,15,291,35,Europe,Beauty,Online,Completed,Low,1.0,-52,0.221,0.804,98.529,88.7,4,3,5767303,CUST-68036,False,0.0,3703.57,19.82
2029-01-29,44624.9,39594.4,5030.5,11.27,389.67,96,743,18,1415,28,Asia-Pacific,Sports,Online,Completed,Medium,4.9,8,0.2011,0.506,98.097,184.7,0,11,1461917,CUST-68659,False,0.0,3569.99,49.61
2029-01-30,40286.87,29741.78,10545.09,26.18,175.29,258,578,19,1164,100,Asia-Pacific,Sports,Online,Shipped,Medium,4.1,-75,0.0742,0.376,99.764,134.2,4,3,8245239,CUST-92167,True,0.22,3222.95,23.9
2029-01-31,61162.88,29303.32,31859.56,52.09,320.22,850,2860,10,1101,125,Asia-Pacific,Apparel,Direct Sales,Completed,High,2.4,-69,0.096,0.518,98.48,162.5,2,3,9249844,CUST-77367,False,0.0,4893.03,29.59
2029-02-01,47281.64,45039.0,2242.64,4.74,34.6,449,4563,23,508,76,Middle East,Electronics,Direct Sales,Cancelled,Low,4.9,-73,0.1421,0.546,98.13,135.1,4,10,4497572,CUST-19925,False,0.0,3782.53,36.36
2029-02-02,40259.4,34166.05,6093.35,15.14,308.26,266,4552,17,716,101,Europe,Books,Wholesale,Completed,Medium,1.4,-50,0.241,0.822,99.929,112.4,2,13,1232220,CUST-18167,True,0.27,3220.75,41.49
2029-02-03,69819.56,27377.55,42442.01,60.79,84.8,286,1468,10,1704,119,Asia-Pacific,Home & Kitchen,Wholesale,Shipped,Critical,2.9,67,0.0885,0.205,98.974,89.5,3,5,2245923,CUST-99540,True,0.18,5585.56,29.73
2029-02-04,71294.05,18591.86,52702.19,73.92,416.99,799,2326,11,1458,68,Europe,Books,Direct Sales,Completed,Medium,1.2,-64,0.1739,0.847,98.811,113.7,2,3,7357859,CUST-65383,False,0.0,5703.52,16.26
2029-02-05,40993.65,33150.99,7842.66,19.13,184.17,447,3596,9,1560,131,Asia-Pacific,Apparel,Direct Sales,Completed,Medium,2.3,78,0.2731,0.366,99.854,125.7,2,10,6387403,CUST-96421,False,0.0,3279.49,10.07
2029-02-06,22001.9,36634.59,-14632.69,-66.51,147.96,525,3712,13,269,121,Middle East,Home & Kitchen,Wholesale,Completed,Low,1.9,-44,0.0335,0.744,99.062,148.6,4,12,1129485,CUST-78365,False,0.0,1760.15,39.88
2029-02-07,65112.71,24946.79,40165.92,61.69,422.04,586,4107,12,908,43,Europe,Apparel,Online,Pending,Low,2.3,-21,0.0618,0.336,98.563,106.2,1,12,4769515,CUST-75747,False,0.0,5209.02,8.87
2029-02-08,39730.55,32329.62,7400.93,18.63,34.57,956,1942,13,313,133,Latin America,Home & Kitchen,Retail Store,Completed,High,4.8,-29,0.1777,0.709,99.584,138.0,0,10,6088954,CUST-22480,False,0.0,3178.44,13.55
2029-02-09,61859.38,27091.41,34767.97,56.2,204.34,211,3477,17,170,101,Asia-Pacific,Sports,Online,Completed,Low,2.7,94,0.3107,0.799,98.544,178.7,2,6,4634367,CUST-43200,False,0.0,4948.75,14.29
2029-02-10,20448.44,28527.74,-8079.3,-39.51,191.3,584,2514,15,1119,81,Middle East,Sports,Direct Sales,Completed,Critical,2.3,-98,0.1564,0.558,98.886,125.5,0,12,2222210,CUST-87346,False,0.0,1635.88,6.57
2029-02-11,63388.96,10097.42,53291.54,84.07,149.55,664,1159,12,1353,9,Europe,Books,Wholesale,Completed,Low,3.6,90,0.1095,0.62,99.606,51.4,4,5,2958600,CUST-38644,False,0.0,5071.12,43.26
2029-02-12,31832.42,28225.75,3606.67,11.33,456.76,765,1744,17,1188,144,North America,Books,Wholesale,Completed,Low,3.7,39,0.2882,0.708,99.863,121.7,0,7,4244455,CUST-20908,False,0.0,2546.59,41.51
2029-02-13,60961.46,37754.95,23206.51,38.07,377.95,813,1911,16,1241,7,Middle East,Beauty,Online,Pending,Low,4.9,10,0.2138,0.688,99.212,116.7,3,4,3537966,CUST-33737,False,0.0,4876.92,17.15
2029-02-14,50214.1,24948.78,25265.32,50.32,41.32,806,2293,10,484,65,Middle East,Apparel,Wholesale,Completed,Medium,3.2,-10,0.3188,0.727,99.01,115.6,1,3,1986578,CUST-32265,False,0.0,4017.13,40.44
2029-02-15,35690.91,30420.21,5270.7,14.77,360.2,189,2527,13,1319,115,North America,Books,Direct Sales,Completed,High,4.0,-50,0.1358,0.85,98.152,64.2,3,8,1796763,CUST-89207,False,0.0,2855.27,21.86
2029-02-16,43894.46,23952.39,19942.07,45.43,268.38,695,267,13,533,79,North America,Home & Kitchen,Direct Sales,Cancelled,Critical,2.5,38,0.2321,0.221,99.234,129.7,5,1,3694545,CUST-86615,False,0.0,3511.56,8.83
2029-02-17,60294.78,32883.53,27411.25,45.46,451.43,334,4282,13,1448,134,Latin America,Electronics,Retail Store,Pending,Low,1.7,33,0.0454,0.215,98.653,101.4,3,2,8887569,CUST-89636,False,0.0,4823.58,28.17
2029-02-18,51588.42,28267.81,23320.61,45.21,163.34,934,253,12,329,33,Latin America,Electronics,Direct Sales,Cancelled,Low,2.7,39,0.0368,0.971,99.029,116.3,3,9,3567239,CUST-52373,False,0.0,4127.07,17.14
2029-02-19,58766.19,22486.07,36280.12,61.74,291.34,632,2644,16,1819,45,Latin America,Electronics,Retail Store,Cancelled,Medium,2.7,-76,0.0225,0.851,99.489,153.2,1,6,5196487,CUST-56600,False,0.0,4701.3,9.6
2029-02-20,79646.61,40660.41,38986.2,48.95,255.37,696,3968,15,1095,33,Middle East,Beauty,Retail Store,Completed,Medium,2.7,-75,0.0407,0.592,99.28,91.6,2,7,4424442,CUST-82477,False,0.0,6371.73,15.96
2029-02-21,26536.38,37431.46,-10895.08,-41.06,249.88,484,414,17,763,104,Middle East,Books,Online,Cancelled,Low,3.8,85,0.1294,0.008,98.194,116.4,1,2,9464419,CUST-84091,False,0.0,2122.91,16.96
2029-02-22,74258.19,25160.75,49097.44,66.12,233.49,674,822,12,117,68,Middle East,Apparel,Wholesale,Completed,Low,2.6,-21,0.1896,0.855,98.794,112.9,2,10,8229279,CUST-71969,False,0.0,5940.66,30.12
2029-02-23,51565.34,33982.31,17583.03,34.1,110.76,985,3731,5,1721,62,Latin America,Apparel,Direct Sales,Cancelled,Low,4.8,-65,0.1529,0.752,98.399,114.2,1,2,4618836,CUST-32557,False,0.0,4125.23,32.37
2029-02-24,36518.24,34299.3,2218.94,6.08,380.3,409,3445,18,792,142,Europe,Beauty,Wholesale,Completed,Medium,4.9,63,0.1042,0.956,98.302,104.5,2,6,8967286,CUST-33032,True,0.21,2921.46,11.71
2029-02-25,30045.3,35138.41,-5093.11,-16.95,231.15,877,2911,11,1131,15,Middle East,Home & Kitchen,Retail Store,Completed,Medium,3.1,-80,0.2495,0.013,98.441,106.4,2,13,7961429,CUST-56163,False,0.0,2403.62,40.09
2029-02-26,47163.19,16445.95,30717.24,65.13,479.67,226,2409,19,1600,139,Middle East,Sports,Direct Sales,Pending,Medium,3.2,-52,0.1668,0.029,99.841,178.6,2,8,1962046,CUST-54859,False,0.0,3773.06,47.07
2029-02-27,63824.75,38052.85,25771.9,40.38,137.8,818,2601,13,1337,81,Middle East,Books,Wholesale,Shipped,Low,2.6,-17,0.1175,0.517,99.425,105.2,1,5,6324620,CUST-55238,False,0.0,5105.98,15.37
2029-02-28,48086.76,25442.41,22644.35,47.09,344.54,970,3433,16,1755,112,Latin America,Books,Direct Sales,Pending,High,2.4,17,0.4495,0.856,99.816,129.5,3,2,9757643,CUST-42378,False,0.0,3846.94,6.43
2029-03-01,72667.32,27137.38,45529.94,62.66,470.95,462,2123,21,1496,98,Asia-Pacific,Home & Kitchen,Online,Completed,Low,4.9,-41,0.1539,0.991,99.013,123.7,1,11,2657287,CUST-82201,True,0.06,5813.39,42.54
2029-03-02,28232.36,51103.05,-22870.69,-81.01,335.09,413,449,18,1071,90,Latin America,Home & Kitchen,Direct Sales,Completed,Low,1.2,5,0.1036,0.32,98.002,122.5,2,12,3218446,CUST-82449,False,0.0,2258.59,38.12
2029-03-03,49818.67,32414.99,17403.68,34.93,436.92,974,923,16,1572,69,Asia-Pacific,Books,Retail Store,Shipped,Medium,2.6,89,0.206,0.036,98.069,136.8,1,8,7110147,CUST-94384,False,0.0,3985.49,17.71
2029-03-04,31214.1,26909.42,4304.68,13.79,415.47,941,537,14,340,31,Latin America,Books,Direct Sales,Completed,Medium,1.6,22,0.2094,0.196,98.289,97.8,2,6,9297855,CUST-13008,True,0.07,2497.13,28.14
2029-03-05,55454.48,12357.65,43096.83,77.72,186.46,998,268,19,218,139,Europe,Electronics,Online,Pending,Low,3.9,-82,0.0842,0.877,99.561,169.0,1,11,2561135,CUST-73735,True,0.24,4436.36,37.31
2029-03-06,63303.31,41118.11,22185.2,35.05,304.06,249,3919,16,1633,69,Europe,Apparel,Online,Completed,High,1.8,38,0.1454,0.466,98.403,87.8,1,13,8009911,CUST-56396,False,0.0,5064.26,14.78
2029-03-07,43688.57,19238.32,24450.25,55.96,86.57,747,3514,10,1535,62,Middle East,Electronics,Wholesale,Completed,Medium,4.5,-23,0.0461,0.853,98.203,114.2,3,6,2625686,CUST-68169,False,0.0,3495.09,17.64
2029-03-08,10936.79,21972.49,-11035.7,-100.9,272.41,195,3401,9,1681,29,Latin America,Electronics,Online,Pending,Low,2.5,-1,0.1178,0.444,99.722,78.5,0,10,1091252,CUST-46107,False,0.0,874.94,34.53
2029-03-09,52984.22,27349.18,25635.04,48.38,122.91,57,4218,8,1912,52,Asia-Pacific,Apparel,Retail Store,Shipped,Medium,4.7,30,0.1842,0.053,98.457,151.4,1,13,5308665,CUST-25400,True,0.29,4238.74,24.94
2029-03-10,56551.08,41331.29,15219.79,26.91,374.43,987,3135,14,605,8,Asia-Pacific,Beauty,Online,Cancelled,Medium,4.9,84,0.0572,0.618,99.005,87.8,4,4,8250376,CUST-72929,False,0.0,4524.09,7.92
2029-03-11,56064.42,36185.92,19878.5,35.46,268.75,395,4476,16,402,140,Europe,Sports,Wholesale,Completed,High,4.1,27,0.1558,0.436,98.679,146.4,2,1,3439751,CUST-12339,False,0.0,4485.15,29.08
2029-03-12,68536.73,28737.3,39799.43,58.07,211.5,217,3690,6,1313,119,Middle East,Beauty,Online,Cancelled,High,3.5,6,0.2099,0.491,99.793,129.3,0,9,9055501,CUST-74093,False,0.0,5482.94,43.94
2029-03-13,33934.19,32466.34,1467.85,4.33,141.71,166,2869,7,1876,8,Asia-Pacific,Beauty,Online,Refunded,Medium,1.6,96,0.2174,0.949,99.41,126.2,3,3,1031222,CUST-33593,True,0.26,2714.74,20.32
2029-03-14,60203.24,25196.91,35006.33,58.15,499.36,234,2400,15,332,140,Latin America,Beauty,Direct Sales,Shipped,Low,4.7,80,0.121,0.457,98.908,159.1,3,8,6009024,CUST-67525,False,0.0,4816.26,19.12
2029-03-15,67887.61,31117.23,36770.38,54.16,45.14,153,4599,18,1522,94,Middle East,Home & Kitchen,Wholesale,Shipped,High,4.1,93,0.143,0.797,99.726,98.8,2,7,8719497,CUST-90724,False,0.0,5431.01,7.27
2029-03-16,23321.19,30586.69,-7265.5,-31.15,31.34,428,2280,14,1655,20,Latin America,Electronics,Direct Sales,Pending,Medium,2.2,39,0.0426,0.059,99.453,171.3,1,2,6036547,CUST-21590,True,0.1,1865.7,11.52
2029-03-17,54794.78,37750.16,17044.62,31.11,116.46,120,3445,14,1838,133,Latin America,Home & Kitchen,Wholesale,Completed,Medium,2.9,-39,0.1334,0.479,99.618,106.6,2,7,9599226,CUST-76745,False,0.0,4383.58,9.27
2029-03-18,42437.3,37737.42,4699.88,11.07,485.83,839,2765,12,1139,105,Europe,Home & Kitchen,Wholesale,Completed,Low,1.3,-56,0.1573,0.587,99.955,135.1,0,7,2431517,CUST-90866,True,0.18,3394.98,29.97
2029-03-19,48777.16,33951.82,14825.34,30.39,489.83,884,331,17,1400,116,Latin America,Apparel,Wholesale,Pending,High,3.6,-44,0.2795,0.113,98.406,113.2,1,5,8381032,CUST-21342,True,0.1,3902.17,21.97
2029-03-20,55215.15,27101.22,28113.93,50.92,330.91,883,2692,12,505,49,North America,Beauty,Wholesale,Cancelled,Medium,1.5,29,0.167,0.302,98.405,141.6,2,11,4681369,CUST-81560,True,0.16,4417.21,25.84
2029-03-21,42691.57,35934.58,6756.99,15.83,441.25,474,4274,17,1008,67,Middle East,Books,Wholesale,Completed,Medium,3.6,0,0.0974,0.74,99.113,84.9,1,3,4627250,CUST-33599,True,0.17,3415.33,39.14
2029-03-22,39864.38,29264.25,10600.13,26.59,114.84,141,1158,15,1054,98,North America,Beauty,Wholesale,Shipped,Medium,3.7,82,0.1903,0.184,99.065,123.7,1,3,1804348,CUST-86022,False,0.0,3189.15,49.93
2029-03-23,50512.29,21344.69,29167.6,57.74,486.3,634,2642,9,526,138,Latin America,Electronics,Online,Pending,High,2.3,-82,0.5254,0.128,99.738,120.6,0,4,7504955,CUST-62881,False,0.0,4040.98,47.24
2029-03-24,33691.31,26773.7,6917.61,20.53,79.96,845,1233,13,1921,40,Latin America,Home & Kitchen,Online,Completed,Low,4.8,-40,0.0385,0.299,98.312,135.3,2,8,8833749,CUST-80258,False,0.0,2695.3,12.34
2029-03-25,33712.62,30676.22,3036.4,9.01,59.55,956,3746,15,334,125,Europe,Electronics,Online,Completed,High,4.1,51,0.1837,0.859,98.85,134.2,6,8,8702103,CUST-57115,True,0.19,2697.01,35.48
2029-03-26,60190.6,37281.73,22908.87,38.06,64.98,610,2475,14,80,107,Europe,Home & Kitchen,Retail Store,Shipped,Low,3.0,-96,0.3312,0.763,99.056,89.9,4,7,8362786,CUST-52778,False,0.0,4815.25,23.49
2029-03-27,32768.09,28531.77,4236.32,12.93,290.83,682,3980,18,497,70,Europe,Home & Kitchen,Wholesale,Completed,Medium,4.7,53,0.1414,0.777,98.928,165.7,0,6,2807480,CUST-44936,False,0.0,2621.45,8.29
2029-03-28,59994.69,20326.41,39668.28,66.12,392.68,343,2837,16,263,123,Europe,Home & Kitchen,Online,Completed,Medium,4.4,62,0.0565,0.322,98.134,118.0,2,3,7063326,CUST-60508,True,0.13,4799.58,30.13
2029-03-29,56938.87,30453.93,26484.94,46.51,189.67,929,2531,14,1766,12,Asia-Pacific,Books,Wholesale,Pending,Medium,3.8,-82,0.2126,0.099,98.296,145.6,2,10,8995065,CUST-74989,True,0.24,4555.11,19.75
2029-03-30,24112.9,30907.65,-6794.75,-28.18,489.17,84,1487,17,1787,31,Europe,Beauty,Direct Sales,Shipped,Medium,1.6,-70,0.0592,0.032,98.307,75.9,2,12,6032326,CUST-77453,True,0.09,1929.03,29.95
2029-03-31,39836.53,31486.7,8349.83,20.96,222.87,802,3403,14,1653,38,Latin America,Home & Kitchen,Retail Store,Completed,Low,3.0,71,0.3456,0.586,99.192,105.5,0,9,9301281,CUST-18308,False,0.0,3186.92,26.02
2029-04-01,67911.64,37358.97,30552.67,44.99,83.72,421,1537,16,1098,32,Latin America,Apparel,Wholesale,Shipped,Medium,4.5,46,0.0248,0.702,98.858,157.8,1,9,8319416,CUST-81539,False,0.0,5432.93,18.21
2029-04-02,35282.52,38151.39,-2868.87,-8.13,238.32,528,3465,17,1833,149,Middle East,Sports,Online,Completed,Critical,3.4,5,0.2436,0.378,98.356,177.2,2,1,4779587,CUST-25336,True,0.29,2822.6,21.95
2029-04-03,43033.94,25246.31,17787.63,41.33,342.73,634,4742,17,1446,112,North America,Sports,Retail Store,Completed,High,3.2,-20,0.0533,0.529,99.473,134.9,4,6,1928126,CUST-65201,True,0.11,3442.72,41.93
2029-04-04,56930.91,25070.85,31860.06,55.96,417.79,45,1829,11,446,127,Asia-Pacific,Home & Kitchen,Direct Sales,Pending,Low,4.8,39,0.0684,0.279,99.606,116.9,1,7,2458406,CUST-20584,False,0.0,4554.47,44.6
2029-04-05,61750.86,21678.41,40072.45,64.89,234.8,787,2539,13,386,13,Asia-Pacific,Beauty,Wholesale,Shipped,High,1.1,62,0.3296,0.364,98.42,82.8,3,10,5341538,CUST-53057,True,0.16,4940.07,18.92
2029-04-06,46226.92,35590.53,10636.39,23.01,300.87,634,3273,17,985,61,Middle East,Beauty,Retail Store,Completed,High,1.0,-11,0.1223,0.73,99.446,147.9,2,2,9162553,CUST-95525,False,0.0,3698.15,32.91
2029-04-07,41037.35,41590.56,-553.21,-1.35,141.0,813,4007,15,1017,49,Middle East,Books,Wholesale,Completed,Low,4.6,85,0.0224,0.718,98.127,130.7,2,12,2361018,CUST-37150,False,0.0,3282.99,43.35
2029-04-08,71335.55,27479.34,43856.21,61.48,326.5,232,1416,17,904,138,Europe,Home & Kitchen,Retail Store,Pending,Medium,1.2,16,0.1426,0.028,99.712,37.6,2,9,8351921,CUST-90785,False,0.0,5706.84,40.58
2029-04-09,76083.49,28068.56,48014.93,63.11,493.13,732,784,14,952,146,Middle East,Apparel,Online,Shipped,Medium,2.3,24,0.1627,0.944,99.925,59.4,2,8,9563873,CUST-24924,False,0.0,6086.68,19.83
2029-04-10,64682.87,41734.26,22948.61,35.48,34.04,539,2688,19,721,15,Asia-Pacific,Books,Wholesale,Completed,Low,4.7,-29,0.2671,0.269,98.312,132.3,4,4,2847018,CUST-73192,False,0.0,5174.63,11.23
2029-04-11,51279.77,34044.46,17235.31,33.61,444.4,250,3643,16,1353,73,North America,Books,Wholesale,Completed,High,3.8,3,0.0752,0.908,99.572,90.9,0,9,9003895,CUST-17393,False,0.0,4102.38,32.96
2029-04-12,37876.01,33489.89,4386.12,11.58,285.52,143,3187,14,818,99,North America,Home & Kitchen,Wholesale,Completed,Low,3.6,-76,0.2074,0.512,98.195,83.6,2,9,9090969,CUST-71332,False,0.0,3030.08,8.06
2029-04-13,37543.33,20472.67,17070.66,45.47,133.53,741,1775,21,672,134,Asia-Pacific,Home & Kitchen,Online,Completed,Medium,3.6,52,0.3626,0.499,99.923,116.4,2,1,6617911,CUST-20582,False,0.0,3003.47,41.95
2029-04-14,57837.71,35429.82,22407.89,38.74,477.9,400,2213,22,608,107,Europe,Books,Retail Store,Completed,Medium,2.3,40,0.3053,0.451,98.904,132.0,0,1,5155246,CUST-37344,False,0.0,4627.02,25.82
2029-04-15,56275.97,22566.91,33709.06,59.9,246.84,111,1057,5,1764,21,North America,Books,Online,Completed,High,3.1,-59,0.3592,0.922,99.071,170.1,3,4,6891274,CUST-63180,False,0.0,4502.08,37.36
2029-04-16,71023.98,20927.84,50096.14,70.53,172.53,661,3643,13,597,114,North America,Books,Direct Sales,Completed,Low,3.5,42,0.1723,0.208,99.528,91.4,1,7,4016066,CUST-62483,True,0.22,5681.92,12.99
2029-04-17,59756.75,27225.83,32530.92,54.44,98.93,690,3194,14,972,40,Europe,Electronics,Direct Sales,Completed,Low,2.2,-78,0.1639,0.612,98.498,135.3,1,10,5264875,CUST-38008,False,0.0,4780.54,12.57
2029-04-18,27453.8,25313.66,2140.14,7.8,129.78,507,4897,15,1271,135,North America,Books,Direct Sales,Completed,Medium,4.2,-73,0.1592,0.318,98.798,84.1,1,9,9875469,CUST-17983,False,0.0,2196.3,14.36
2029-04-19,65779.21,28227.2,37552.01,57.09,418.1,520,2907,18,603,47,Latin America,Beauty,Retail Store,Completed,High,2.3,11,0.1267,0.915,98.14,102.7,3,11,7663421,CUST-15504,False,0.0,5262.34,39.78
2029-04-20,35029.09,18472.15,16556.94,47.27,311.06,712,920,11,528,97,Asia-Pacific,Sports,Wholesale,Shipped,High,1.3,-88,0.2722,0.169,99.229,126.6,2,5,1565892,CUST-58060,True,0.26,2802.33,17.37
2029-04-21,44240.43,37670.53,6569.9,14.85,457.49,546,987,13,893,37,North America,Apparel,Retail Store,Completed,Low,1.8,-5,0.2422,0.676,99.599,114.8,1,2,4152057,CUST-42948,True,0.23,3539.23,47.55
2029-04-22,53753.0,39021.49,14731.51,27.41,123.66,986,3828,15,1675,106,North America,Apparel,Direct Sales,Pending,Medium,2.6,-26,0.0538,0.422,99.704,72.2,0,7,1574413,CUST-23406,False,0.0,4300.24,8.2
2029-04-23,79935.01,14421.26,65513.75,81.96,69.36,958,4093,13,1930,33,Europe,Sports,Retail Store,Shipped,Low,4.6,71,0.1223,0.661,99.073,138.0,0,2,2765387,CUST-75826,False,0.0,6394.8,33.77
2029-04-24,96648.78,37827.66,58821.12,60.86,12.98,554,3184,27,1653,85,North America,Home & Kitchen,Wholesale,Completed,High,2.7,79,0.2199,0.158,99.532,145.9,4,4,7364414,CUST-27428,False,0.0,7731.9,40.87
2029-04-25,59100.85,23515.77,35585.08,60.21,258.85,352,975,19,119,79,Europe,Books,Wholesale,Completed,Low,1.4,-66,0.1199,0.394,98.3,202.6,2,5,2220332,CUST-15195,False,0.0,4728.07,29.75
2029-04-26,47252.05,36855.8,10396.25,22.0,499.17,850,4361,18,554,113,Asia-Pacific,Apparel,Retail Store,Pending,High,1.8,-54,0.0728,0.107,99.487,127.8,2,8,5229213,CUST-22875,False,0.0,3780.16,5.38
2029-04-27,58017.58,29452.43,28565.15,49.24,350.53,15,4096,14,159,108,Latin America,Apparel,Direct Sales,Completed,Low,3.2,62,0.0415,0.969,98.009,126.1,3,4,8664002,CUST-47496,False,0.0,4641.41,46.85
2029-04-28,63314.83,30230.2,33084.63,52.25,161.11,967,656,12,1455,76,Middle East,Beauty,Wholesale,Completed,High,1.7,-51,0.464,0.214,98.39,130.6,3,2,1263456,CUST-36157,False,0.0,5065.19,33.0
2029-04-29,45189.99,28519.22,16670.77,36.89,439.66,203,2314,18,446,29,Asia-Pacific,Beauty,Direct Sales,Shipped,Low,1.3,-14,0.0885,0.993,99.269,72.3,2,9,6283276,CUST-92621,False,0.0,3615.2,48.48
2029-04-30,76928.17,39697.03,37231.14,48.4,393.04,751,808,14,1482,139,North America,Electronics,Wholesale,Completed,Medium,3.9,-61,0.1204,0.418,98.641,74.7,3,6,5289517,CUST-81389,False,0.0,6154.25,15.83
2029-05-01,53451.06,20083.3,33367.76,62.43,17.55,146,817,9,400,125,Latin America,Sports,Direct Sales,Pending,Medium,4.1,-24,0.0837,0.072,98.821,117.1,1,1,3499146,CUST-31904,True,0.09,4276.08,24.33
2029-05-02,57466.15,34862.72,22603.43,39.33,410.26,844,3765,18,1607,79,Middle East,Electronics,Retail Store,Cancelled,Low,4.4,97,0.3662,0.018,99.652,39.6,2,4,6350809,CUST-56519,False,0.0,4597.29,20.96
2029-05-03,59988.86,38810.64,21178.22,35.3,157.26,921,2244,10,1574,71,Middle East,Apparel,Online,Completed,Low,4.4,-59,0.1915,0.599,99.142,80.4,3,2,6302278,CUST-42618,True,0.19,4799.11,39.76
2029-05-04,56323.8,35730.72,20593.08,36.56,83.34,482,2119,20,1044,108,North America,Home & Kitchen,Online,Completed,Low,2.5,42,0.0201,0.615,98.798,102.6,1,10,2283161,CUST-89506,False,0.0,4505.9,26.93
2029-05-05,62584.11,48597.59,13986.52,22.35,120.9,225,3879,14,838,123,Middle East,Apparel,Direct Sales,Completed,Low,3.9,-41,0.0317,0.525,98.932,155.3,2,7,2381248,CUST-29601,False,0.0,5006.73,19.09
2029-05-06,40741.2,25768.43,14972.77,36.75,239.6,358,390,9,1984,74,Middle East,Home & Kitchen,Wholesale,Refunded,Low,3.3,-43,0.2531,0.066,99.697,129.1,0,10,8422708,CUST-63017,False,0.0,3259.3,11.95
2029-05-07,41625.47,37658.44,3967.03,9.53,218.19,885,2283,13,1780,61,Asia-Pacific,Apparel,Retail Store,Completed,Medium,1.1,96,0.1245,0.332,98.971,66.9,2,11,1756240,CUST-93483,False,0.0,3330.04,25.82
2029-05-08,33497.69,29151.27,4346.42,12.98,151.55,192,3979,12,470,70,Asia-Pacific,Beauty,Wholesale,Completed,Medium,2.6,-68,0.2005,0.359,99.751,118.6,0,1,7646128,CUST-10246,False,0.0,2679.82,46.64
2029-05-09,56592.52,39867.25,16725.27,29.55,94.39,177,3036,9,1630,148,Middle East,Books,Online,Completed,High,1.2,67,0.3366,0.705,98.494,140.4,0,12,3385488,CUST-55140,False,0.0,4527.4,28.79
2029-05-10,61684.05,29938.49,31745.56,51.46,383.49,803,2514,15,971,62,Europe,Apparel,Online,Completed,Low,1.3,-99,0.2431,0.419,99.068,145.0,2,12,8960446,CUST-35067,True,0.1,4934.72,8.19
2029-05-11,56866.59,26896.99,29969.6,52.7,495.15,47,2395,14,160,121,North America,Electronics,Retail Store,Completed,Low,1.2,60,0.2129,0.573,98.738,156.6,5,9,2397201,CUST-10057,False,0.0,4549.33,38.3
2029-05-12,75117.39,40448.58,34668.81,46.15,391.12,684,2913,14,258,55,Europe,Home & Kitchen,Direct Sales,Completed,High,4.8,52,0.2106,0.286,99.183,161.9,1,8,3178679,CUST-15903,False,0.0,6009.39,37.75
2029-05-13,49916.06,26067.5,23848.56,47.78,155.01,480,1337,20,1815,25,Europe,Home & Kitchen,Retail Store,Completed,Medium,4.4,-42,0.2766,0.726,99.151,139.9,2,4,6045782,CUST-74587,True,0.23,3993.28,6.71
2029-05-14,60031.12,18698.19,41332.93,68.85,129.96,461,2217,8,1512,83,Middle East,Apparel,Online,Refunded,Low,2.8,54,0.0569,0.047,99.143,137.0,3,12,2703898,CUST-18877,False,0.0,4802.49,32.91
2029-05-15,33624.49,25865.22,7759.27,23.08,116.66,964,4941,17,1251,60,North America,Home & Kitchen,Retail Store,Shipped,Low,2.0,83,0.1456,0.989,99.056,128.1,2,12,1782081,CUST-46767,True,0.13,2689.96,47.27
2029-05-16,44193.5,34952.26,9241.24,20.91,76.98,499,3143,19,980,102,Europe,Electronics,Online,Shipped,Low,1.3,11,0.3003,0.641,98.909,149.5,0,12,3055066,CUST-89629,False,0.0,3535.48,42.58
2029-05-17,60433.07,41136.31,19296.76,31.93,280.15,151,3187,17,1835,51,Asia-Pacific,Beauty,Wholesale,Completed,Low,2.7,-76,0.1265,0.149,99.821,92.4,6,6,2948264,CUST-12701,True,0.07,4834.65,47.79
2029-05-18,62736.53,30889.04,31847.49,50.76,306.65,769,3658,25,474,122,Asia-Pacific,Books,Online,Completed,High,3.4,32,0.0342,0.717,98.536,112.8,2,8,3728132,CUST-86882,True,0.21,5018.92,10.42
2029-05-19,45590.5,40545.58,5044.92,11.07,355.7,952,798,16,377,88,North America,Books,Online,Pending,Low,4.2,-39,0.2184,0.787,98.868,95.5,0,4,5106088,CUST-24272,False,0.0,3647.24,14.49
2029-05-20,48926.01,19134.6,29791.41,60.89,343.3,112,2953,18,1957,112,Europe,Home & Kitchen,Retail Store,Completed,High,1.2,70,0.2086,0.789,98.422,135.2,2,2,2034032,CUST-95272,False,0.0,3914.08,14.63
2029-05-21,27231.89,26453.89,778.0,2.86,153.24,720,3908,14,60,35,Latin America,Apparel,Retail Store,Completed,High,2.7,3,0.1952,0.271,98.665,110.9,1,3,4056958,CUST-36153,False,0.0,2178.55,46.11
2029-05-22,44644.56,27691.4,16953.16,37.97,171.85,721,4719,16,1325,19,Latin America,Home & Kitchen,Retail Store,Completed,Medium,4.9,95,0.2002,0.959,98.498,155.5,3,13,9670436,CUST-55936,False,0.0,3571.56,20.48
2029-05-23,63355.75,29083.52,34272.23,54.09,343.94,51,1945,11,905,66,North America,Electronics,Wholesale,Completed,Low,1.5,-23,0.107,0.018,99.339,121.8,6,6,8997108,CUST-82566,False,0.0,5068.46,22.97
2029-05-24,58628.08,30672.76,27955.32,47.68,181.23,956,4114,24,1308,74,North America,Sports,Retail Store,Completed,Low,2.6,4,0.4031,0.38,99.415,157.2,2,6,1108763,CUST-63187,False,0.0,4690.25,44.27
2029-05-25,57509.99,35527.29,21982.7,38.22,114.19,156,3282,14,1721,135,Latin America,Apparel,Wholesale,Completed,Medium,2.1,-10,0.1347,0.104,98.553,46.1,4,2,5345857,CUST-21451,False,0.0,4600.8,33.39
2029-05-26,50746.61,26441.55,24305.06,47.89,193.42,75,563,15,303,91,Europe,Beauty,Direct Sales,Completed,Low,1.5,63,0.0593,0.385,99.967,94.8,3,2,5992483,CUST-17891,True,0.15,4059.73,22.66
2029-05-27,50105.95,31112.23,18993.72,37.91,143.32,952,3960,11,1639,62,Europe,Electronics,Retail Store,Shipped,High,4.4,23,0.1608,0.057,98.568,152.8,2,10,3487699,CUST-44371,False,0.0,4008.48,8.28
2029-05-28,40095.18,29639.02,10456.16,26.08,53.27,202,550,20,1551,49,Middle East,Beauty,Retail Store,Completed,Low,3.8,-3,0.1323,0.645,99.657,120.7,1,10,8465146,CUST-80184,False,0.0,3207.61,6.8
2029-05-29,60482.43,22592.88,37889.55,62.65,416.77,307,2015,10,178,12,North America,Apparel,Direct Sales,Cancelled,Medium,2.6,37,0.1829,0.062,98.585,157.0,2,4,7881543,CUST-60949,False,0.0,4838.59,19.05
2029-05-30,56314.59,29090.67,27223.92,48.34,428.02,47,1023,11,1811,131,Europe,Beauty,Direct Sales,Shipped,Medium,2.5,14,0.0475,0.616,98.826,128.8,0,5,3698279,CUST-50059,True,0.06,4505.17,18.2
2029-05-31,57380.28,28850.72,28529.56,49.72,117.68,511,3722,14,1605,70,Latin America,Electronics,Direct Sales,Shipped,High,4.3,49,0.2193,0.234,99.329,87.3,2,13,3727965,CUST-24703,False,0.0,4590.42,34.79
2029-06-01,42109.48,28679.36,13430.12,31.89,41.74,662,415,16,149,75,Latin America,Electronics,Online,Refunded,Medium,1.4,-15,0.2138,0.179,99.115,182.8,3,7,8513264,CUST-73257,True,0.16,3368.76,25.09
2029-06-02,17699.86,30254.08,-12554.22,-70.93,372.03,627,4866,17,339,21,Asia-Pacific,Home & Kitchen,Online,Completed,Medium,1.6,-73,0.2979,0.347,99.012,96.8,3,12,3093158,CUST-85994,False,0.0,1415.99,35.7
2029-06-03,66457.29,30605.39,35851.9,53.95,113.65,437,4893,15,1642,75,Europe,Sports,Online,Pending,Critical,4.6,-53,0.124,0.641,99.588,93.9,2,6,1633104,CUST-13605,True,0.13,5316.58,19.94
2029-06-04,42817.44,26541.64,16275.8,38.01,202.78,673,1476,17,1299,101,Middle East,Apparel,Direct Sales,Shipped,Low,4.3,87,0.2061,0.578,99.415,148.7,2,4,7513636,CUST-51628,True,0.11,3425.4,46.26
2029-06-05,37058.36,40181.72,-3123.36,-8.43,41.43,361,2915,17,1726,40,Middle East,Books,Wholesale,Completed,Low,4.1,-17,0.2346,0.68,99.828,88.1,2,5,7136443,CUST-63360,False,0.0,2964.67,9.28
2029-06-06,60402.18,20644.15,39758.03,65.82,120.87,935,1362,10,1198,72,North America,Sports,Retail Store,Completed,Low,3.5,-38,0.1434,0.919,98.462,74.7,1,10,9432662,CUST-30710,False,0.0,4832.17,27.47
2029-06-07,44119.81,24232.24,19887.57,45.08,398.52,335,1227,18,1511,112,Asia-Pacific,Books,Online,Completed,Medium,2.2,-99,0.2393,0.203,98.033,93.1,1,8,4289214,CUST-64055,False,0.0,3529.58,46.04
2029-06-08,65899.05,52239.71,13659.34,20.73,404.15,47,3025,12,1894,25,Latin America,Beauty,Direct Sales,Completed,Low,4.7,-78,0.1278,0.413,100.0,148.7,3,12,2428152,CUST-27217,False,0.0,5271.92,35.76
2029-06-09,59255.09,21696.07,37559.02,63.39,111.47,106,1152,14,1637,50,Latin America,Books,Retail Store,Cancelled,Low,3.0,-50,0.149,0.266,98.567,194.9,0,10,2914027,CUST-32307,False,0.0,4740.41,8.38
2029-06-10,60253.54,19169.96,41083.58,68.18,174.6,117,4284,18,695,96,North America,Books,Online,Completed,Low,2.1,11,0.0498,0.586,98.086,120.2,2,2,4475577,CUST-24452,False,0.0,4820.28,43.56
2029-06-11,29510.66,35875.81,-6365.15,-21.57,75.78,640,2522,18,1877,111,Middle East,Electronics,Direct Sales,Completed,High,2.5,-21,0.0337,0.283,98.495,94.7,1,6,4259713,CUST-94754,True,0.14,2360.85,15.56
2029-06-12,68179.16,13383.04,54796.12,80.37,46.34,160,3568,13,714,128,Middle East,Electronics,Retail Store,Cancelled,Medium,1.1,55,0.2474,0.558,99.338,163.2,4,12,3461415,CUST-18591,False,0.0,5454.33,28.08
2029-06-13,53918.76,28117.81,25800.95,47.85,496.16,83,4559,13,1420,20,Latin America,Electronics,Online,Completed,High,2.0,15,0.054,0.823,99.176,98.5,2,12,5528653,CUST-30055,True,0.1,4313.5,18.53
2029-06-14,44460.84,47166.6,-2705.76,-6.09,331.24,66,4121,12,747,138,North America,Books,Online,Shipped,Low,1.8,-100,0.0902,0.551,98.413,104.5,3,13,4172559,CUST-85454,False,0.0,3556.87,23.69
2029-06-15,52150.83,17640.51,34510.32,66.17,275.63,887,4509,13,1824,49,Europe,Beauty,Online,Refunded,Medium,1.5,42,0.0435,0.838,98.372,134.6,4,12,5515000,CUST-75491,True,0.26,4172.07,47.61
2029-06-16,23356.47,14144.28,9212.19,39.44,385.09,344,647,16,232,149,Asia-Pacific,Apparel,Online,Shipped,Medium,1.1,-86,0.2812,0.611,98.889,159.9,3,1,7420267,CUST-39691,True,0.16,1868.52,11.42
2029-06-17,56129.79,18006.55,38123.24,67.92,421.64,261,4991,11,400,16,Middle East,Home & Kitchen,Online,Pending,Medium,1.9,-58,0.2121,0.87,98.027,122.5,2,6,7855531,CUST-29476,False,0.0,4490.38,16.31
2029-06-18,34559.43,37186.88,-2627.45,-7.6,405.29,928,3623,12,1588,54,Middle East,Beauty,Direct Sales,Pending,Low,1.4,32,0.179,0.93,98.005,107.6,2,10,3055273,CUST-32489,False,0.0,2764.75,20.02
2029-06-19,29709.95,38998.21,-9288.26,-31.26,18.1,813,1629,10,1869,63,Middle East,Electronics,Retail Store,Pending,Low,1.2,99,0.2534,0.508,99.234,201.2,3,2,5192820,CUST-96827,False,0.0,2376.8,34.91
2029-06-20,27164.61,25899.29,1265.32,4.66,101.54,834,206,9,1451,108,Europe,Beauty,Online,Completed,High,1.5,2,0.2007,0.791,98.651,96.5,0,11,7251770,CUST-59253,False,0.0,2173.17,39.4
2029-06-21,66690.33,35465.7,31224.63,46.82,330.9,776,956,9,757,16,Europe,Apparel,Retail Store,Completed,High,1.8,24,0.062,0.469,98.048,100.4,3,10,5780824,CUST-95454,True,0.19,5335.23,29.3
2029-06-22,40561.05,41122.04,-560.99,-1.38,194.12,263,3084,21,1538,44,Asia-Pacific,Sports,Online,Completed,Low,2.7,-63,0.1629,0.705,98.92,106.4,1,8,5739398,CUST-12004,False,0.0,3244.88,31.81
2029-06-23,73005.92,44298.77,28707.15,39.32,491.42,394,4486,18,727,97,Middle East,Electronics,Direct Sales,Pending,Critical,3.3,-38,0.1698,0.038,99.871,139.3,4,1,7906148,CUST-11743,False,0.0,5840.47,26.05
2029-06-24,41962.98,28029.32,13933.66,33.2,336.05,465,4812,20,851,134,Latin America,Apparel,Direct Sales,Pending,Low,2.3,70,0.2532,0.967,98.51,103.7,2,2,4258129,CUST-28044,True,0.09,3357.04,18.27
2029-06-25,24389.63,11588.23,12801.4,52.49,478.71,268,1350,12,389,97,Middle East,Sports,Retail Store,Completed,Medium,1.6,-50,0.1462,0.894,98.502,148.6,6,7,8154086,CUST-62042,False,0.0,1951.17,31.21
2029-06-26,33252.13,23432.97,9819.16,29.53,108.71,791,1711,10,1214,112,Asia-Pacific,Home & Kitchen,Online,Pending,High,4.8,-23,0.0419,0.893,98.936,118.2,1,10,9738765,CUST-68415,False,0.0,2660.17,19.59
2029-06-27,68537.17,26585.57,41951.6,61.21,433.34,474,1890,16,160,89,Asia-Pacific,Beauty,Direct Sales,Shipped,Low,3.1,-18,0.2022,0.281,98.297,108.8,2,8,1425607,CUST-89731,True,0.27,5482.97,24.81
2029-06-28,47661.53,27928.49,19733.04,41.4,167.46,43,967,22,310,78,Latin America,Home & Kitchen,Online,Pending,Low,4.0,53,0.3396,0.283,99.276,100.3,3,3,9327736,CUST-64093,False,0.0,3812.92,45.27
2029-06-29,41775.69,28497.12,13278.57,31.79,494.89,504,2869,18,1969,131,Europe,Books,Online,Completed,Medium,3.8,-4,0.4029,0.403,99.679,119.1,1,10,2643352,CUST-12004,False,0.0,3342.06,46.27
2029-06-30,52400.27,38951.16,13449.11,25.67,87.27,335,4353,12,1261,35,Latin America,Beauty,Wholesale,Completed,Medium,2.1,73,0.0465,0.88,98.389,135.6,3,9,8225453,CUST-62925,False,0.0,4192.02,18.2
2029-07-01,57526.74,40195.43,17331.31,30.13,263.01,846,427,15,1929,109,Asia-Pacific,Sports,Direct Sales,Completed,Low,3.2,39,0.1459,0.859,99.317,118.8,4,12,1637564,CUST-76433,False,0.0,4602.14,23.67
2029-07-02,66760.98,28626.61,38134.37,57.12,398.49,247,3916,12,420,102,Latin America,Books,Retail Store,Completed,Low,3.4,-8,0.3186,0.289,99.776,128.1,3,4,6231597,CUST-74895,False,0.0,5340.88,43.61
2029-07-03,71727.49,38787.88,32939.61,45.92,221.99,700,3248,9,1431,107,Middle East,Apparel,Retail Store,Completed,High,2.4,39,0.3877,0.542,99.806,92.9,2,8,8534988,CUST-39481,False,0.0,5738.2,47.21
2029-07-04,44603.47,32861.29,11742.18,26.33,239.36,625,3481,15,1346,45,Asia-Pacific,Books,Online,Shipped,Low,3.7,-72,0.3671,0.475,99.106,94.9,2,10,4017290,CUST-13777,False,0.0,3568.28,49.97
2029-07-05,30109.28,30516.05,-406.77,-1.35,493.31,550,2474,19,1770,16,Europe,Sports,Online,Completed,Low,4.2,4,0.3291,0.651,98.305,119.8,2,6,2266227,CUST-94612,False,0.0,2408.74,23.37
2029-07-06,43798.02,37252.35,6545.67,14.95,218.4,748,2655,15,1872,75,Europe,Sports,Online,Completed,High,2.5,-40,0.169,0.214,99.318,124.2,2,12,1233829,CUST-92311,False,0.0,3503.84,23.72
2029-07-07,53904.21,30578.02,23326.19,43.27,306.0,475,1230,11,653,100,Latin America,Apparel,Wholesale,Shipped,Low,1.1,-60,0.1553,0.085,99.47,121.7,3,5,3763360,CUST-45400,False,0.0,4312.34,30.16
2029-07-08,35543.62,46462.49,-10918.87,-30.72,36.72,753,4436,19,498,26,Latin America,Home & Kitchen,Online,Completed,Low,2.4,47,0.3895,0.027,99.509,99.3,1,13,6303807,CUST-19424,False,0.0,2843.49,12.26
2029-07-09,35642.74,18492.71,17150.03,48.12,422.68,313,2582,11,1779,60,Latin America,Electronics,Online,Pending,Critical,1.5,-55,0.2088,0.381,99.869,122.6,2,9,6416038,CUST-87935,False,0.0,2851.42,36.42
2029-07-10,55156.82,25878.63,29278.19,53.08,327.6,871,3199,14,1490,20,Middle East,Home & Kitchen,Retail Store,Cancelled,High,1.6,57,0.1479,0.947,99.231,120.9,3,2,8332914,CUST-98105,False,0.0,4412.55,40.99
2029-07-11,49270.21,28987.85,20282.36,41.17,207.97,856,2851,8,1945,138,Europe,Books,Wholesale,Pending,Low,2.5,-62,0.1196,0.685,98.932,115.8,1,12,1802377,CUST-16297,False,0.0,3941.62,42.04
2029-07-12,50491.95,33515.62,16976.33,33.62,17.92,126,3420,14,910,6,Asia-Pacific,Apparel,Retail Store,Pending,High,1.8,-61,0.1036,0.749,99.005,97.2,2,12,6050213,CUST-93934,False,0.0,4039.36,5.3
2029-07-13,38622.57,40143.68,-1521.11,-3.94,299.92,216,1656,15,1461,66,Asia-Pacific,Books,Wholesale,Shipped,High,4.7,78,0.2596,0.945,98.643,138.2,1,9,3285696,CUST-65159,False,0.0,3089.81,49.08
2029-07-14,46543.99,29804.81,16739.18,35.96,16.2,921,3643,23,1411,127,Europe,Sports,Wholesale,Completed,Medium,3.6,-99,0.1293,0.422,98.115,119.6,2,5,8338541,CUST-71404,False,0.0,3723.52,31.35
2029-07-15,36136.5,18622.16,17514.34,48.47,10.59,706,4608,20,1384,46,Latin America,Electronics,Direct Sales,Completed,Medium,3.1,92,0.3282,0.474,99.435,93.7,2,7,5305449,CUST-35703,True,0.28,2890.92,5.41
2029-07-16,63352.98,36740.11,26612.87,42.01,311.89,490,668,14,1993,121,North America,Beauty,Direct Sales,Completed,Low,1.0,55,0.2501,0.36,98.04,115.6,5,7,5786012,CUST-39241,False,0.0,5068.24,34.98
2029-07-17,65528.74,36039.67,29489.07,45.0,102.62,659,1754,9,1402,121,Latin America,Beauty,Direct Sales,Completed,Low,1.4,-50,0.2068,0.181,98.128,99.6,2,2,1693567,CUST-28058,False,0.0,5242.3,18.43
2029-07-18,22307.18,14465.13,7842.05,35.15,104.02,412,3336,13,1120,47,Europe,Beauty,Retail Store,Completed,Medium,4.2,19,0.2692,0.766,98.668,120.1,6,13,9905108,CUST-60170,True,0.3,1784.57,15.2
2029-07-19,36057.34,29969.57,6087.77,16.88,330.1,844,3219,19,705,56,Middle East,Books,Direct Sales,Completed,High,2.6,-93,0.1704,0.907,99.862,170.0,1,8,1478286,CUST-42864,False,0.0,2884.59,49.75
2029-07-20,27552.06,17278.87,10273.19,37.29,36.31,685,3833,11,198,127,Latin America,Beauty,Direct Sales,Shipped,Medium,1.2,-70,0.0232,0.814,98.966,125.2,5,9,6981710,CUST-44453,False,0.0,2204.16,6.27
2029-07-21,40249.64,24682.79,15566.85,38.68,163.57,909,3329,15,399,60,Asia-Pacific,Apparel,Retail Store,Shipped,Low,4.3,-62,0.385,0.048,98.43,127.1,0,10,8233714,CUST-89964,False,0.0,3219.97,44.14
2029-07-22,48748.43,22777.53,25970.9,53.28,83.22,596,250,15,372,71,Middle East,Electronics,Wholesale,Completed,Low,2.2,87,0.1974,0.299,99.794,169.9,1,9,9323794,CUST-35300,False,0.0,3899.87,47.56
2029-07-23,28255.32,36474.12,-8218.8,-29.09,294.29,242,2372,17,914,63,Europe,Sports,Wholesale,Completed,Medium,2.5,-18,0.109,0.592,99.143,129.5,4,9,8387866,CUST-42679,False,0.0,2260.43,21.47
2029-07-24,36172.1,30934.64,5237.46,14.48,334.26,938,4451,12,1193,52,North America,Home & Kitchen,Online,Pending,Medium,4.9,43,0.0626,0.327,98.74,135.2,1,7,6520911,CUST-31263,False,0.0,2893.77,25.97
2029-07-25,34940.64,19715.27,15225.37,43.57,363.36,293,2208,14,1054,39,Latin America,Sports,Online,Shipped,Low,1.1,-78,0.2969,0.15,99.431,125.1,2,4,6618430,CUST-61754,False,0.0,2795.25,33.79
2029-07-26,53109.01,37040.53,16068.48,30.26,135.06,489,1895,10,447,140,Middle East,Apparel,Direct Sales,Completed,Medium,3.9,38,0.1837,0.538,98.882,106.5,6,5,4729041,CUST-36649,False,0.0,4248.72,6.04
2029-07-27,51040.17,18529.55,32510.62,63.7,53.73,898,2527,13,695,80,Middle East,Electronics,Retail Store,Completed,Medium,4.8,20,0.1589,0.521,99.46,135.7,2,9,3438999,CUST-68326,True,0.12,4083.21,34.43
2029-07-28,39173.94,32640.91,6533.03,16.68,48.55,776,3614,17,1270,36,Asia-Pacific,Home & Kitchen,Wholesale,Completed,Low,1.3,81,0.0384,0.71,98.437,179.6,4,9,3574424,CUST-80615,False,0.0,3133.92,10.13
2029-07-29,52652.31,23487.91,29164.4,55.39,218.81,985,448,20,462,49,Latin America,Beauty,Retail Store,Completed,Low,4.5,-32,0.0978,1.0,98.3,73.8,1,2,3106603,CUST-45845,True,0.17,4212.18,5.49
2029-07-30,41799.8,27074.58,14725.22,35.23,473.46,18,2178,25,1512,89,North America,Home & Kitchen,Online,Pending,Low,2.7,-89,0.0588,0.648,98.922,104.0,1,10,3032646,CUST-43298,True,0.16,3343.98,7.72
2029-07-31,45925.17,34034.17,11891.0,25.89,116.69,724,496,12,86,127,Middle East,Books,Direct Sales,Completed,High,4.5,-65,0.3527,0.317,98.639,90.1,3,5,3394820,CUST-16422,False,0.0,3674.01,14.84
2029-08-01,75101.78,34171.6,40930.18,54.5,135.8,911,3076,17,236,106,Asia-Pacific,Books,Online,Completed,Medium,2.2,-44,0.1123,0.956,99.21,94.1,1,13,8685203,CUST-37005,True,0.16,6008.14,23.23
2029-08-02,70106.92,40695.75,29411.17,41.95,59.44,388,2709,16,469,31,Latin America,Beauty,Online,Completed,Medium,4.9,53,0.0643,0.571,99.578,162.8,3,13,7293716,CUST-19240,False,0.0,5608.55,44.68
2029-08-03,30506.28,29341.97,1164.31,3.82,306.73,826,1258,18,774,123,Latin America,Beauty,Wholesale,Cancelled,Medium,3.6,-9,0.2396,0.646,99.803,114.5,5,7,4342227,CUST-71455,False,0.0,2440.5,25.35
2029-08-04,62445.99,32451.61,29994.38,48.03,343.14,612,245,19,1533,7,North America,Apparel,Retail Store,Completed,Low,3.5,93,0.0895,0.358,99.521,145.3,5,6,7757108,CUST-81937,True,0.27,4995.68,22.52
2029-08-05,62170.95,26498.1,35672.85,57.38,325.04,390,2326,14,1183,61,Asia-Pacific,Apparel,Wholesale,Completed,Low,4.2,-11,0.1671,0.452,98.683,96.7,5,6,2210912,CUST-76652,False,0.0,4973.68,14.28
2029-08-06,32776.05,31455.92,1320.13,4.03,431.95,853,363,16,236,125,North America,Sports,Wholesale,Pending,Medium,2.7,-97,0.3619,0.419,99.455,97.4,3,12,4637109,CUST-79177,False,0.0,2622.08,49.93
2029-08-07,62281.66,33515.89,28765.77,46.19,248.35,671,4399,14,520,5,Middle East,Books,Online,Pending,Medium,2.0,43,0.2355,0.936,99.06,84.4,0,12,2999438,CUST-32161,True,0.28,4982.53,35.0
2029-08-08,73068.98,29213.52,43855.46,60.02,75.88,369,3201,13,1151,78,Europe,Electronics,Direct Sales,Pending,Low,2.1,-79,0.2223,0.81,99.812,170.6,2,1,3852616,CUST-93976,False,0.0,5845.52,25.36
2029-08-09,33161.83,15570.0,17591.83,53.05,151.81,185,2206,10,1447,113,Europe,Apparel,Online,Completed,Low,2.3,91,0.0685,0.091,99.414,147.1,4,2,7425946,CUST-20241,True,0.28,2652.95,19.52
2029-08-10,36237.46,32651.77,3585.69,9.89,334.59,494,3180,13,859,136,North America,Electronics,Retail Store,Refunded,Medium,3.5,6,0.0243,0.314,98.3,83.2,2,7,5379067,CUST-83860,False,0.0,2899.0,26.35
2029-08-11,65264.92,32916.49,32348.43,49.56,310.43,414,1087,11,379,75,North America,Sports,Direct Sales,Completed,Medium,4.4,-31,0.295,0.056,98.156,160.0,3,4,5050715,CUST-66433,False,0.0,5221.19,38.99
2029-08-12,54072.43,24558.61,29513.82,54.58,270.19,42,1447,13,1198,14,Europe,Books,Wholesale,Completed,Low,3.0,38,0.0332,0.517,99.088,110.9,1,11,4021064,CUST-22028,False,0.0,4325.79,19.62
2029-08-13,58272.14,19724.9,38547.24,66.15,344.65,474,1460,6,1389,131,Middle East,Apparel,Retail Store,Completed,Medium,2.6,69,0.1054,0.279,98.73,135.9,2,8,5425521,CUST-97029,False,0.0,4661.77,17.35
2029-08-14,55108.84,41807.03,13301.81,24.14,322.32,705,2938,16,1007,19,North America,Electronics,Retail Store,Completed,High,4.2,-16,0.3232,0.073,98.336,121.6,4,13,6332643,CUST-14371,False,0.0,4408.71,15.13
2029-08-15,55860.44,33931.56,21928.88,39.26,441.85,166,1826,12,369,23,Middle East,Sports,Retail Store,Completed,Low,2.2,-62,0.0914,0.772,99.595,69.7,0,2,4634718,CUST-93076,True,0.3,4468.84,22.08
2029-08-16,30102.92,28167.35,1935.57,6.43,297.15,574,2389,10,524,114,Middle East,Electronics,Retail Store,Shipped,Medium,3.8,74,0.1479,0.091,98.751,91.0,1,8,7610381,CUST-22304,False,0.0,2408.23,6.39
2029-08-17,65709.77,20903.74,44806.03,68.19,391.51,817,1007,15,1562,50,Asia-Pacific,Apparel,Online,Completed,Medium,1.4,49,0.058,0.272,98.172,167.4,2,9,5562702,CUST-81729,False,0.0,5256.78,38.57
2029-08-18,67543.85,23425.48,44118.37,65.32,131.87,211,1283,13,875,22,Middle East,Beauty,Retail Store,Shipped,Low,1.5,-71,0.2578,0.772,98.525,152.9,2,10,6112305,CUST-81367,False,0.0,5403.51,47.93
2029-08-19,46559.14,40420.72,6138.42,13.18,342.31,795,2924,12,563,110,Latin America,Sports,Online,Pending,High,3.6,57,0.1237,0.512,99.354,84.2,2,10,8247425,CUST-34344,True,0.19,3724.73,45.74
2029-08-20,49347.85,31101.3,18246.55,36.98,452.08,184,1358,17,383,7,Europe,Sports,Direct Sales,Shipped,High,1.3,60,0.0914,0.817,99.296,127.3,1,1,3677310,CUST-58767,False,0.0,3947.83,39.49
2029-08-21,27033.39,25595.3,1438.09,5.32,199.01,253,298,16,1144,74,Europe,Home & Kitchen,Retail Store,Shipped,High,1.6,3,0.0195,0.414,98.525,112.5,3,12,8815798,CUST-13061,False,0.0,2162.67,36.39
2029-08-22,57713.82,34077.51,23636.31,40.95,391.76,278,1156,10,514,26,North America,Beauty,Online,Pending,Low,3.5,57,0.0878,0.815,98.682,160.0,2,11,3350456,CUST-95976,False,0.0,4617.11,18.46
2029-08-23,58580.86,23484.81,35096.05,59.91,365.15,932,2555,8,1449,59,North America,Sports,Retail Store,Pending,High,2.8,64,0.2204,0.538,98.1,112.8,1,6,9947679,CUST-86190,False,0.0,4686.47,9.88
2029-08-24,49067.13,42006.74,7060.39,14.39,39.17,455,3465,16,773,122,Asia-Pacific,Home & Kitchen,Direct Sales,Pending,Medium,3.2,-48,0.077,0.088,99.907,93.1,1,4,4488371,CUST-34058,False,0.0,3925.37,24.91
2029-08-25,66865.3,40822.4,26042.9,38.95,294.94,83,1360,9,57,45,Asia-Pacific,Electronics,Wholesale,Completed,Low,4.9,57,0.3415,0.471,98.654,145.8,2,6,2023514,CUST-68971,False,0.0,5349.22,42.97
2029-08-26,44988.84,26267.41,18721.43,41.61,73.79,105,4078,27,1769,114,Latin America,Apparel,Direct Sales,Completed,Low,3.5,53,0.2401,0.554,99.859,161.6,2,8,7229183,CUST-28934,False,0.0,3599.11,29.39
2029-08-27,58469.09,24970.64,33498.45,57.29,483.99,882,2935,21,213,121,North America,Sports,Wholesale,Completed,High,3.4,33,0.1938,0.612,99.628,133.8,1,13,1135672,CUST-73790,False,0.0,4677.53,37.01
2029-08-28,34705.03,9054.93,25650.1,73.91,407.59,182,1413,22,830,140,Europe,Books,Online,Shipped,Medium,2.5,-47,0.211,0.928,98.67,140.0,5,8,6764283,CUST-60126,False,0.0,2776.4,46.4
2029-08-29,49646.72,18147.35,31499.37,63.45,63.76,908,2002,19,1368,69,Latin America,Apparel,Direct Sales,Completed,High,3.5,83,0.2343,0.184,99.388,78.2,2,8,3186460,CUST-20218,False,0.0,3971.74,35.65
2029-08-30,47384.69,19284.24,28100.45,59.3,69.66,415,4075,20,407,135,North America,Beauty,Online,Completed,Low,1.1,31,0.1153,0.606,98.947,75.3,4,11,7337447,CUST-54850,False,0.0,3790.78,8.07
2029-08-31,53379.62,31081.52,22298.1,41.77,301.29,164,677,13,130,74,Latin America,Home & Kitchen,Direct Sales,Completed,High,3.2,-22,0.1746,0.752,99.953,72.8,1,3,4323667,CUST-17734,True,0.09,4270.37,9.19
2029-09-01,44457.1,27390.13,17066.97,38.39,179.0,192,4530,19,823,22,Middle East,Apparel,Retail Store,Pending,Low,1.3,-65,0.1328,0.89,99.277,156.8,1,4,1843570,CUST-64331,False,0.0,3556.57,8.65
2029-09-02,48027.91,19237.32,28790.59,59.95,27.1,332,1120,13,1348,121,Middle East,Home & Kitchen,Wholesale,Refunded,Low,1.9,-38,0.0955,0.525,99.038,106.4,3,12,2716100,CUST-73898,False,0.0,3842.23,21.1
2029-09-03,62390.71,27750.69,34640.02,55.52,275.4,298,3753,19,970,5,Latin America,Beauty,Retail Store,Shipped,Critical,3.3,30,0.0919,0.214,99.276,148.9,3,13,5818385,CUST-60765,False,0.0,4991.26,17.94
2029-09-04,43448.54,34042.7,9405.84,21.65,200.04,267,3944,9,948,26,North America,Beauty,Online,Pending,Low,3.7,-44,0.1076,0.818,98.44,99.0,2,5,8006791,CUST-10396,False,0.0,3475.88,9.94
2029-09-05,25901.34,34222.71,-8321.37,-32.13,59.53,596,3673,14,1690,99,Middle East,Apparel,Retail Store,Completed,Medium,2.5,-21,0.0438,0.905,98.613,119.5,5,6,9562775,CUST-25339,False,0.0,2072.11,22.63
2029-09-06,76243.76,14802.64,61441.12,80.59,402.94,183,2393,11,1894,140,Middle East,Sports,Wholesale,Completed,High,2.7,-85,0.1506,0.106,99.425,91.8,2,2,3411909,CUST-83391,False,0.0,6099.5,13.72
2029-09-07,70721.81,28973.89,41747.92,59.03,458.39,339,710,20,1613,119,Latin America,Books,Wholesale,Completed,High,3.0,67,0.0281,0.23,98.167,108.5,2,9,9527999,CUST-25339,False,0.0,5657.74,22.36
2029-09-08,30616.06,18933.27,11682.79,38.16,380.73,240,428,19,971,66,Middle East,Sports,Wholesale,Completed,Medium,4.0,80,0.1014,0.871,98.605,60.2,2,12,6742727,CUST-34973,False,0.0,2449.28,25.0
2029-09-09,60345.62,37213.83,23131.79,38.33,412.99,768,646,17,1120,23,Europe,Books,Wholesale,Completed,Medium,1.1,19,0.3611,0.484,99.239,108.9,2,1,4046421,CUST-89083,True,0.29,4827.65,5.23
2029-09-10,42455.38,36273.17,6182.21,14.56,116.08,170,438,17,1465,63,Middle East,Home & Kitchen,Wholesale,Cancelled,Medium,2.8,33,0.2307,0.169,99.991,105.8,1,12,7938921,CUST-38963,False,0.0,3396.43,36.36
2029-09-11,53952.31,22815.78,31136.53,57.71,139.15,195,3281,11,874,128,Latin America,Apparel,Online,Completed,Low,1.1,48,0.1944,0.645,99.851,60.7,1,8,8117516,CUST-61622,True,0.07,4316.18,21.73
2029-09-12,54413.36,23871.64,30541.72,56.13,112.18,912,3141,19,1640,84,Middle East,Electronics,Retail Store,Completed,Low,2.3,-92,0.1914,0.458,99.664,134.9,1,3,5804315,CUST-10644,True,0.2,4353.07,39.98
2029-09-13,46483.88,26309.86,20174.02,43.4,384.88,152,906,20,1067,26,Middle East,Beauty,Direct Sales,Cancelled,Low,3.1,90,0.1448,0.968,99.002,140.1,4,5,6778524,CUST-98942,False,0.0,3718.71,10.16
2029-09-14,38243.52,11977.65,26265.87,68.68,474.48,291,1133,13,1152,87,Asia-Pacific,Sports,Retail Store,Completed,Low,1.3,70,0.1457,0.223,99.609,96.8,3,11,4464004,CUST-15703,False,0.0,3059.48,18.08
2029-09-15,39641.88,32687.75,6954.13,17.54,361.25,916,3373,13,1586,72,Latin America,Home & Kitchen,Retail Store,Completed,Low,2.9,99,0.0532,0.362,99.118,77.8,1,12,7198146,CUST-58641,False,0.0,3171.35,17.12
2029-09-16,36257.12,27817.24,8439.88,23.28,441.92,649,4087,18,729,9,Latin America,Beauty,Online,Completed,Low,4.7,-73,0.3628,0.166,98.917,180.6,2,6,4555455,CUST-13166,True,0.25,2900.57,5.45
2029-09-17,37522.67,37761.4,-238.73,-0.64,322.96,687,3433,11,1096,9,Asia-Pacific,Home & Kitchen,Online,Completed,Low,3.7,-56,0.1342,0.05,98.447,129.0,1,13,9232474,CUST-72502,True,0.26,3001.81,26.58
2029-09-18,48992.33,21212.73,27779.6,56.7,199.95,36,2840,19,1301,28,Asia-Pacific,Apparel,Online,Pending,Low,4.1,-43,0.2265,0.274,99.902,36.7,3,10,2931798,CUST-31883,False,0.0,3919.39,48.36
2029-09-19,39263.6,25047.02,14216.58,36.21,218.62,255,4625,15,487,133,Europe,Home & Kitchen,Online,Completed,Medium,3.3,-72,0.0171,0.82,99.196,105.0,1,7,6488351,CUST-72670,True,0.07,3141.09,5.62
2029-09-20,60230.78,17947.8,42282.98,70.2,46.91,496,1796,15,1371,118,Middle East,Home & Kitchen,Retail Store,Pending,Low,4.6,-6,0.0199,0.267,99.351,97.2,3,5,3081584,CUST-35783,False,0.0,4818.46,32.97
2029-09-21,72308.69,21965.68,50343.01,69.62,25.41,656,3750,16,995,32,North America,Electronics,Wholesale,Shipped,High,1.6,20,0.1368,0.696,98.282,94.6,0,5,5086623,CUST-15968,False,0.0,5784.7,43.55
2029-09-22,41299.2,20544.14,20755.06,50.26,350.78,906,2182,13,1333,51,North America,Home & Kitchen,Wholesale,Completed,High,2.8,81,0.1777,0.526,98.862,158.2,2,6,9982001,CUST-72830,False,0.0,3303.94,40.67
2029-09-23,53591.07,37967.79,15623.28,29.15,224.83,211,2098,20,825,89,Asia-Pacific,Books,Online,Completed,Low,3.4,-44,0.0043,0.52,99.929,128.9,5,12,4569970,CUST-94000,False,0.0,4287.29,17.93
2029-09-24,57495.28,24413.91,33081.37,57.54,280.59,30,4752,17,725,23,Latin America,Home & Kitchen,Direct Sales,Pending,Low,4.5,-68,0.1474,0.782,99.515,142.2,5,1,8815627,CUST-61141,True,0.29,4599.62,12.88
2029-09-25,57080.03,30993.41,26086.62,45.7,283.25,600,1785,18,59,91,Latin America,Home & Kitchen,Retail Store,Completed,Medium,2.2,97,0.2362,0.618,99.766,115.2,3,5,6469004,CUST-42697,True,0.09,4566.4,14.64
2029-09-26,51139.33,26953.89,24185.44,47.29,145.91,679,4686,12,1701,146,Europe,Apparel,Retail Store,Completed,High,1.0,91,0.0829,0.16,98.792,149.9,1,12,7507511,CUST-16865,True,0.25,4091.15,20.59
2029-09-27,61140.24,19844.28,41295.96,67.54,243.19,103,1703,17,207,74,North America,Home & Kitchen,Direct Sales,Pending,Low,4.9,7,0.2174,0.221,98.133,106.9,3,6,7404011,CUST-60077,False,0.0,4891.22,9.65
2029-09-28,57233.73,28653.6,28580.13,49.94,240.67,17,4449,17,917,118,Latin America,Electronics,Online,Completed,Low,1.1,31,0.1139,0.544,98.703,128.1,3,5,9942492,CUST-27470,False,0.0,4578.7,17.3
2029-09-29,31435.06,34792.83,-3357.77,-10.68,200.33,481,4212,11,833,12,Europe,Apparel,Retail Store,Cancelled,Low,1.6,-85,0.2326,0.845,98.752,137.1,3,4,8309094,CUST-93197,False,0.0,2514.8,15.3
2029-09-30,63037.34,20337.92,42699.42,67.74,412.13,348,360,13,1231,41,Europe,Beauty,Direct Sales,Completed,Medium,2.7,30,0.2148,0.152,98.602,98.2,4,3,5616719,CUST-43673,False,0.0,5042.99,48.73
2029-10-01,63309.36,36472.9,26836.46,42.39,231.07,268,3896,15,369,90,Asia-Pacific,Books,Wholesale,Completed,Critical,3.0,-12,0.1012,0.107,99.053,46.6,2,8,4622916,CUST-70277,False,0.0,5064.75,35.17
2029-10-02,38550.71,23202.23,15348.48,39.81,305.79,64,2875,22,1949,76,North America,Books,Direct Sales,Shipped,High,4.3,90,0.1171,0.518,98.384,60.7,2,8,3524793,CUST-25097,False,0.0,3084.06,33.2
2029-10-03,50569.07,26136.13,24432.94,48.32,448.8,920,600,14,1275,129,Europe,Beauty,Direct Sales,Completed,Medium,2.8,-20,0.1645,0.189,99.875,200.9,5,7,5867128,CUST-40847,False,0.0,4045.53,44.8
2029-10-04,60249.93,34245.46,26004.47,43.16,434.45,557,1115,18,170,14,Europe,Home & Kitchen,Online,Completed,Medium,3.2,49,0.2074,0.994,99.815,142.8,2,12,3728723,CUST-48839,False,0.0,4819.99,12.91
2029-10-05,46860.29,24692.51,22167.78,47.31,446.31,15,2433,17,188,71,Europe,Electronics,Retail Store,Cancelled,Low,1.8,-19,0.2405,0.004,98.523,144.4,3,3,7444895,CUST-68501,False,0.0,3748.82,8.23
2029-10-06,66094.67,30300.6,35794.07,54.16,142.3,386,2154,20,723,145,North America,Electronics,Direct Sales,Completed,Medium,3.3,-5,0.0351,0.449,99.303,169.8,2,3,4901103,CUST-94638,False,0.0,5287.57,44.52
2029-10-07,85458.09,27482.47,57975.62,67.84,27.14,563,4063,23,1793,43,Asia-Pacific,Electronics,Retail Store,Completed,Low,2.4,45,0.1205,0.163,99.002,80.6,3,9,1145073,CUST-78963,False,0.0,6836.65,20.85
2029-10-08,38210.21,31034.94,7175.27,18.78,137.92,59,3774,15,1640,68,Middle East,Electronics,Retail Store,Completed,Low,1.4,-44,0.3429,0.681,98.5,94.6,2,3,9626689,CUST-32944,True,0.22,3056.82,22.32
2029-10-09,29284.33,10954.09,18330.24,62.59,146.57,121,4155,16,1412,34,Latin America,Home & Kitchen,Online,Completed,Low,4.8,52,0.1167,0.63,99.794,81.3,0,12,6359755,CUST-51801,True,0.28,2342.75,6.38
2029-10-10,54557.28,15362.55,39194.73,71.84,455.59,155,2806,27,1333,136,North America,Beauty,Wholesale,Pending,Medium,1.3,-73,0.0391,0.807,98.462,202.5,2,1,9454566,CUST-56270,False,0.0,4364.58,5.68
2029-10-11,60823.44,34927.74,25895.7,42.58,328.13,239,2199,12,1506,49,North America,Beauty,Retail Store,Completed,High,3.7,67,0.2055,0.563,99.249,85.1,1,7,9089192,CUST-99253,True,0.29,4865.88,36.44
2029-10-12,46537.0,38297.45,8239.55,17.71,50.03,732,2665,15,93,138,North America,Books,Online,Pending,Medium,4.6,50,0.0675,0.189,98.671,163.9,2,1,9122529,CUST-88361,False,0.0,3722.96,33.99
2029-10-13,71798.91,22716.11,49082.8,68.36,76.34,506,3117,14,1232,20,Middle East,Beauty,Online,Completed,Low,1.7,35,0.1568,0.053,99.652,96.9,1,9,7387467,CUST-62456,False,0.0,5743.91,17.74
2029-10-14,29920.91,28047.77,1873.14,6.26,86.28,315,208,15,865,26,Latin America,Electronics,Direct Sales,Cancelled,Low,1.9,40,0.3753,0.722,99.241,123.0,5,7,2710853,CUST-53592,False,0.0,2393.67,14.62
2029-10-15,60393.78,32357.75,28036.03,46.42,318.91,551,3522,21,1428,25,Latin America,Home & Kitchen,Retail Store,Completed,Low,2.7,71,0.2703,0.44,99.665,164.5,2,3,4503189,CUST-92328,True,0.14,4831.5,40.93
2029-10-16,40912.09,35545.74,5366.35,13.12,370.35,470,165,14,147,28,Europe,Apparel,Online,Pending,Low,2.2,20,0.2246,0.222,98.695,130.0,5,12,4290532,CUST-67622,False,0.0,3272.97,8.65
2029-10-17,75790.67,13778.58,62012.09,81.82,431.23,816,3181,21,1611,68,Europe,Apparel,Wholesale,Cancelled,Medium,4.0,-54,0.1416,0.252,98.022,115.4,0,5,6813994,CUST-68178,False,0.0,6063.25,33.23
2029-10-18,79887.73,22911.68,56976.05,71.32,470.91,637,4397,12,1944,145,Asia-Pacific,Electronics,Direct Sales,Completed,Low,2.4,-91,0.0947,0.149,98.443,199.4,2,7,2706265,CUST-14639,False,0.0,6391.02,9.54
2029-10-19,38500.15,27339.36,11160.79,28.99,108.84,917,3048,11,1783,30,North America,Sports,Wholesale,Completed,Medium,4.9,-60,0.2119,0.284,99.629,55.8,4,13,2418862,CUST-63961,False,0.0,3080.01,49.03
2029-10-20,41756.64,35625.12,6131.52,14.68,161.79,235,313,12,1682,102,Asia-Pacific,Books,Online,Completed,Medium,4.4,94,0.0658,0.792,98.634,87.0,1,1,5887489,CUST-81214,False,0.0,3340.53,49.24
2029-10-21,62893.82,49987.44,12906.38,20.52,127.76,68,4522,18,288,24,North America,Apparel,Direct Sales,Refunded,Low,4.6,-27,0.1061,0.621,98.639,109.2,1,10,1794202,CUST-33949,False,0.0,5031.51,17.29
2029-10-22,44193.04,28175.95,16017.09,36.24,185.79,85,1140,18,524,65,Latin America,Sports,Retail Store,Shipped,Medium,1.3,76,0.1347,0.987,98.899,156.5,1,7,2840763,CUST-26408,False,0.0,3535.44,33.64
2029-10-23,49318.83,18744.18,30574.65,61.99,458.19,437,4718,15,573,128,Asia-Pacific,Electronics,Direct Sales,Cancelled,Low,1.7,91,0.0334,0.524,98.549,102.4,3,6,9628132,CUST-29130,False,0.0,3945.51,5.74
2029-10-24,50380.83,33218.14,17162.69,34.07,291.81,737,1087,16,606,138,Latin America,Home & Kitchen,Direct Sales,Pending,Medium,1.7,-86,0.4537,0.521,99.614,153.9,3,13,6999504,CUST-20677,False,0.0,4030.47,19.89
2029-10-25,21204.9,40567.97,-19363.07,-91.31,371.71,141,3295,17,1465,13,Europe,Apparel,Wholesale,Completed,High,3.7,88,0.0957,0.191,98.643,59.7,0,4,1421863,CUST-94743,False,0.0,1696.39,15.68
2029-10-26,49792.43,30864.11,18928.32,38.01,250.16,941,603,14,58,132,Latin America,Electronics,Retail Store,Completed,Medium,1.0,-27,0.3724,0.586,99.208,160.2,1,1,3133059,CUST-31895,False,0.0,3983.39,18.18
2029-10-27,39654.08,22746.81,16907.27,42.64,24.14,507,855,12,1586,105,Middle East,Apparel,Online,Cancelled,Low,4.2,-49,0.1284,0.608,98.902,151.3,2,10,3636858,CUST-88180,False,0.0,3172.33,23.54
2029-10-28,42603.16,37663.95,4939.21,11.59,41.46,825,1441,10,1462,20,Asia-Pacific,Home & Kitchen,Wholesale,Completed,High,3.2,73,0.2286,0.207,98.575,82.4,2,7,6406437,CUST-14350,False,0.0,3408.25,23.74
2029-10-29,71654.48,35308.36,36346.12,50.72,273.58,919,2688,15,1912,8,North America,Beauty,Retail Store,Completed,Medium,3.3,-42,0.1395,0.088,98.531,118.8,0,4,4502567,CUST-34292,False,0.0,5732.36,22.65
2029-10-30,31152.4,21791.35,9361.05,30.05,362.21,602,1481,14,1283,36,Latin America,Beauty,Online,Completed,Medium,3.1,75,0.097,0.369,99.004,110.6,2,6,5307102,CUST-14960,False,0.0,2492.19,42.01
2029-10-31,62198.08,33051.4,29146.68,46.86,115.51,314,3087,5,1127,88,Asia-Pacific,Home & Kitchen,Direct Sales,Completed,Medium,3.1,17,0.2725,0.172,98.422,135.8,3,2,1126107,CUST-27503,False,0.0,4975.85,7.51
2029-11-01,45815.56,37978.12,7837.44,17.11,363.74,76,2944,13,665,97,North America,Home & Kitchen,Retail Store,Completed,Low,1.8,-62,0.1806,0.503,98.691,160.6,4,13,6352547,CUST-10234,False,0.0,3665.24,19.59
2029-11-02,45803.6,39455.12,6348.48,13.86,407.23,239,2619,20,201,132,Asia-Pacific,Beauty,Wholesale,Pending,Medium,2.1,25,0.0329,0.526,98.079,96.1,0,2,4498265,CUST-12684,False,0.0,3664.29,6.1
2029-11-03,61855.58,29468.41,32387.17,52.36,211.83,992,3826,17,459,21,Asia-Pacific,Home & Kitchen,Online,Completed,Medium,3.0,-59,0.216,0.608,99.581,132.9,0,11,8263697,CUST-31245,True,0.17,4948.45,8.63
2029-11-04,55100.77,27135.36,27965.41,50.75,375.75,342,1987,15,59,45,Middle East,Home & Kitchen,Online,Completed,High,3.7,-50,0.3617,0.603,98.087,128.6,2,11,8500072,CUST-28761,False,0.0,4408.06,40.62
2029-11-05,58559.19,39818.19,18741.0,32.0,207.97,914,1423,17,1006,49,Latin America,Home & Kitchen,Retail Store,Completed,Low,2.1,-51,0.1489,0.675,99.745,124.4,4,7,9236319,CUST-21627,False,0.0,4684.74,12.43
2029-11-06,64522.77,20318.72,44204.05,68.51,342.39,286,3909,11,601,20,Middle East,Beauty,Retail Store,Pending,Low,4.2,-9,0.2095,0.23,98.095,170.9,1,1,3041316,CUST-29496,False,0.0,5161.82,20.6
2029-11-07,45030.37,33508.63,11521.74,25.59,384.36,882,3847,16,605,24,Europe,Beauty,Direct Sales,Completed,High,4.2,4,0.0606,0.731,99.696,125.6,3,7,2092962,CUST-77896,False,0.0,3602.43,42.62
2029-11-08,40816.45,19039.79,21776.66,53.35,496.04,593,2231,14,929,46,Asia-Pacific,Sports,Online,Completed,Low,2.1,-35,0.0487,0.525,99.288,77.5,2,11,7273329,CUST-72169,False,0.0,3265.32,36.69
2029-11-09,33722.74,38523.01,-4800.27,-14.23,179.24,730,2524,12,317,14,Latin America,Apparel,Direct Sales,Cancelled,High,3.2,68,0.0785,0.437,99.012,145.8,3,2,9382466,CUST-84956,False,0.0,2697.82,14.09
2029-11-10,37618.84,27935.64,9683.2,25.74,211.41,793,3484,17,1063,56,Europe,Beauty,Direct Sales,Completed,Low,2.4,-43,0.139,0.648,98.29,176.0,3,11,3974205,CUST-51800,False,0.0,3009.51,49.62
2029-11-11,94236.42,40148.67,54087.75,57.4,91.15,153,2351,13,1863,37,Europe,Apparel,Wholesale,Completed,Low,1.8,26,0.2047,0.501,98.514,124.9,1,9,4232698,CUST-90011,False,0.0,7538.91,17.04
2029-11-12,68670.19,33931.3,34738.89,50.59,110.0,260,1108,11,716,131,Middle East,Beauty,Wholesale,Completed,Low,4.2,-97,0.0768,0.526,99.38,167.3,1,13,8069040,CUST-90439,False,0.0,5493.62,17.82
2029-11-13,29733.88,20214.24,9519.64,32.02,349.76,805,1417,10,500,54,Europe,Books,Retail Store,Completed,High,5.0,76,0.0837,0.023,99.024,105.3,1,7,6865255,CUST-25510,False,0.0,2378.71,34.33
2029-11-14,30163.13,41397.02,-11233.89,-37.24,459.35,700,3316,18,643,105,North America,Apparel,Retail Store,Completed,Low,3.3,30,0.2348,0.802,99.029,134.5,3,9,5004279,CUST-62440,False,0.0,2413.05,37.01
2029-11-15,57227.99,42409.96,14818.03,25.89,203.36,961,4734,12,1270,104,North America,Home & Kitchen,Retail Store,Shipped,Low,4.7,-69,0.2258,0.424,98.266,65.3,4,9,4890871,CUST-66284,False,0.0,4578.24,31.31
2029-11-16,58208.97,37058.29,21150.68,36.34,98.12,89,116,15,447,92,North America,Books,Wholesale,Completed,Low,3.6,74,0.0949,0.518,98.95,98.7,0,8,8002701,CUST-77232,False,0.0,4656.72,12.3
2029-11-17,58233.26,23907.3,34325.96,58.95,149.7,66,4770,14,970,83,Europe,Sports,Direct Sales,Shipped,Low,3.3,-39,0.2585,0.39,99.181,125.9,2,2,7125069,CUST-55457,False,0.0,4658.66,8.41
2029-11-18,46175.66,27551.89,18623.77,40.33,232.98,375,1902,7,1125,102,Asia-Pacific,Beauty,Direct Sales,Cancelled,Medium,2.9,43,0.2214,0.552,98.245,143.4,0,6,2818429,CUST-78136,True,0.05,3694.05,46.98
2029-11-19,48118.19,31163.42,16954.77,35.24,152.42,317,2723,18,1808,72,Latin America,Beauty,Wholesale,Completed,Low,1.9,95,0.0485,0.054,99.949,135.3,2,10,5881006,CUST-92749,True,0.27,3849.46,20.66
2029-11-20,54918.19,24370.32,30547.87,55.62,124.45,183,229,11,1542,82,North America,Sports,Retail Store,Completed,Low,1.3,-83,0.0586,0.384,99.66,164.8,1,4,1955460,CUST-82761,False,0.0,4393.46,43.18
2029-11-21,51288.4,43538.77,7749.63,15.11,370.63,471,1573,13,1441,136,North America,Books,Retail Store,Pending,Low,2.8,33,0.1899,0.669,98.635,66.5,1,6,4556506,CUST-60659,True,0.23,4103.07,12.73
2029-11-22,16710.49,31154.61,-14444.12,-86.44,13.84,759,1049,13,1447,32,North America,Electronics,Direct Sales,Completed,Medium,3.2,5,0.2879,0.938,99.127,171.4,3,11,6232430,CUST-11539,False,0.0,1336.84,27.79
2029-11-23,46553.01,8373.22,38179.79,82.01,274.22,687,4096,14,1132,33,Middle East,Home & Kitchen,Online,Pending,Low,3.0,-36,0.2179,0.849,99.118,95.0,2,13,1128835,CUST-86556,False,0.0,3724.24,44.5
2029-11-24,37228.9,32714.85,4514.05,12.13,398.95,605,1168,8,343,86,Middle East,Apparel,Online,Pending,Medium,3.8,-21,0.246,0.963,98.213,77.0,5,4,4961942,CUST-12590,False,0.0,2978.31,22.2
2029-11-25,52628.17,27214.74,25413.43,48.29,140.45,502,4411,14,837,126,North America,Books,Online,Completed,Low,1.8,-64,0.3016,0.782,98.876,156.3,2,2,5296685,CUST-57716,False,0.0,4210.25,5.73
2029-11-26,94778.89,29400.59,65378.3,68.98,305.61,569,1723,12,1919,109,North America,Apparel,Online,Completed,Low,2.4,-28,0.0291,0.633,98.416,81.1,0,13,7124570,CUST-96263,False,0.0,7582.31,47.47
2029-11-27,55512.22,27051.05,28461.17,51.27,337.76,648,2995,14,1861,76,Middle East,Beauty,Retail Store,Completed,High,2.7,90,0.3499,0.423,98.666,169.5,2,10,8303271,CUST-84525,True,0.08,4440.98,33.58
2029-11-28,45297.05,36456.37,8840.68,19.52,330.96,690,2836,12,1001,114,Latin America,Electronics,Wholesale,Completed,High,1.7,-20,0.4118,0.123,99.888,43.6,5,7,2269818,CUST-29703,False,0.0,3623.76,14.8
2029-11-29,63827.02,38957.5,24869.52,38.96,228.47,875,2412,20,918,117,Asia-Pacific,Sports,Wholesale,Completed,Low,4.6,-1,0.131,0.251,99.103,93.6,9,11,8456919,CUST-94830,False,0.0,5106.16,39.16
2029-11-30,57240.32,32264.43,24975.89,43.63,179.82,383,2046,14,159,145,Latin America,Electronics,Online,Shipped,Medium,3.7,-42,0.238,0.271,98.134,150.7,3,9,7740917,CUST-43398,False,0.0,4579.23,16.01
2029-12-01,56301.42,27285.51,29015.91,51.54,419.6,964,716,9,1615,47,Asia-Pacific,Apparel,Wholesale,Completed,Medium,1.4,-6,0.0647,0.428,99.345,143.5,3,13,8615586,CUST-73321,True,0.19,4504.11,8.31
2029-12-02,59102.76,29669.3,29433.46,49.8,381.64,358,1969,18,156,13,Europe,Sports,Direct Sales,Pending,High,3.9,61,0.382,0.61,99.997,27.8,0,5,7976397,CUST-38592,False,0.0,4728.22,5.65
2029-12-03,80848.15,30156.8,50691.35,62.7,167.42,76,400,7,1062,44,Europe,Beauty,Online,Completed,High,3.2,-64,0.1427,0.619,98.335,96.8,4,4,6615173,CUST-21340,False,0.0,6467.85,5.32
2029-12-04,33036.67,23580.56,9456.11,28.62,60.48,339,1084,15,346,50,Latin America,Sports,Retail Store,Shipped,Medium,3.1,61,0.045,0.456,99.366,59.9,0,13,3194483,CUST-95596,False,0.0,2642.93,9.79
2029-12-05,57104.48,34631.43,22473.05,39.35,45.19,861,3791,14,1925,62,Middle East,Sports,Online,Shipped,Critical,5.0,72,0.1358,0.275,99.649,124.8,2,7,2187935,CUST-87873,False,0.0,4568.36,25.12
2029-12-06,36104.28,33680.34,2423.94,6.71,56.2,203,4601,14,888,144,North America,Electronics,Direct Sales,Shipped,Critical,3.5,0,0.1295,0.056,99.688,121.8,3,5,4186900,CUST-24591,True,0.22,2888.34,48.67
2029-12-07,58332.69,42323.53,16009.16,27.44,295.61,164,3526,10,1904,105,Europe,Home & Kitchen,Wholesale,Completed,Medium,4.6,28,0.0585,0.989,99.415,111.3,1,10,4125012,CUST-26537,False,0.0,4666.62,27.8
2029-12-08,36219.7,40042.8,-3823.1,-10.56,35.31,169,260,17,1168,29,Middle East,Beauty,Wholesale,Completed,Medium,4.7,-48,0.2709,0.94,99.82,116.3,0,11,9197277,CUST-27958,False,0.0,2897.58,15.47
2029-12-09,43739.5,24514.6,19224.9,43.95,175.09,705,125,15,1870,93,Middle East,Books,Wholesale,Completed,Medium,1.4,-39,0.216,0.183,98.064,81.4,1,12,3781909,CUST-54757,False,0.0,3499.16,40.38
2029-12-10,45573.65,36562.39,9011.26,19.77,379.07,275,182,15,1792,148,Asia-Pacific,Books,Retail Store,Completed,Low,1.0,42,0.1318,0.605,98.128,94.3,1,8,8510930,CUST-94787,False,0.0,3645.89,42.12
2029-12-11,64637.25,22392.37,42244.88,65.36,154.23,177,272,16,1034,128,Europe,Books,Online,Refunded,Medium,2.7,-50,0.1256,0.296,98.269,157.3,1,2,9591738,CUST-11698,False,0.0,5170.98,32.22
2029-12-12,63776.82,35567.46,28209.36,44.23,384.02,154,1098,10,894,103,Latin America,Home & Kitchen,Retail Store,Completed,Medium,4.1,-87,0.3633,0.194,98.087,102.9,3,4,1592640,CUST-84107,False,0.0,5102.15,20.88
2029-12-13,31314.24,25867.09,5447.15,17.4,375.28,195,3241,12,1757,128,Middle East,Beauty,Direct Sales,Pending,Low,4.3,7,0.0333,0.684,98.24,100.0,4,4,3817004,CUST-80676,False,0.0,2505.14,23.27
2029-12-14,50824.01,21813.97,29010.04,57.08,130.46,895,2982,13,1545,28,Latin America,Sports,Retail Store,Shipped,High,4.1,-3,0.0848,0.786,99.634,159.9,3,11,4072276,CUST-26968,False,0.0,4065.92,35.82
2029-12-15,39356.3,32240.36,7115.94,18.08,367.12,874,4201,16,128,111,Latin America,Apparel,Online,Completed,High,2.8,-42,0.1963,0.407,99.793,78.7,2,11,4405671,CUST-75718,False,0.0,3148.5,12.02
2029-12-16,31122.43,8603.46,22518.97,72.36,376.41,783,2943,15,1323,18,Europe,Apparel,Wholesale,Completed,Low,4.0,79,0.1288,0.059,98.672,171.8,3,7,2408175,CUST-43319,True,0.2,2489.79,9.7
2029-12-17,46744.74,15992.2,30752.54,65.79,204.75,432,4720,15,779,26,Latin America,Beauty,Wholesale,Completed,High,3.9,-100,0.1527,0.401,99.914,174.8,1,1,8307337,CUST-55384,False,0.0,3739.58,17.1
2029-12-18,45372.76,28580.06,16792.7,37.01,113.11,795,2210,11,388,132,Latin America,Home & Kitchen,Wholesale,Completed,Low,2.3,44,0.4459,0.532,98.837,84.5,4,10,6841366,CUST-64992,True,0.13,3629.82,34.09
2029-12-19,86400.75,30659.53,55741.22,64.51,265.42,466,3184,13,106,35,North America,Beauty,Wholesale,Pending,Medium,1.7,-45,0.2506,0.893,98.344,152.2,3,3,9333427,CUST-46128,False,0.0,6912.06,21.4
2029-12-20,56494.4,27045.45,29448.95,52.13,461.48,849,2145,13,969,89,Latin America,Apparel,Retail Store,Shipped,Medium,3.5,32,0.0785,0.657,99.363,44.3,5,12,4131339,CUST-30560,False,0.0,4519.55,12.33
2029-12-21,29335.74,17364.51,11971.23,40.81,323.41,354,860,12,196,62,North America,Beauty,Online,Completed,Medium,3.7,44,0.2305,0.71,98.841,123.6,2,8,9392655,CUST-60778,False,0.0,2346.86,31.59
2029-12-22,41528.39,23456.87,18071.52,43.52,94.73,744,304,14,795,73,Europe,Books,Online,Completed,Medium,3.3,-83,0.1674,0.203,98.039,84.7,2,12,2147318,CUST-31978,False,0.0,3322.27,24.99
2029-12-23,65320.75,33129.67,32191.08,49.28,344.55,563,3202,15,1090,110,Latin America,Sports,Online,Completed,High,1.9,-12,0.0555,0.72,99.933,137.7,3,4,2456386,CUST-58365,False,0.0,5225.66,37.77
2029-12-24,81326.64,34654.25,46672.39,57.39,219.33,525,2135,12,417,89,Middle East,Beauty,Retail Store,Completed,Medium,2.1,-46,0.1997,0.502,99.196,131.0,2,10,4718517,CUST-44180,False,0.0,6506.13,37.01
2029-12-25,26210.25,29870.22,-3659.97,-13.96,299.85,797,1652,16,758,6,Latin America,Sports,Wholesale,Completed,Medium,3.8,-54,0.2054,0.82,99.227,110.3,3,13,4500677,CUST-78688,False,0.0,2096.82,47.34
2029-12-26,21801.13,39254.67,-17453.54,-80.06,369.69,805,924,12,1262,51,North America,Electronics,Wholesale,Shipped,Medium,4.9,76,0.0208,0.216,99.965,81.7,4,9,1258813,CUST-72723,False,0.0,1744.09,35.83
2029-12-27,78064.48,33179.18,44885.3,57.5,262.32,945,3056,8,1717,119,Middle East,Beauty,Online,Completed,Critical,4.8,50,0.1603,0.515,99.667,152.1,1,12,1607637,CUST-57464,False,0.0,6245.16,36.62
2029-12-28,55844.21,24020.35,31823.86,56.99,408.85,714,3848,14,297,57,Europe,Apparel,Wholesale,Completed,Low,3.1,3,0.1934,0.209,98.725,118.9,2,1,7611438,CUST-46900,False,0.0,4467.54,11.07
2029-12-29,36975.61,27755.98,9219.63,24.93,363.86,113,2545,24,199,29,Asia-Pacific,Apparel,Retail Store,Completed,Low,4.5,-80,0.0914,0.286,98.084,95.2,0,5,7657444,CUST-35421,False,0.0,2958.05,12.04
2029-12-30,58019.44,18777.07,39242.37,67.64,311.39,256,3996,16,763,39,Asia-Pacific,Sports,Direct Sales,Pending,High,1.1,56,0.2092,0.832,98.445,102.0,2,1,8471264,CUST-91011,False,0.0,4641.56,39.18
2029-12-31,10463.78,29134.89,-18671.11,-178.44,83.89,821,938,9,1286,91,North America,Apparel,Wholesale,Completed,Medium,4.4,87,0.0445,0.688,98.703,116.7,4,2,1294515,CUST-83628,False,0.0,837.1,36.82
2030-01-01,50050.63,38896.8,11153.83,22.29,419.62,32,4795,18,266,114,Europe,Books,Direct Sales,Completed,High,2.9,73,0.167,0.728,99.921,116.5,0,2,2421056,CUST-48256,False,0.0,4004.05,15.11
2030-01-02,54917.32,35482.32,19435.0,35.39,468.59,962,3783,14,1079,149,Europe,Apparel,Direct Sales,Completed,Low,4.1,-1,0.1838,0.069,99.777,130.8,4,6,8560231,CUST-62965,False,0.0,4393.39,14.33
2030-01-03,63864.05,41216.07,22647.98,35.46,77.11,824,2061,18,719,84,Latin America,Electronics,Direct Sales,Completed,High,1.0,-91,0.0268,0.729,98.043,153.5,2,6,2797438,CUST-86838,False,0.0,5109.12,13.65
2030-01-04,34791.56,27576.92,7214.64,20.74,249.24,534,1037,19,910,135,Asia-Pacific,Beauty,Wholesale,Completed,High,4.5,-17,0.1787,0.491,99.974,156.7,0,12,1644584,CUST-74472,False,0.0,2783.32,13.6
2030-01-05,51285.31,40768.8,10516.51,20.51,136.86,153,3031,13,1660,26,Latin America,Home & Kitchen,Direct Sales,Shipped,High,3.4,-48,0.0832,0.459,98.514,112.1,0,9,4261599,CUST-55474,False,0.0,4102.82,7.18
2030-01-06,36118.63,28453.57,7665.06,21.22,379.72,739,524,15,1468,146,Europe,Apparel,Wholesale,Completed,Medium,2.0,26,0.1024,0.413,99.551,134.9,1,3,5087706,CUST-61901,False,0.0,2889.49,36.25
2030-01-07,53830.76,41772.68,12058.08,22.4,363.6,704,3410,14,1836,135,North America,Beauty,Online,Pending,Low,2.4,34,0.0059,0.852,98.233,113.0,0,13,5475420,CUST-10659,False,0.0,4306.46,26.35
2030-01-08,36569.81,29825.15,6744.66,18.44,79.03,872,3151,13,353,42,North America,Books,Retail Store,Pending,Medium,1.8,-71,0.0864,0.177,98.441,162.5,0,10,6012545,CUST-60101,False,0.0,2925.58,7.48
2030-01-09,43878.49,35657.85,8220.64,18.74,439.74,763,3005,15,1631,91,Middle East,Beauty,Direct Sales,Pending,Medium,2.7,-8,0.1414,0.814,99.011,115.4,0,2,6037976,CUST-26569,False,0.0,3510.28,29.22
2030-01-10,35062.77,41800.9,-6738.13,-19.22,98.68,202,2237,15,1484,25,North America,Apparel,Direct Sales,Completed,Medium,2.3,-46,0.2007,0.928,99.407,124.2,1,13,3686050,CUST-23276,False,0.0,2805.02,7.09
2030-01-11,59767.04,28452.58,31314.46,52.39,400.66,474,4146,16,452,28,Asia-Pacific,Apparel,Online,Shipped,Medium,3.1,-36,0.191,0.168,98.691,119.1,4,3,3509760,CUST-71169,False,0.0,4781.36,33.76
2030-01-12,62876.77,31747.11,31129.66,49.51,233.92,793,3310,14,1927,100,Middle East,Sports,Retail Store,Shipped,Medium,4.3,-80,0.1413,1.0,99.747,136.1,2,11,7185361,CUST-71873,False,0.0,5030.14,36.2
2030-01-13,46480.69,40310.91,6169.78,13.27,170.85,384,2794,8,909,49,Asia-Pacific,Apparel,Online,Completed,Low,4.9,-94,0.2127,0.991,99.88,142.1,1,4,1800657,CUST-22205,False,0.0,3718.46,38.56
2030-01-14,50573.57,28935.97,21637.6,42.78,87.54,686,3695,10,1900,51,Latin America,Electronics,Retail Store,Pending,Medium,2.0,-57,0.2583,0.621,98.245,168.5,1,13,1728343,CUST-50210,False,0.0,4045.89,28.01
2030-01-15,28271.13,19432.86,8838.27,31.26,92.13,701,1367,11,429,135,Latin America,Beauty,Direct Sales,Completed,Low,1.4,-33,0.1491,0.269,99.437,162.4,3,6,7470578,CUST-87946,False,0.0,2261.69,36.79
2030-01-16,45504.85,47144.06,-1639.21,-3.6,334.33,638,3676,17,501,43,North America,Sports,Retail Store,Completed,Low,2.6,2,0.094,0.43,98.264,121.5,2,11,9623890,CUST-91319,False,0.0,3640.39,36.43
2030-01-17,49246.93,26241.88,23005.05,46.71,279.71,275,521,16,1302,96,Middle East,Home & Kitchen,Online,Completed,Medium,1.6,42,0.1892,0.17,98.682,118.5,2,8,3324466,CUST-20279,False,0.0,3939.75,42.7
2030-01-18,89311.9,31270.05,58041.85,64.99,69.82,387,3366,11,743,79,Asia-Pacific,Electronics,Direct Sales,Cancelled,High,4.3,-3,0.078,0.12,99.639,112.1,6,3,3143388,CUST-17203,False,0.0,7144.95,35.78
2030-01-19,33320.49,39248.05,-5927.56,-17.79,65.22,559,1757,12,1578,142,Asia-Pacific,Home & Kitchen,Online,Pending,High,3.0,-99,0.222,0.704,98.673,155.3,1,10,5831507,CUST-74854,True,0.15,2665.64,6.8
2030-01-20,71962.66,25132.05,46830.61,65.08,45.43,565,2200,16,1668,6,Europe,Apparel,Direct Sales,Pending,Medium,3.5,0,0.1827,0.58,99.815,128.6,0,9,4066305,CUST-16326,False,0.0,5757.01,14.98
2030-01-21,64952.88,21937.06,43015.82,66.23,374.45,872,4039,13,194,49,North America,Home & Kitchen,Wholesale,Completed,High,1.6,30,0.3344,0.564,98.823,206.2,4,5,5362925,CUST-44347,False,0.0,5196.23,20.9
2030-01-22,54209.55,32029.9,22179.65,40.91,358.82,83,784,19,99,57,Latin America,Home & Kitchen,Direct Sales,Completed,Low,4.0,75,0.1021,0.248,98.62,117.8,3,8,4170578,CUST-93173,False,0.0,4336.76,13.35
2030-01-23,76379.31,15655.39,60723.92,79.5,38.63,447,2326,10,1497,141,Europe,Electronics,Retail Store,Completed,Critical,4.9,95,0.3036,0.235,99.978,173.3,2,5,7678185,CUST-68283,False,0.0,6110.34,38.63
2030-01-24,55581.58,27696.75,27884.83,50.17,284.53,890,4488,17,1173,107,Latin America,Electronics,Retail Store,Shipped,High,2.9,-54,0.1897,0.99,98.883,173.6,2,8,4120819,CUST-36992,False,0.0,4446.53,17.4
2030-01-25,55837.39,31960.31,23877.08,42.76,51.49,235,2522,18,392,133,Latin America,Beauty,Retail Store,Completed,Medium,4.8,70,0.1523,0.629,99.482,172.6,1,2,1719648,CUST-31164,True,0.22,4466.99,28.59
2030-01-26,49203.19,27840.38,21362.81,43.42,452.84,828,1177,14,931,42,Asia-Pacific,Home & Kitchen,Retail Store,Completed,Low,1.1,-1,0.0399,0.819,99.199,108.5,2,7,4374886,CUST-96996,False,0.0,3936.26,18.75
2030-01-27,68353.53,17652.39,50701.14,74.17,454.49,317,4085,12,1805,61,Latin America,Electronics,Retail Store,Cancelled,Medium,1.1,-74,0.0281,0.379,98.405,117.0,2,12,7512938,CUST-86517,True,0.11,5468.28,35.55
2030-01-28,66447.04,42753.42,23693.62,35.66,352.13,975,3940,12,1724,7,Middle East,Beauty,Wholesale,Shipped,Low,4.8,31,0.0555,0.844,99.001,114.3,3,2,8668947,CUST-10509,False,0.0,5315.76,35.4
2030-01-29,40614.84,30828.31,9786.53,24.1,463.83,357,3416,13,939,36,Latin America,Home & Kitchen,Direct Sales,Shipped,Medium,3.8,-65,0.5171,0.722,98.155,171.6,3,7,9179448,CUST-47566,False,0.0,3249.19,48.77
2030-01-30,30211.29,41449.22,-11237.93,-37.2,407.61,485,2943,11,1599,72,Middle East,Home & Kitchen,Direct Sales,Completed,Low,1.8,-18,0.1305,0.35,99.417,104.2,4,12,6850499,CUST-96785,False,0.0,2416.9,32.58
2030-01-31,46955.29,27919.71,19035.58,40.54,415.98,324,3539,11,1086,149,Latin America,Sports,Wholesale,Cancelled,Medium,2.5,-3,0.2234,0.718,99.038,99.8,3,9,8620878,CUST-80370,False,0.0,3756.42,42.35
2030-02-01,37999.42,22959.9,15039.52,39.58,289.16,534,4211,18,1929,72,Europe,Apparel,Wholesale,Shipped,Low,3.0,-21,0.2912,0.926,98.245,144.3,2,10,8152170,CUST-55384,False,0.0,3039.95,37.66
2030-02-02,49047.13,32153.45,16893.68,34.44,159.97,434,4371,15,811,88,Asia-Pacific,Electronics,Retail Store,Shipped,Low,3.8,79,0.0214,0.214,99.534,73.5,5,5,3534685,CUST-42243,True,0.06,3923.77,5.52
2030-02-03,68561.57,28273.7,40287.87,58.76,116.72,533,2003,17,897,16,Europe,Books,Online,Cancelled,Low,4.4,72,0.0949,0.548,99.609,146.9,1,3,3990886,CUST-38334,False,0.0,5484.93,17.34
2030-02-04,43140.48,20577.91,22562.57,52.3,170.33,571,4324,13,973,49,Asia-Pacific,Sports,Online,Cancelled,Low,1.3,-50,0.2769,0.967,99.468,80.1,0,9,1729194,CUST-73002,False,0.0,3451.24,7.37
2030-02-05,49357.65,41758.27,7599.38,15.4,317.96,834,3394,22,1245,84,Europe,Electronics,Retail Store,Completed,Medium,3.6,-15,0.1902,0.821,98.658,105.6,7,2,8535914,CUST-34640,True,0.18,3948.61,6.28
2030-02-06,50870.34,25021.84,25848.5,50.81,94.6,955,525,14,1562,139,North America,Sports,Wholesale,Completed,Low,2.9,59,0.1275,0.62,99.446,160.4,1,6,5460557,CUST-62179,False,0.0,4069.63,31.51
2030-02-07,62726.46,15277.87,47448.59,75.64,136.73,258,2501,8,1904,52,Latin America,Apparel,Direct Sales,Pending,Medium,3.4,-99,0.0558,0.07,99.155,100.5,0,6,7402833,CUST-51657,False,0.0,5018.12,13.5
2030-02-08,16296.66,40625.33,-24328.67,-149.29,239.35,640,849,11,1432,37,Latin America,Sports,Online,Completed,Medium,3.0,-84,0.2262,0.406,99.088,130.7,2,5,8492606,CUST-85993,False,0.0,1303.73,31.95
2030-02-09,40899.5,25965.62,14933.88,36.51,124.19,578,4939,14,1179,88,North America,Sports,Online,Completed,Low,2.8,-78,0.2506,0.651,99.297,162.3,2,13,7311213,CUST-22235,False,0.0,3271.96,21.8
2030-02-10,53169.26,25137.41,28031.85,52.72,298.44,191,4674,17,238,105,North America,Beauty,Wholesale,Pending,Low,1.8,71,0.2521,0.41,99.26,80.1,1,8,5092948,CUST-24021,True,0.08,4253.54,46.99
2030-02-11,68001.18,15876.9,52124.28,76.65,462.36,971,143,16,1602,51,Middle East,Electronics,Retail Store,Completed,Medium,2.9,-55,0.043,0.997,99.598,126.1,4,6,9856907,CUST-58049,True,0.19,5440.09,13.75
2030-02-12,42621.46,43927.53,-1306.07,-3.06,376.56,785,1659,17,1123,89,Europe,Home & Kitchen,Direct Sales,Completed,High,1.8,39,0.3652,0.753,99.972,142.6,1,13,4906010,CUST-60952,False,0.0,3409.72,27.73
2030-02-13,21851.71,19684.16,2167.55,9.92,336.55,115,4294,18,1322,47,Latin America,Books,Retail Store,Completed,Medium,1.2,-47,0.0593,0.187,99.453,70.3,2,3,4190972,CUST-44423,False,0.0,1748.14,25.95
2030-02-14,59295.67,30467.6,28828.07,48.62,295.53,200,3568,18,459,84,Middle East,Beauty,Retail Store,Completed,Medium,2.5,-88,0.0333,0.49,98.884,83.7,2,5,2840330,CUST-19398,True,0.22,4743.65,17.38
2030-02-15,40469.56,37300.96,3168.6,7.83,249.09,146,4051,16,1464,142,Latin America,Electronics,Retail Store,Pending,High,1.1,95,0.045,0.384,98.923,176.6,5,3,9661854,CUST-10675,False,0.0,3237.56,22.03
2030-02-16,32155.0,33373.74,-1218.74,-3.79,101.42,709,4366,19,1452,26,North America,Beauty,Retail Store,Cancelled,High,3.3,-30,0.1585,0.594,98.059,79.9,2,2,5417600,CUST-17571,True,0.19,2572.4,7.46
2030-02-17,40634.82,29522.77,11112.05,27.35,448.41,129,247,17,276,134,Middle East,Home & Kitchen,Online,Pending,High,1.3,93,0.2888,0.447,98.32,107.8,3,12,3902424,CUST-94873,False,0.0,3250.79,6.94
2030-02-18,47232.12,16386.67,30845.45,65.31,131.78,763,2270,16,1664,112,Middle East,Sports,Wholesale,Pending,Medium,2.8,-86,0.2613,0.238,98.456,49.4,1,1,1338418,CUST-22371,False,0.0,3778.57,7.83
2030-02-19,40928.83,23522.2,17406.63,42.53,54.74,840,211,22,1857,102,Middle East,Books,Direct Sales,Completed,Low,4.9,-39,0.0214,0.724,99.981,92.5,1,9,6282256,CUST-15036,True,0.2,3274.31,34.61
2030-02-20,16916.51,31502.4,-14585.89,-86.22,377.51,81,4263,12,262,22,Europe,Home & Kitchen,Online,Completed,High,1.0,100,0.2814,0.107,99.526,147.2,4,10,2055302,CUST-29742,False,0.0,1353.32,9.86
2030-02-21,63455.99,23702.61,39753.38,62.65,96.05,764,927,18,1602,132,Middle East,Books,Direct Sales,Shipped,Low,2.5,51,0.1969,0.532,98.283,153.5,1,8,1018863,CUST-20990,False,0.0,5076.48,23.46
2030-02-22,69123.13,31626.88,37496.25,54.25,192.23,140,1852,17,1054,23,Latin America,Beauty,Direct Sales,Pending,Medium,3.7,-31,0.1896,0.31,98.997,147.8,2,2,9394858,CUST-76536,False,0.0,5529.85,26.9
2030-02-23,59772.83,35453.95,24318.88,40.69,23.86,466,3039,16,1419,138,Europe,Sports,Online,Completed,Medium,1.6,88,0.2179,0.967,98.427,118.8,0,8,5582872,CUST-54296,False,0.0,4781.83,25.59
2030-02-24,32934.71,37700.02,-4765.31,-14.47,77.16,790,3828,11,468,31,Latin America,Sports,Online,Shipped,Medium,3.2,-30,0.2462,0.304,98.595,82.4,4,5,4767499,CUST-96000,False,0.0,2634.78,6.4
2030-02-25,46977.63,20190.57,26787.06,57.02,94.87,914,3716,19,1836,19,Middle East,Electronics,Direct Sales,Refunded,Medium,2.0,99,0.0997,0.341,99.209,134.5,1,13,5295654,CUST-38631,False,0.0,3758.21,20.26
2030-02-26,49902.18,47573.17,2329.01,4.67,36.66,488,3823,13,1925,142,Middle East,Books,Direct Sales,Completed,Low,1.9,30,0.0572,0.707,99.198,104.5,1,2,3298645,CUST-37308,False,0.0,3992.17,48.55
2030-02-27,58981.92,36139.83,22842.09,38.73,331.76,994,2377,19,1157,127,Latin America,Home & Kitchen,Wholesale,Completed,Critical,4.6,56,0.1398,0.128,99.744,63.7,1,9,9081099,CUST-19677,False,0.0,4718.55,30.72
2030-02-28,60025.11,29986.29,30038.82,50.04,420.13,61,259,13,968,99,Asia-Pacific,Books,Online,Completed,Low,1.8,-80,0.3094,0.325,98.329,121.0,4,2,6854253,CUST-43223,True,0.17,4802.01,21.46
2030-03-01,38987.39,38716.29,271.1,0.7,192.92,583,3465,15,1270,131,Middle East,Beauty,Online,Completed,Low,2.5,-47,0.0895,0.696,98.995,164.5,3,5,3161036,CUST-20864,False,0.0,3118.99,36.24
2030-03-02,51229.93,48923.26,2306.67,4.5,438.54,128,2333,18,826,78,Middle East,Sports,Direct Sales,Shipped,Medium,1.7,33,0.5037,0.031,99.198,158.9,4,2,9925472,CUST-46698,False,0.0,4098.39,19.55
2030-03-03,56859.21,18490.24,38368.97,67.48,114.54,886,1113,17,1603,62,Europe,Beauty,Direct Sales,Cancelled,High,2.1,20,0.1335,0.311,99.861,161.2,2,13,6152834,CUST-59020,False,0.0,4548.74,39.73
2030-03-04,71837.33,28197.9,43639.43,60.75,169.44,273,651,12,270,114,Latin America,Beauty,Retail Store,Pending,Medium,2.2,-90,0.2165,0.008,99.033,130.6,1,9,7672799,CUST-40953,False,0.0,5746.99,24.8
2030-03-05,60567.6,10972.55,49595.05,81.88,83.86,248,1275,21,1916,142,Middle East,Electronics,Direct Sales,Shipped,Medium,2.3,97,0.175,0.15,98.681,87.5,1,7,7035947,CUST-64452,True,0.2,4845.41,40.0
2030-03-06,61835.85,31541.21,30294.64,48.99,314.07,360,1263,17,1820,53,Latin America,Beauty,Direct Sales,Pending,Medium,3.6,54,0.2309,0.604,98.584,140.5,0,6,3492800,CUST-90349,False,0.0,4946.87,39.7
2030-03-07,51257.4,32923.15,18334.25,35.77,215.74,902,1408,19,225,65,Europe,Electronics,Wholesale,Completed,Low,4.0,24,0.1638,0.457,98.432,125.3,3,7,5083630,CUST-78977,False,0.0,4100.59,20.02
2030-03-08,71156.89,29686.7,41470.19,58.28,310.51,264,1592,12,633,134,Latin America,Apparel,Direct Sales,Pending,Medium,3.0,87,0.2848,0.156,99.925,111.0,3,7,6170801,CUST-71517,False,0.0,5692.55,21.67
2030-03-09,56146.44,24763.73,31382.71,55.89,383.22,694,1341,9,1676,79,Latin America,Books,Retail Store,Shipped,Low,3.4,100,0.0556,0.078,99.206,143.3,0,8,4600515,CUST-54007,False,0.0,4491.72,26.77
2030-03-10,37083.68,13603.88,23479.8,63.32,277.39,318,4631,19,1395,12,Europe,Sports,Retail Store,Shipped,High,4.3,-29,0.0538,0.056,98.607,136.0,2,8,7631224,CUST-52809,False,0.0,2966.69,31.94
2030-03-11,71050.55,32988.27,38062.28,53.57,317.54,758,4927,11,584,146,Middle East,Sports,Online,Completed,Low,5.0,8,0.0418,0.085,99.49,98.3,0,4,6281112,CUST-52193,False,0.0,5684.04,48.13
2030-03-12,60468.55,41643.48,18825.07,31.13,468.27,840,1877,16,774,26,Latin America,Home & Kitchen,Retail Store,Completed,Low,2.8,-74,0.1009,0.096,98.579,96.7,3,9,6578438,CUST-30428,False,0.0,4837.48,35.25
2030-03-13,43354.34,25271.85,18082.49,41.71,156.54,616,159,13,1467,21,Asia-Pacific,Sports,Online,Completed,Medium,4.7,59,0.0247,0.086,99.008,79.7,1,6,3052406,CUST-42431,False,0.0,3468.35,18.94
2030-03-14,42807.61,33520.48,9287.13,21.7,185.99,858,1733,16,1879,111,Middle East,Electronics,Direct Sales,Shipped,Medium,3.0,-8,0.1238,0.055,98.052,129.0,1,11,8299512,CUST-79171,False,0.0,3424.61,35.88
2030-03-15,54448.63,17454.85,36993.78,67.94,361.67,504,2551,12,1713,67,Europe,Sports,Retail Store,Completed,Medium,4.1,-68,0.1613,0.697,99.693,151.8,0,5,7347758,CUST-59393,True,0.21,4355.89,12.98
2030-03-16,56947.77,33657.7,23290.07,40.9,309.54,66,435,8,1644,126,North America,Electronics,Wholesale,Completed,Low,3.3,-96,0.2148,0.941,99.913,99.3,0,10,1873314,CUST-13395,False,0.0,4555.82,28.49
2030-03-17,52959.38,26852.94,26106.44,49.3,97.48,959,930,13,373,30,Asia-Pacific,Sports,Wholesale,Pending,Low,4.5,-92,0.2422,0.856,99.732,82.7,2,10,4372107,CUST-38281,True,0.08,4236.75,27.67
2030-03-18,54669.63,23900.66,30768.97,56.28,194.31,412,1692,15,134,121,Middle East,Home & Kitchen,Retail Store,Completed,High,2.8,40,0.0821,0.266,98.342,137.6,1,13,1155894,CUST-72423,False,0.0,4373.57,10.97
2030-03-19,75499.36,23917.09,51582.27,68.32,239.24,76,4480,18,1069,49,Europe,Books,Online,Completed,Medium,3.8,-7,0.0723,0.204,99.651,175.3,2,3,6345830,CUST-54802,False,0.0,6039.95,28.16
2030-03-20,66073.15,26851.11,39222.04,59.36,215.5,55,1059,22,1814,34,Asia-Pacific,Beauty,Online,Shipped,Medium,2.9,17,0.2969,0.048,98.694,189.7,1,13,7422607,CUST-10786,False,0.0,5285.85,37.22
2030-03-21,52859.53,33059.47,19800.06,37.46,97.35,615,4266,15,936,120,Middle East,Books,Online,Completed,Medium,4.4,-12,0.3443,0.156,99.873,173.0,1,10,8367594,CUST-25280,False,0.0,4228.76,27.21
2030-03-22,64119.66,19502.69,44616.97,69.58,462.97,659,1221,13,1500,94,North America,Electronics,Retail Store,Completed,Medium,5.0,33,0.0799,0.568,98.598,118.3,2,4,8442118,CUST-76184,False,0.0,5129.57,23.02
2030-03-23,34512.14,26823.08,7689.06,22.28,383.54,378,2323,12,1341,123,Middle East,Beauty,Direct Sales,Completed,Medium,2.0,2,0.0215,0.998,98.179,88.5,1,3,8541257,CUST-89317,False,0.0,2760.97,34.71
2030-03-24,55968.91,29668.23,26300.68,46.99,245.86,614,3916,18,161,144,North America,Apparel,Direct Sales,Completed,Medium,2.9,-27,0.2373,0.859,99.706,141.3,3,10,1983930,CUST-50185,True,0.09,4477.51,27.12
2030-03-25,77139.6,21207.69,55931.91,72.51,343.23,241,1198,17,677,12,North America,Home & Kitchen,Direct Sales,Completed,Low,1.3,63,0.0746,0.515,98.233,117.5,2,7,7843647,CUST-11718,False,0.0,6171.17,20.17
2030-03-26,46729.31,44373.32,2355.99,5.04,449.67,411,242,16,998,97,Latin America,Books,Online,Pending,Medium,1.6,24,0.1535,0.423,99.083,113.0,0,7,5838309,CUST-92319,False,0.0,3738.34,25.07
2030-03-27,37285.49,23172.04,14113.45,37.85,76.73,917,3078,16,799,121,Europe,Beauty,Retail Store,Completed,Low,4.7,77,0.1325,0.148,98.752,186.5,2,9,4878414,CUST-95623,False,0.0,2982.84,8.51
2030-03-28,40218.67,24644.5,15574.17,38.72,132.68,570,1146,17,1471,60,Latin America,Home & Kitchen,Wholesale,Completed,Medium,3.2,88,0.077,0.419,99.514,168.5,2,7,4201520,CUST-52439,False,0.0,3217.49,41.55
2030-03-29,33655.5,22173.54,11481.96,34.12,275.92,32,1168,14,101,139,North America,Books,Direct Sales,Completed,Medium,2.6,-53,0.1044,0.595,99.498,142.3,2,3,6740280,CUST-77567,False,0.0,2692.44,20.44
2030-03-30,38228.57,44387.84,-6159.27,-16.11,401.52,583,4287,10,133,66,Europe,Electronics,Direct Sales,Completed,Low,3.7,-18,0.2465,0.595,99.552,116.6,3,13,9529678,CUST-50100,False,0.0,3058.29,32.84
2030-03-31,44442.38,34423.24,10019.14,22.54,27.76,276,3440,12,1696,125,Europe,Electronics,Online,Completed,Medium,3.2,-90,0.2069,0.558,98.127,120.3,2,7,2232717,CUST-92458,False,0.0,3555.39,30.04
2030-04-01,28916.49,22507.26,6409.23,22.16,492.17,850,4873,9,761,65,Europe,Electronics,Direct Sales,Completed,Low,2.2,44,0.1367,0.824,99.717,66.0,2,1,9442940,CUST-94130,False,0.0,2313.32,13.45
2030-04-02,50234.28,38849.85,11384.43,22.66,232.9,127,3535,16,780,142,Asia-Pacific,Apparel,Retail Store,Completed,High,1.9,29,0.1001,0.51,98.933,156.6,1,6,9461666,CUST-68445,False,0.0,4018.74,20.91
2030-04-03,63534.16,31605.59,31928.57,50.25,186.02,961,3879,11,790,54,Middle East,Sports,Direct Sales,Completed,Low,3.4,-94,0.2421,0.473,98.438,165.4,1,8,2648927,CUST-51523,False,0.0,5082.73,48.44
2030-04-04,36383.66,32058.03,4325.63,11.89,153.43,609,4577,13,878,32,North America,Electronics,Online,Completed,Critical,1.8,4,0.2294,0.306,98.598,93.2,0,6,5585768,CUST-48250,False,0.0,2910.69,38.11
2030-04-05,72789.26,27244.18,45545.08,62.57,95.43,610,1065,20,474,146,Europe,Electronics,Retail Store,Completed,Medium,1.6,-44,0.1865,0.18,99.805,98.0,1,12,9833236,CUST-23461,False,0.0,5823.14,23.51
2030-04-06,57661.88,24004.67,33657.21,58.37,397.87,64,1279,13,1094,80,Asia-Pacific,Sports,Online,Pending,Low,2.3,-70,0.2164,0.001,98.012,154.1,3,12,4726027,CUST-61861,True,0.15,4612.95,45.24
2030-04-07,65458.71,32702.13,32756.58,50.04,478.15,162,2534,11,1761,12,Asia-Pacific,Electronics,Wholesale,Completed,Low,4.4,20,0.0328,0.322,99.603,108.6,1,5,3210190,CUST-26202,False,0.0,5236.7,31.38
2030-04-08,40132.48,25639.3,14493.18,36.11,212.69,248,600,15,105,139,North America,Beauty,Direct Sales,Completed,Low,1.1,86,0.1938,0.633,99.848,159.7,1,7,3921175,CUST-96623,False,0.0,3210.6,43.09
2030-04-09,62817.88,44534.05,18283.83,29.11,476.69,274,4654,12,1364,9,Latin America,Home & Kitchen,Retail Store,Completed,Low,4.3,73,0.2885,0.559,98.5,92.6,1,6,5155091,CUST-68842,False,0.0,5025.43,28.66
2030-04-10,33620.99,19845.67,13775.32,40.97,413.66,277,149,15,861,5,Asia-Pacific,Apparel,Retail Store,Completed,Low,3.5,-20,0.1034,0.531,99.644,109.1,1,7,4486093,CUST-51235,True,0.11,2689.68,46.92
2030-04-11,63353.71,42289.25,21064.46,33.25,245.72,916,1069,20,856,115,North America,Books,Direct Sales,Completed,Low,1.2,-22,0.1429,0.772,98.322,138.2,0,7,1506887,CUST-74545,False,0.0,5068.3,42.61
2030-04-12,52577.59,29109.45,23468.14,44.64,340.27,122,1087,16,1058,77,Asia-Pacific,Sports,Wholesale,Completed,Low,3.4,34,0.0415,0.233,98.032,108.7,2,13,2107978,CUST-86882,False,0.0,4206.21,8.6
2030-04-13,58298.77,32392.69,25906.08,44.44,223.14,175,4727,14,704,110,North America,Sports,Wholesale,Shipped,Medium,2.7,-7,0.2721,0.679,99.209,106.6,2,9,2613843,CUST-87629,False,0.0,4663.9,35.73
2030-04-14,32366.08,36665.26,-4299.18,-13.28,283.77,677,1215,21,1056,14,Europe,Sports,Direct Sales,Pending,Low,4.4,41,0.1133,0.607,99.292,105.9,1,10,5697643,CUST-99865,False,0.0,2589.29,25.06
2030-04-15,36573.95,24958.01,11615.94,31.76,38.44,17,4032,12,957,69,Latin America,Apparel,Direct Sales,Completed,Medium,4.6,-6,0.0947,0.339,98.3,144.3,3,3,5712464,CUST-47772,False,0.0,2925.92,11.78
2030-04-16,58958.42,36913.99,22044.43,37.39,351.17,723,1579,22,1446,62,Asia-Pacific,Home & Kitchen,Direct Sales,Completed,Low,2.1,-92,0.071,0.219,99.025,153.7,1,11,3922195,CUST-50306,False,0.0,4716.67,41.05
2030-04-17,35774.78,8339.65,27435.13,76.69,35.88,226,4534,16,1811,6,Asia-Pacific,Electronics,Online,Completed,High,4.1,-92,0.0977,0.563,98.771,137.2,3,9,9289097,CUST-15723,False,0.0,2861.98,27.06
2030-04-18,56948.09,24240.08,32708.01,57.43,410.37,440,3224,14,57,63,Asia-Pacific,Sports,Retail Store,Shipped,Medium,2.2,12,0.1164,0.945,98.153,95.6,2,13,2186580,CUST-91151,True,0.1,4555.85,14.1
2030-04-19,29492.93,22607.5,6885.43,23.35,414.22,301,3667,23,173,109,Middle East,Electronics,Retail Store,Completed,Medium,2.2,21,0.1904,0.076,99.015,167.9,1,5,4635415,CUST-30571,False,0.0,2359.43,19.62
2030-04-20,62722.61,19971.95,42750.66,68.16,126.17,902,1758,10,1831,5,Middle East,Books,Direct Sales,Completed,Low,1.8,29,0.0382,0.953,99.17,128.9,3,10,8383268,CUST-12320,True,0.17,5017.81,12.56
2030-04-21,31512.15,28280.36,3231.79,10.26,168.59,59,1976,13,1174,35,Europe,Sports,Online,Completed,Medium,3.7,7,0.1482,0.465,98.434,156.8,1,12,3851482,CUST-81719,False,0.0,2520.97,32.59
2030-04-22,58284.5,33086.0,25198.5,43.23,245.84,116,2151,14,1039,42,Asia-Pacific,Apparel,Online,Cancelled,Low,2.0,-15,0.2771,0.71,99.48,74.8,2,4,8049950,CUST-46144,False,0.0,4662.76,33.59
2030-04-23,59384.46,35621.28,23763.18,40.02,302.36,18,4476,18,884,26,Latin America,Apparel,Retail Store,Completed,High,2.9,-85,0.1408,0.803,98.145,160.9,2,8,8767363,CUST-76023,False,0.0,4750.76,18.26
2030-04-24,39548.42,31927.01,7621.41,19.27,150.8,754,2915,13,1935,5,Middle East,Books,Wholesale,Completed,High,4.2,-99,0.1991,0.152,99.102,107.0,4,1,7826457,CUST-82253,True,0.29,3163.87,17.49
2030-04-25,58730.4,24674.45,34055.95,57.99,300.32,709,1070,20,1166,92,North America,Apparel,Direct Sales,Pending,Medium,4.2,97,0.1608,0.045,98.607,104.5,2,9,8105185,CUST-82466,False,0.0,4698.43,9.99
2030-04-26,53906.63,32952.13,20954.5,38.87,155.92,465,307,13,1458,13,North America,Apparel,Direct Sales,Completed,High,4.4,50,0.207,0.128,98.872,134.2,2,4,8722042,CUST-14656,False,0.0,4312.53,48.89
2030-04-27,41917.37,30994.29,10923.08,26.06,37.19,332,359,8,815,114,North America,Apparel,Online,Completed,Medium,1.6,25,0.1592,0.341,99.787,48.2,3,7,5847027,CUST-41093,False,0.0,3353.39,19.14
2030-04-28,34871.68,37488.45,-2616.77,-7.5,11.24,318,4458,14,1153,88,Europe,Sports,Retail Store,Pending,Low,3.3,17,0.1998,0.957,99.34,132.2,2,6,8552273,CUST-63029,False,0.0,2789.73,31.96
2030-04-29,20560.61,36215.49,-15654.88,-76.14,59.56,859,882,11,1371,136,Asia-Pacific,Books,Online,Shipped,Medium,4.7,55,0.1812,0.043,98.298,110.3,2,2,1378696,CUST-32609,True,0.22,1644.85,13.5
2030-04-30,55244.75,30243.81,25000.94,45.25,398.2,631,604,30,80,67,Asia-Pacific,Sports,Wholesale,Pending,Low,1.2,27,0.0608,0.92,99.773,169.5,2,2,1872302,CUST-36404,False,0.0,4419.58,37.41
2030-05-01,26527.96,22821.98,3705.98,13.97,481.1,154,1673,11,427,136,Middle East,Books,Retail Store,Completed,Medium,4.2,-58,0.1728,0.561,98.746,129.5,1,9,9615166,CUST-35614,False,0.0,2122.24,34.72
2030-05-02,51430.16,24776.4,26653.76,51.83,219.21,749,4398,15,379,137,North America,Home & Kitchen,Direct Sales,Shipped,Low,2.0,-38,0.0299,0.102,98.683,85.2,0,3,9389937,CUST-65607,False,0.0,4114.41,10.55
2030-05-03,46048.28,25601.69,20446.59,44.4,261.22,830,1859,11,1999,142,Europe,Apparel,Retail Store,Shipped,Low,3.7,24,0.1959,0.153,99.003,92.0,1,3,1797985,CUST-77462,False,0.0,3683.86,5.81
2030-05-04,60187.14,27477.87,32709.27,54.35,81.96,421,3894,14,1372,112,Latin America,Home & Kitchen,Retail Store,Completed,Medium,3.9,44,0.1669,0.689,98.411,33.9,2,4,5785333,CUST-50867,True,0.25,4814.97,5.99
2030-05-05,45469.32,32144.4,13324.92,29.31,280.01,123,3690,25,331,44,Asia-Pacific,Beauty,Direct Sales,Completed,Low,4.7,63,0.0786,0.608,99.828,205.0,1,5,6462323,CUST-20991,False,0.0,3637.55,18.0
2030-05-06,45058.28,35721.4,9336.88,20.72,80.88,584,4240,14,1085,40,Asia-Pacific,Beauty,Wholesale,Shipped,Medium,3.0,-82,0.0208,0.167,98.936,32.4,2,5,6168882,CUST-71013,False,0.0,3604.66,23.5
2030-05-07,60978.06,29591.05,31387.01,51.47,309.5,408,1501,17,688,39,Europe,Apparel,Online,Completed,Medium,4.4,32,0.1363,0.904,98.788,101.1,1,11,5591005,CUST-29446,False,0.0,4878.24,49.95
2030-05-08,55025.87,30129.0,24896.87,45.25,467.3,284,888,13,921,63,Middle East,Electronics,Wholesale,Completed,Critical,1.2,-78,0.137,0.133,98.342,145.9,2,10,5318636,CUST-97972,False,0.0,4402.07,48.2
2030-05-09,54742.34,31146.45,23595.89,43.1,105.89,133,3429,17,748,120,Europe,Beauty,Wholesale,Completed,Low,2.7,7,0.0762,0.512,99.605,171.4,3,4,9161269,CUST-98645,False,0.0,4379.39,12.12
2030-05-10,57039.01,25872.76,31166.25,54.64,384.64,95,2944,15,118,35,Middle East,Electronics,Wholesale,Completed,Medium,2.8,-82,0.1597,0.528,99.906,183.1,2,8,6307782,CUST-85303,False,0.0,4563.12,34.52
2030-05-11,26966.42,22596.86,4369.56,16.2,21.52,591,4085,15,890,53,Asia-Pacific,Home & Kitchen,Retail Store,Shipped,High,3.2,27,0.2138,0.871,99.739,116.5,3,7,3491890,CUST-63648,False,0.0,2157.31,15.27
2030-05-12,61351.83,15956.5,45395.33,73.99,193.99,56,4112,15,1596,138,Middle East,Apparel,Wholesale,Completed,Low,2.9,28,0.0621,0.022,98.323,137.6,4,7,2467436,CUST-67216,False,0.0,4908.15,6.19
2030-05-13,59187.03,24438.81,34748.22,58.71,64.27,720,2192,17,1888,110,Middle East,Home & Kitchen,Retail Store,Completed,High,4.9,54,0.1326,0.136,99.503,109.3,1,9,8945812,CUST-49105,False,0.0,4734.96,33.51
2030-05-14,34749.75,33785.16,964.59,2.78,182.71,885,3067,16,72,23,Middle East,Sports,Retail Store,Pending,Low,1.3,-58,0.1243,0.171,98.408,65.5,2,7,3280909,CUST-30265,False,0.0,2779.98,13.03
2030-05-15,46338.79,24376.71,21962.08,47.39,95.03,953,1169,16,386,100,Middle East,Home & Kitchen,Online,Pending,Low,2.1,-76,0.1677,0.063,98.078,83.4,3,5,1934897,CUST-41276,False,0.0,3707.1,18.96
2030-05-16,49410.39,28097.54,21312.85,43.13,192.92,210,1775,14,476,34,North America,Books,Online,Shipped,Low,4.9,81,0.3469,0.631,98.969,59.9,0,3,4355634,CUST-86205,False,0.0,3952.83,16.06
2030-05-17,47982.55,33731.45,14251.1,29.7,214.59,285,2712,9,894,30,North America,Apparel,Wholesale,Completed,Medium,2.8,-95,0.1096,0.23,99.341,131.1,1,8,2385505,CUST-39552,False,0.0,3838.6,14.48
2030-05-18,55007.9,34165.52,20842.38,37.89,157.29,558,4496,14,258,135,North America,Books,Retail Store,Completed,Low,3.3,-20,0.1997,0.577,98.249,108.0,4,5,6130378,CUST-98118,True,0.21,4400.63,6.46
2030-05-19,71470.5,21363.74,50106.76,70.11,331.74,724,387,12,264,54,North America,Home & Kitchen,Direct Sales,Completed,Low,1.3,-25,0.1082,0.783,99.211,113.4,0,2,4813292,CUST-28929,False,0.0,5717.64,39.69
2030-05-20,66226.5,37976.47,28250.03,42.66,460.24,139,885,12,684,115,Europe,Electronics,Retail Store,Completed,Medium,2.1,-76,0.167,0.409,99.687,143.5,2,10,3248752,CUST-46628,True,0.08,5298.12,16.57
2030-05-21,30316.71,39018.8,-8702.09,-28.7,206.29,457,2416,19,472,100,Latin America,Apparel,Online,Completed,Low,1.2,18,0.1827,0.769,98.418,128.7,1,13,9424370,CUST-99476,False,0.0,2425.34,49.09
2030-05-22,59331.05,20961.2,38369.85,64.67,104.25,991,2938,14,122,86,Middle East,Apparel,Direct Sales,Shipped,Medium,1.6,21,0.079,0.778,98.856,143.2,0,2,2849462,CUST-17929,False,0.0,4746.48,49.47
2030-05-23,69934.0,23409.31,46524.69,66.53,142.65,813,3737,9,1795,142,Europe,Beauty,Retail Store,Completed,Low,3.5,73,0.0493,0.263,98.998,183.4,3,1,8006439,CUST-40037,False,0.0,5594.72,44.18
2030-05-24,55802.13,39528.73,16273.4,29.16,428.46,398,2728,14,872,26,North America,Electronics,Wholesale,Completed,Low,4.1,2,0.0758,0.016,99.662,92.2,0,1,4439259,CUST-19895,True,0.11,4464.17,45.66
2030-05-25,66364.71,28825.17,37539.54,56.57,290.1,585,1365,12,835,58,Middle East,Sports,Retail Store,Pending,Medium,4.5,-42,0.0697,0.103,99.543,54.4,2,11,6443517,CUST-99430,False,0.0,5309.18,6.86
2030-05-26,80184.06,12241.78,67942.28,84.73,232.96,272,3083,20,1679,85,Latin America,Electronics,Direct Sales,Completed,Medium,2.0,18,0.1644,0.824,99.539,99.7,5,12,1764965,CUST-47369,True,0.25,6414.72,35.92
2030-05-27,65355.64,18802.55,46553.09,71.23,83.32,975,3115,19,987,136,Middle East,Home & Kitchen,Wholesale,Completed,High,2.3,-46,0.0581,0.405,99.358,112.8,1,10,1586880,CUST-42248,False,0.0,5228.45,9.65
2030-05-28,53739.63,28005.04,25734.59,47.89,230.37,641,170,16,1821,41,Asia-Pacific,Home & Kitchen,Direct Sales,Completed,Medium,3.3,51,0.0385,0.839,99.236,135.2,5,4,8710513,CUST-68304,False,0.0,4299.17,24.62
2030-05-29,65676.33,20695.66,44980.67,68.49,146.46,287,2560,21,1739,67,Asia-Pacific,Home & Kitchen,Online,Completed,High,1.3,-26,0.166,0.548,99.018,145.3,1,5,9796813,CUST-96284,False,0.0,5254.11,25.9
2030-05-30,52173.32,26692.61,25480.71,48.84,472.15,723,711,13,1347,55,Europe,Beauty,Online,Refunded,Low,4.2,51,0.2244,0.197,98.739,82.7,3,11,9364659,CUST-32615,False,0.0,4173.87,6.9
2030-05-31,50358.55,30259.17,20099.38,39.91,443.19,55,3623,17,1798,140,Latin America,Electronics,Retail Store,Pending,Medium,2.9,30,0.0856,0.712,99.026,77.6,4,10,2286968,CUST-69224,False,0.0,4028.68,22.48
2030-06-01,44728.79,41698.04,3030.75,6.78,51.11,177,3802,10,1713,5,Europe,Books,Retail Store,Completed,Medium,4.9,67,0.1172,0.558,99.707,167.8,2,9,1946516,CUST-11386,False,0.0,3578.3,17.72
2030-06-02,73451.2,27676.37,45774.83,62.32,263.16,454,2676,14,1306,12,Middle East,Electronics,Online,Completed,Medium,1.5,47,0.217,0.352,99.141,131.2,0,13,7470564,CUST-55531,False,0.0,5876.1,31.57
2030-06-03,37723.57,38580.33,-856.76,-2.27,120.28,631,290,22,1114,85,Latin America,Books,Direct Sales,Completed,Critical,1.5,-14,0.2004,0.088,99.971,132.4,0,7,8145320,CUST-94035,True,0.12,3017.89,25.15
2030-06-04,72985.52,41430.08,31555.44,43.24,211.28,55,1847,18,338,109,Europe,Apparel,Direct Sales,Shipped,Medium,2.4,96,0.1187,0.102,98.285,129.3,2,9,1382942,CUST-15436,False,0.0,5838.84,32.96
2030-06-05,57497.96,41474.48,16023.48,27.87,439.66,733,2225,9,604,116,Middle East,Books,Wholesale,Cancelled,Low,1.8,23,0.1099,0.189,98.882,125.2,4,13,6445091,CUST-66889,False,0.0,4599.84,5.09
2030-06-06,29010.41,32278.04,-3267.63,-11.26,268.48,549,1728,10,1343,141,North America,Apparel,Wholesale,Completed,High,3.8,-24,0.0737,0.673,98.401,112.1,2,1,3289237,CUST-63789,True,0.11,2320.83,39.82
2030-06-07,55514.74,14293.69,41221.05,74.25,173.77,96,3472,15,488,148,Middle East,Sports,Wholesale,Cancelled,Low,4.8,97,0.5156,0.728,98.73,95.2,3,6,5106040,CUST-39055,False,0.0,4441.18,27.95
2030-06-08,18499.6,33686.6,-15187.0,-82.09,111.87,812,3096,12,1387,63,Europe,Sports,Online,Completed,Low,1.4,93,0.0799,0.631,99.58,101.1,3,1,2850254,CUST-67691,False,0.0,1479.97,12.45
2030-06-09,59382.62,38387.2,20995.42,35.36,402.16,394,116,12,1583,49,Latin America,Home & Kitchen,Online,Completed,Medium,2.0,-8,0.2197,0.337,99.65,195.8,1,3,9923225,CUST-25511,False,0.0,4750.61,23.03
2030-06-10,63278.47,29351.46,33927.01,53.62,316.01,678,1697,20,1467,95,Latin America,Electronics,Online,Completed,Low,2.0,96,0.0663,0.44,98.063,183.2,1,3,5060961,CUST-19711,False,0.0,5062.28,20.38
2030-06-11,41114.66,43956.67,-2842.01,-6.91,239.35,274,1166,13,77,70,North America,Home & Kitchen,Retail Store,Shipped,Low,3.0,-22,0.1978,0.71,99.907,152.4,1,2,1410324,CUST-83438,True,0.2,3289.17,43.59
2030-06-12,51853.22,36878.67,14974.55,28.88,116.57,786,3239,18,319,40,Europe,Electronics,Direct Sales,Completed,Critical,2.8,-93,0.5889,0.66,99.744,117.6,2,9,7446114,CUST-30447,False,0.0,4148.26,42.28
2030-06-13,79312.36,34546.19,44766.17,56.44,173.78,31,3551,15,1540,80,North America,Books,Online,Shipped,Low,3.9,-3,0.4026,0.773,99.81,139.8,5,4,1306401,CUST-62733,False,0.0,6344.99,12.18
2030-06-14,42413.8,38691.05,3722.75,8.78,480.32,777,2359,9,1995,54,Asia-Pacific,Electronics,Wholesale,Completed,Medium,3.9,16,0.2991,0.241,98.754,70.1,2,5,2917270,CUST-74293,False,0.0,3393.1,43.12
2030-06-15,34116.39,32666.96,1449.43,4.25,264.84,712,2350,16,123,103,Middle East,Books,Wholesale,Pending,Low,3.3,-46,0.2067,0.004,98.994,154.9,3,6,7637447,CUST-86474,False,0.0,2729.31,32.4
2030-06-16,72224.95,10057.52,62167.43,86.07,206.34,459,2873,24,1730,99,Asia-Pacific,Electronics,Online,Completed,Low,3.4,-64,0.1101,0.266,98.337,111.6,3,8,2158738,CUST-77134,False,0.0,5778.0,16.25
2030-06-17,79438.81,26006.89,53431.92,67.26,265.5,985,4304,14,723,122,Asia-Pacific,Apparel,Online,Completed,Low,4.4,-11,0.2841,0.348,98.794,120.5,1,10,7594546,CUST-17750,False,0.0,6355.1,46.92
2030-06-18,50055.44,39577.34,10478.1,20.93,391.7,241,383,15,295,104,North America,Books,Direct Sales,Completed,Medium,2.6,100,0.2746,0.961,98.252,123.4,0,8,7993890,CUST-81091,False,0.0,4004.44,21.71
2030-06-19,65171.95,23539.27,41632.68,63.88,176.65,195,3088,8,1855,72,North America,Home & Kitchen,Wholesale,Shipped,Low,1.0,99,0.1598,0.218,99.727,113.7,3,8,4635930,CUST-95902,False,0.0,5213.76,40.69
2030-06-20,70122.14,28212.22,41909.92,59.77,97.57,335,4932,20,459,116,Middle East,Home & Kitchen,Direct Sales,Pending,Medium,1.9,-87,0.0343,0.826,99.162,148.1,4,11,4681780,CUST-66887,True,0.17,5609.77,35.17
2030-06-21,38862.74,21641.31,17221.43,44.31,296.62,192,702,14,547,131,North America,Home & Kitchen,Online,Completed,Medium,1.1,75,0.1758,0.623,98.272,175.8,1,13,6825273,CUST-93180,False,0.0,3109.02,40.81
2030-06-22,42720.41,44271.38,-1550.97,-3.63,335.95,406,1463,14,1491,99,North America,Home & Kitchen,Direct Sales,Completed,Medium,2.6,-12,0.1855,0.168,99.758,150.0,0,5,5329629,CUST-92629,True,0.09,3417.63,9.25
2030-06-23,68463.12,43451.94,25011.18,36.53,359.23,490,3452,14,1061,126,North America,Apparel,Retail Store,Shipped,Low,2.4,-34,0.1054,0.404,98.161,122.3,0,7,7426220,CUST-20037,False,0.0,5477.05,14.38
2030-06-24,75275.21,22929.05,52346.16,69.54,442.17,412,4175,19,260,131,North America,Apparel,Online,Completed,Low,1.4,59,0.4418,0.51,99.854,82.7,4,3,7545065,CUST-56335,False,0.0,6022.02,37.13
2030-06-25,58443.21,31178.38,27264.83,46.65,191.88,472,4686,15,841,107,North America,Beauty,Wholesale,Cancelled,Medium,4.0,63,0.4258,0.344,98.211,121.4,4,10,6257496,CUST-41952,False,0.0,4675.46,11.62
2030-06-26,36802.78,24556.05,12246.73,33.28,46.92,426,900,13,1296,63,Asia-Pacific,Beauty,Wholesale,Cancelled,High,3.2,32,0.1898,0.226,99.436,117.3,2,12,7612237,CUST-50288,False,0.0,2944.22,38.79
2030-06-27,79805.92,34919.56,44886.36,56.24,479.59,211,859,12,409,50,Asia-Pacific,Beauty,Direct Sales,Completed,Medium,1.9,-22,0.3783,0.253,99.291,148.9,1,12,7780317,CUST-23244,False,0.0,6384.47,18.81
2030-06-28,42035.44,34077.46,7957.98,18.93,223.16,74,1593,10,631,44,Middle East,Sports,Online,Pending,Medium,4.0,21,0.031,0.585,99.565,97.4,4,3,5129292,CUST-53520,False,0.0,3362.84,32.14
2030-06-29,44972.93,36493.64,8479.29,18.85,315.4,965,4900,21,1093,145,Latin America,Beauty,Wholesale,Pending,High,3.7,-83,0.1917,0.688,99.13,88.9,1,13,1575832,CUST-30030,False,0.0,3597.83,21.46
2030-06-30,55135.07,32655.35,22479.72,40.77,336.49,917,4034,16,472,125,Middle East,Electronics,Direct Sales,Completed,Low,1.8,-90,0.3408,0.469,98.7,130.4,6,11,7838795,CUST-94922,True,0.2,4410.81,32.0
2030-07-01,73312.41,53483.25,19829.16,27.05,277.79,564,914,10,170,109,Europe,Sports,Direct Sales,Completed,Low,4.9,-27,0.372,0.942,98.549,152.2,5,5,2538373,CUST-26514,True,0.2,5864.99,32.91
2030-07-02,62809.64,21776.61,41033.03,65.33,110.58,742,4998,10,222,13,Middle East,Books,Online,Completed,Medium,1.7,31,0.1371,0.729,99.891,125.4,1,1,6587493,CUST-44444,False,0.0,5024.77,24.53
2030-07-03,56222.98,16315.17,39907.81,70.98,380.02,26,472,15,83,70,Middle East,Home & Kitchen,Wholesale,Cancelled,Low,4.1,25,0.207,0.892,98.883,153.8,1,7,3714949,CUST-59290,False,0.0,4497.84,46.83
2030-07-04,56949.33,26855.28,30094.05,52.84,403.84,845,3098,14,967,57,North America,Electronics,Wholesale,Pending,Critical,4.9,47,0.3285,0.476,99.684,75.3,4,6,1247916,CUST-91468,True,0.06,4555.95,48.74
2030-07-05,50652.72,17456.09,33196.63,65.54,280.96,806,2991,12,120,85,North America,Sports,Wholesale,Completed,Medium,3.9,32,0.2704,0.015,99.446,136.6,3,13,1473115,CUST-10779,False,0.0,4052.22,45.76
2030-07-06,58372.09,18060.3,40311.79,69.06,249.39,192,3891,18,594,8,North America,Apparel,Online,Completed,Low,3.7,90,0.2151,0.592,99.312,75.1,2,9,7870313,CUST-69495,True,0.29,4669.77,38.08
2030-07-07,12056.6,21989.48,-9932.88,-82.39,65.83,400,3419,21,823,130,Latin America,Home & Kitchen,Online,Completed,Low,4.6,81,0.0785,0.818,99.941,213.4,3,5,7595283,CUST-83679,True,0.21,964.53,10.56
2030-07-08,45550.89,22622.49,22928.4,50.34,51.14,53,2289,15,833,146,North America,Books,Online,Shipped,Medium,2.1,92,0.0343,0.537,99.131,166.9,0,1,5058575,CUST-32944,False,0.0,3644.07,46.73
2030-07-09,53619.83,22363.06,31256.77,58.29,176.39,982,2549,22,1017,109,Europe,Books,Retail Store,Completed,Medium,2.1,9,0.0919,0.568,99.466,133.5,2,8,3916530,CUST-92691,False,0.0,4289.59,33.65
2030-07-10,32734.79,34145.75,-1410.96,-4.31,162.31,910,4067,19,1694,140,Asia-Pacific,Apparel,Direct Sales,Pending,Critical,3.6,40,0.2416,0.975,99.699,63.9,2,6,8893624,CUST-38375,False,0.0,2618.78,9.4
2030-07-11,55794.85,25950.49,29844.36,53.49,477.29,709,922,19,584,101,Europe,Home & Kitchen,Retail Store,Completed,Medium,4.5,-28,0.0455,0.366,98.092,71.9,0,10,9608686,CUST-42995,False,0.0,4463.59,34.8
2030-07-12,46932.93,28563.88,18369.05,39.14,393.98,911,321,17,1731,96,Latin America,Beauty,Retail Store,Completed,Medium,3.5,-98,0.0982,0.802,99.993,186.3,4,12,7891360,CUST-36030,False,0.0,3754.63,20.98
2030-07-13,76332.14,37153.86,39178.28,51.33,333.36,491,4037,20,63,82,North America,Home & Kitchen,Wholesale,Completed,Low,4.9,-99,0.1791,0.505,98.524,79.5,4,1,3292134,CUST-75197,True,0.1,6106.57,45.7
2030-07-14,73595.3,23869.42,49725.88,67.57,263.65,272,1487,11,1379,87,Middle East,Home & Kitchen,Wholesale,Completed,Low,1.9,39,0.0978,0.464,99.405,137.5,1,13,3384248,CUST-68248,True,0.1,5887.62,37.15
2030-07-15,43012.92,27883.63,15129.29,35.17,92.01,183,3988,16,1902,74,Asia-Pacific,Books,Direct Sales,Pending,Medium,4.3,-13,0.0496,0.146,99.907,183.8,2,9,2640878,CUST-67700,False,0.0,3441.03,32.55
2030-07-16,47737.43,32926.08,14811.35,31.03,489.44,450,2260,14,1621,40,Latin America,Apparel,Direct Sales,Pending,High,4.7,-45,0.3571,0.748,99.526,123.7,2,5,8096175,CUST-88674,False,0.0,3818.99,15.27
2030-07-17,48890.79,14467.46,34423.33,70.41,193.77,575,3370,19,320,88,Europe,Home & Kitchen,Online,Refunded,Medium,2.7,-43,0.1678,0.823,98.459,78.2,2,12,6978342,CUST-77704,False,0.0,3911.26,43.24
2030-07-18,43225.11,10920.76,32304.35,74.74,62.39,229,2025,15,1846,133,North America,Electronics,Wholesale,Pending,Medium,4.8,79,0.0602,0.431,98.725,57.9,1,2,2883387,CUST-72300,False,0.0,3458.01,46.5
2030-07-19,52925.37,32768.94,20156.43,38.08,251.96,567,4793,18,1126,145,Latin America,Electronics,Retail Store,Completed,Medium,1.8,42,0.4447,0.764,98.828,133.4,2,1,1661749,CUST-78515,True,0.06,4234.03,33.39
2030-07-20,38625.77,33936.11,4689.66,12.14,438.26,403,3051,21,1567,144,Latin America,Apparel,Direct Sales,Cancelled,Medium,4.8,-100,0.1701,0.581,99.173,81.4,1,13,9900116,CUST-52553,True,0.07,3090.06,45.43
2030-07-21,33040.77,46513.76,-13472.99,-40.78,444.77,781,4680,18,1633,79,Middle East,Beauty,Direct Sales,Shipped,Low,4.6,99,0.1533,0.258,99.206,120.1,0,12,5694319,CUST-65381,False,0.0,2643.26,13.32
2030-07-22,59340.67,31264.76,28075.91,47.31,15.37,204,4093,18,512,104,Middle East,Sports,Retail Store,Completed,Medium,1.3,12,0.1187,0.924,99.576,82.7,0,6,7822321,CUST-37477,False,0.0,4747.25,26.77
2030-07-23,59442.94,36557.92,22885.02,38.5,444.28,418,2698,12,572,149,Middle East,Home & Kitchen,Online,Completed,Medium,3.1,-30,0.2133,0.697,99.719,98.9,3,11,8355184,CUST-66874,False,0.0,4755.44,10.83
2030-07-24,37935.26,28436.22,9499.04,25.04,143.03,480,1766,20,819,57,Europe,Sports,Wholesale,Cancelled,Low,3.1,1,0.0947,0.878,98.179,100.1,1,3,1109003,CUST-37330,False,0.0,3034.82,38.76
2030-07-25,63430.33,32377.82,31052.51,48.96,29.1,356,3181,17,904,71,Middle East,Home & Kitchen,Wholesale,Pending,Medium,1.2,-56,0.133,0.281,98.546,110.9,2,1,2146146,CUST-12765,True,0.28,5074.43,24.17
2030-07-26,40526.33,43338.05,-2811.72,-6.94,425.42,471,3985,21,841,14,Latin America,Books,Retail Store,Pending,Low,1.2,43,0.0568,0.916,98.687,94.1,2,6,3790983,CUST-58132,False,0.0,3242.11,45.91
2030-07-27,53797.48,13008.06,40789.42,75.82,433.29,70,4857,21,1795,50,Latin America,Home & Kitchen,Online,Completed,Medium,1.0,22,0.1707,0.365,98.027,130.0,3,6,6468235,CUST-33569,False,0.0,4303.8,46.37
2030-07-28,62305.16,33308.93,28996.23,46.54,302.15,175,2214,18,1397,87,Latin America,Sports,Retail Store,Pending,Medium,3.1,-84,0.1352,0.01,98.835,154.9,3,4,8714724,CUST-90669,True,0.22,4984.41,28.71
2030-07-29,49495.81,47084.69,2411.12,4.87,291.47,681,2852,15,1920,121,Asia-Pacific,Beauty,Wholesale,Completed,Low,2.9,-71,0.0404,0.075,98.718,107.4,1,6,3201064,CUST-36078,False,0.0,3959.66,9.55
2030-07-30,56821.11,32256.27,24564.84,43.23,408.43,160,3268,22,1597,8,Asia-Pacific,Home & Kitchen,Retail Store,Completed,Medium,4.8,-64,0.4288,0.089,99.051,129.1,1,1,5730184,CUST-57761,True,0.06,4545.69,20.74
2030-07-31,42253.56,43204.58,-951.02,-2.25,395.29,120,1654,22,492,61,Europe,Home & Kitchen,Retail Store,Shipped,Medium,2.4,-83,0.1021,0.207,98.2,87.3,5,13,4635035,CUST-26792,False,0.0,3380.28,45.65
2030-08-01,47053.0,24966.3,22086.7,46.94,446.15,497,1180,19,300,42,Middle East,Books,Wholesale,Pending,High,3.6,-90,0.1275,0.187,98.828,65.1,4,5,2744508,CUST-99332,False,0.0,3764.24,28.94
2030-08-02,46912.11,29743.62,17168.49,36.6,280.85,558,4034,16,1908,144,Latin America,Electronics,Wholesale,Completed,High,1.0,-41,0.3346,0.058,99.195,134.1,2,11,2339569,CUST-87691,True,0.13,3752.97,10.71
2030-08-03,38801.32,30268.2,8533.12,21.99,484.15,12,187,12,209,35,Middle East,Electronics,Wholesale,Completed,Medium,3.7,86,0.5136,0.895,99.608,150.8,1,5,4045108,CUST-37335,True,0.2,3104.11,8.09
2030-08-04,47348.39,12259.27,35089.12,74.11,498.11,492,2800,18,85,134,Latin America,Beauty,Retail Store,Completed,Low,4.7,97,0.1943,0.828,99.533,53.0,2,6,6043285,CUST-49771,False,0.0,3787.87,47.3
2030-08-05,26770.73,20654.58,6116.15,22.85,67.11,22,2803,15,1734,133,Asia-Pacific,Apparel,Retail Store,Completed,Medium,2.4,53,0.0207,0.763,98.81,116.8,2,5,9651646,CUST-43598,False,0.0,2141.66,38.49
2030-08-06,42632.69,21225.0,21407.69,50.21,426.28,171,3059,8,929,85,Latin America,Apparel,Retail Store,Completed,Medium,2.3,-21,0.1779,0.479,98.779,135.1,1,1,4285102,CUST-15729,False,0.0,3410.62,31.64
2030-08-07,45726.87,36576.53,9150.34,20.01,254.91,353,2518,18,1271,29,Europe,Books,Online,Completed,Medium,3.5,-63,0.243,0.425,98.075,130.1,2,3,9187439,CUST-92584,False,0.0,3658.15,7.21
2030-08-08,46157.3,36977.22,9180.08,19.89,199.91,458,2522,18,1523,9,North America,Sports,Direct Sales,Completed,Low,2.3,36,0.3029,0.425,98.165,99.3,2,10,1480663,CUST-37893,False,0.0,3692.58,35.0
2030-08-09,46377.54,32592.29,13785.25,29.72,310.41,341,4247,19,1451,52,Latin America,Sports,Online,Shipped,Medium,2.6,100,0.1347,0.262,99.745,121.7,3,7,6286176,CUST-55248,False,0.0,3710.2,47.09
2030-08-10,49073.54,36592.82,12480.72,25.43,37.42,273,1847,19,1319,146,Europe,Home & Kitchen,Direct Sales,Completed,Low,2.1,-55,0.1945,0.608,99.612,152.4,4,5,5011485,CUST-57210,False,0.0,3925.88,22.36
2030-08-11,57191.62,28686.8,28504.82,49.84,258.17,92,140,14,442,56,Asia-Pacific,Books,Wholesale,Completed,Low,2.4,71,0.0748,0.059,98.042,89.9,2,11,8206825,CUST-48721,False,0.0,4575.33,39.75
2030-08-12,63117.76,39615.45,23502.31,37.24,436.74,786,2238,20,1277,78,Asia-Pacific,Sports,Direct Sales,Cancelled,Critical,3.7,-59,0.4547,0.659,99.765,174.4,1,7,5032973,CUST-97777,False,0.0,5049.42,38.83
2030-08-13,40253.52,30070.31,10183.21,25.3,114.6,933,138,12,93,103,North America,Electronics,Online,Pending,Medium,4.7,100,0.4528,0.514,99.228,71.4,4,6,6880030,CUST-15822,True,0.19,3220.28,40.46
2030-08-14,31951.99,30462.91,1489.08,4.66,218.93,343,3184,16,364,71,Middle East,Beauty,Wholesale,Completed,Medium,3.3,96,0.1112,0.817,99.604,151.4,2,2,4870740,CUST-54811,True,0.08,2556.16,22.98
2030-08-15,34369.33,27875.26,6494.07,18.89,470.35,389,3779,17,457,123,Middle East,Apparel,Direct Sales,Completed,Medium,1.0,-78,0.0366,0.973,99.005,121.9,2,2,5211642,CUST-44475,False,0.0,2749.55,34.02
2030-08-16,42691.96,35475.6,7216.36,16.9,220.0,228,2251,13,944,107,Latin America,Home & Kitchen,Direct Sales,Pending,Low,2.1,5,0.1006,0.877,98.301,102.0,2,3,6401561,CUST-38825,True,0.07,3415.36,8.79
2030-08-17,44721.18,26630.41,18090.77,40.45,185.6,667,4037,15,1904,37,Asia-Pacific,Apparel,Direct Sales,Completed,Medium,4.8,-67,0.4563,0.72,98.714,55.5,1,1,1980369,CUST-49733,False,0.0,3577.69,15.54
2030-08-18,38450.06,37811.45,638.61,1.66,225.86,819,2190,9,255,149,Europe,Electronics,Retail Store,Pending,Low,4.6,49,0.1741,0.433,98.9,161.7,0,11,3164433,CUST-44389,False,0.0,3076.0,19.46
2030-08-19,30558.25,20942.81,9615.44,31.47,264.53,818,308,12,1314,38,North America,Home & Kitchen,Wholesale,Completed,High,1.5,96,0.1841,0.215,99.508,87.3,3,10,8311111,CUST-31472,True,0.22,2444.66,40.76
2030-08-20,43158.19,21208.67,21949.52,50.86,319.68,463,699,17,90,117,Middle East,Electronics,Retail Store,Refunded,Medium,4.6,92,0.1005,0.665,99.625,119.0,2,2,6256065,CUST-97943,False,0.0,3452.66,35.21
2030-08-21,52721.4,35499.41,17221.99,32.67,402.34,682,704,17,637,55,Latin America,Apparel,Wholesale,Pending,Low,4.9,53,0.2172,0.202,99.483,136.5,0,2,4859733,CUST-28255,False,0.0,4217.71,24.12
2030-08-22,58925.44,29291.65,29633.79,50.29,231.53,750,2623,17,763,40,Latin America,Apparel,Direct Sales,Completed,Low,2.3,-46,0.0389,0.02,98.953,203.3,1,3,1101651,CUST-53085,True,0.24,4714.04,23.02
2030-08-23,41638.65,26368.87,15269.78,36.67,410.57,755,3809,20,1436,17,Asia-Pacific,Electronics,Direct Sales,Completed,Medium,3.8,-86,0.0493,0.573,99.327,107.6,1,7,6401506,CUST-29479,False,0.0,3331.09,25.17
2030-08-24,43805.03,37120.46,6684.57,15.26,271.52,98,2256,16,947,89,Europe,Home & Kitchen,Online,Completed,Medium,3.2,93,0.1782,0.394,98.591,121.8,1,13,5438558,CUST-94946,False,0.0,3504.4,29.33
2030-08-25,36099.53,25141.91,10957.62,30.35,175.86,342,313,14,144,17,Europe,Electronics,Direct Sales,Completed,Medium,2.3,80,0.318,0.876,99.976,134.5,0,10,8543234,CUST-31882,False,0.0,2887.96,29.74
2030-08-26,49528.41,28398.39,21130.02,42.66,332.4,319,1676,21,589,36,Middle East,Home & Kitchen,Retail Store,Completed,Low,1.6,-22,0.3016,0.646,98.336,124.1,1,11,2111319,CUST-49192,False,0.0,3962.27,27.12
2030-08-27,37273.57,41193.82,-3920.25,-10.52,361.68,736,2918,15,1217,137,Latin America,Books,Retail Store,Completed,High,2.5,-90,0.2302,0.647,99.447,93.4,0,1,8306254,CUST-35646,False,0.0,2981.89,31.77
2030-08-28,58596.92,42313.14,16283.78,27.79,283.44,429,2224,24,108,16,Asia-Pacific,Books,Direct Sales,Completed,Low,4.7,-43,0.103,0.788,98.31,172.0,2,13,5761806,CUST-13600,False,0.0,4687.75,15.37
2030-08-29,23212.0,42579.19,-19367.19,-83.44,37.74,618,368,26,1714,41,Europe,Home & Kitchen,Retail Store,Pending,Medium,4.2,-59,0.2023,0.336,98.562,103.9,1,4,7644432,CUST-86131,True,0.06,1856.96,31.02
2030-08-30,44605.55,27742.99,16862.56,37.8,93.24,734,2508,17,903,72,Latin America,Electronics,Direct Sales,Completed,Low,2.3,-20,0.0775,0.958,99.498,136.4,4,1,4634039,CUST-46417,False,0.0,3568.44,49.07
2030-08-31,54516.61,39845.62,14670.99,26.91,149.8,363,2677,18,558,110,Europe,Home & Kitchen,Online,Pending,Low,3.2,96,0.2627,0.221,99.458,112.4,0,5,5665459,CUST-85884,True,0.14,4361.33,21.71
2030-09-01,52757.52,22408.38,30349.14,57.53,148.49,833,4878,9,562,97,North America,Apparel,Online,Pending,Medium,2.6,60,0.2773,0.872,98.249,98.8,1,6,2519525,CUST-66282,False,0.0,4220.6,8.28
2030-09-02,90395.5,22744.78,67650.72,74.84,339.98,109,4357,12,848,45,Europe,Electronics,Direct Sales,Cancelled,Low,2.9,71,0.2692,0.911,99.357,156.7,3,8,8375908,CUST-23033,False,0.0,7231.64,44.1
2030-09-03,55247.0,11196.35,44050.65,79.73,18.99,154,4660,17,1095,60,Europe,Sports,Online,Shipped,High,4.0,-12,0.2153,0.039,98.408,129.2,3,1,4521673,CUST-59799,True,0.21,4419.76,36.5
2030-09-04,34939.18,43382.95,-8443.77,-24.17,380.28,19,922,15,787,73,Latin America,Home & Kitchen,Direct Sales,Cancelled,Medium,3.2,34,0.1971,0.632,99.946,43.5,1,12,6604058,CUST-88589,False,0.0,2795.13,45.66
2030-09-05,48568.04,23088.16,25479.88,52.46,140.02,992,3735,16,1277,15,Europe,Apparel,Retail Store,Refunded,High,1.7,16,0.1236,0.749,99.206,130.4,2,2,5611145,CUST-82484,False,0.0,3885.44,43.68
2030-09-06,23356.3,28987.74,-5631.44,-24.11,161.91,53,2695,20,748,141,Europe,Beauty,Direct Sales,Completed,Low,2.1,-49,0.052,0.954,98.007,98.1,1,9,5492794,CUST-21012,False,0.0,1868.5,42.03
2030-09-07,48791.0,22717.41,26073.59,53.44,268.68,772,4053,11,936,117,North America,Apparel,Wholesale,Completed,Low,3.3,-88,0.1459,0.251,98.417,64.4,1,9,6413214,CUST-79805,True,0.2,3903.28,5.46
2030-09-08,37504.16,35561.32,1942.84,5.18,115.8,395,3931,8,520,32,Europe,Sports,Wholesale,Completed,Medium,3.8,-69,0.076,0.562,98.459,153.5,2,6,6338905,CUST-44618,False,0.0,3000.33,42.34
2030-09-09,63730.85,26994.93,36735.92,57.64,443.39,748,2199,7,333,26,Europe,Home & Kitchen,Direct Sales,Completed,Low,3.0,-62,0.1881,0.773,98.494,93.3,3,6,9111219,CUST-63317,False,0.0,5098.47,15.06
2030-09-10,41756.9,19561.46,22195.44,53.15,51.83,919,4683,12,421,89,Latin America,Electronics,Direct Sales,Completed,Medium,3.5,-23,0.1366,0.148,99.114,129.2,6,5,2445747,CUST-17476,False,0.0,3340.55,8.96
2030-09-11,48248.51,33533.3,14715.21,30.5,227.75,770,3702,17,1571,10,Asia-Pacific,Electronics,Direct Sales,Pending,Medium,4.2,-38,0.1216,0.853,98.411,152.2,3,6,4264538,CUST-51965,False,0.0,3859.88,15.56
2030-09-12,40466.63,18530.16,21936.47,54.21,426.22,504,3567,13,1405,30,North America,Books,Online,Completed,Medium,3.2,-81,0.1423,0.404,98.826,111.5,3,3,3757253,CUST-87967,False,0.0,3237.33,42.99
2030-09-13,76082.77,23300.75,52782.02,69.37,311.76,502,750,14,1100,148,Europe,Sports,Wholesale,Completed,Low,4.9,-85,0.1125,0.64,98.347,128.8,5,13,9521242,CUST-48603,False,0.0,6086.62,42.7
2030-09-14,45181.36,13144.89,32036.47,70.91,153.24,178,1734,15,904,18,Asia-Pacific,Home & Kitchen,Direct Sales,Completed,High,1.9,57,0.2425,0.042,99.334,96.2,3,3,4506608,CUST-20520,False,0.0,3614.51,23.0
2030-09-15,77488.36,18608.34,58880.02,75.99,216.17,651,4914,11,178,39,Latin America,Apparel,Direct Sales,Cancelled,Medium,4.7,4,0.1349,0.223,99.137,158.6,3,12,8014786,CUST-29903,True,0.13,6199.07,32.77
2030-09-16,62212.28,31428.23,30784.05,49.48,356.28,540,1267,10,1453,46,North America,Apparel,Retail Store,Completed,Medium,2.0,46,0.0729,0.478,99.257,113.6,3,13,5790216,CUST-94667,False,0.0,4976.98,35.33
2030-09-17,57231.0,14283.71,42947.29,75.04,486.9,345,4176,14,556,57,Latin America,Sports,Retail Store,Shipped,Low,3.1,0,0.1215,0.289,99.935,138.8,2,8,6787983,CUST-53077,False,0.0,4578.48,33.52
2030-09-18,55531.0,18150.83,37380.17,67.31,447.64,756,298,11,1948,104,Asia-Pacific,Home & Kitchen,Online,Completed,Medium,2.8,-27,0.2522,0.958,98.799,172.7,1,1,4719145,CUST-36723,False,0.0,4442.48,31.48
2030-09-19,55906.96,29981.05,25925.91,46.37,177.79,866,1455,19,1971,17,North America,Apparel,Online,Pending,Medium,2.5,-29,0.2298,0.795,98.431,55.2,2,4,4638216,CUST-72200,False,0.0,4472.56,42.56
2030-09-20,21084.91,25651.14,-4566.23,-21.66,499.12,522,3605,14,1168,15,Europe,Beauty,Wholesale,Completed,High,4.9,-23,0.1589,0.865,99.998,96.0,4,13,5969697,CUST-10492,False,0.0,1686.79,21.3
2030-09-21,45816.75,45936.29,-119.54,-0.26,11.72,139,902,16,627,144,Asia-Pacific,Sports,Wholesale,Completed,Low,2.1,57,0.1774,0.466,98.116,114.0,2,2,4193624,CUST-35882,True,0.26,3665.34,20.53
2030-09-22,62677.37,44671.17,18006.2,28.73,23.54,548,800,15,1250,101,Latin America,Books,Direct Sales,Refunded,Medium,3.7,5,0.0524,0.474,99.621,124.5,4,12,7333146,CUST-22816,False,0.0,5014.19,20.85
2030-09-23,49266.54,23056.62,26209.92,53.2,413.68,523,602,16,522,90,North America,Electronics,Wholesale,Completed,Low,4.2,61,0.2263,0.805,98.324,141.5,4,7,9308097,CUST-75112,False,0.0,3941.32,16.77
2030-09-24,28922.15,34457.1,-5534.95,-19.14,107.74,259,4664,14,1559,57,Asia-Pacific,Apparel,Direct Sales,Completed,High,1.8,66,0.0935,0.388,99.33,162.7,4,10,4187221,CUST-11523,False,0.0,2313.77,46.33
2030-09-25,49213.93,35994.26,13219.67,26.86,39.78,743,2513,17,1057,13,Asia-Pacific,Beauty,Online,Completed,Medium,4.9,-52,0.0797,0.481,98.948,93.9,2,5,9467009,CUST-25487,False,0.0,3937.11,14.52
2030-09-26,75561.58,25220.17,50341.41,66.62,126.2,956,4819,15,1348,75,Latin America,Home & Kitchen,Online,Pending,High,3.2,0,0.1552,0.529,99.678,112.9,3,13,5098228,CUST-20991,False,0.0,6044.93,37.19
2030-09-27,68703.38,18035.67,50667.71,73.75,218.79,147,3067,15,717,21,Latin America,Apparel,Online,Refunded,Medium,4.7,19,0.0556,0.607,99.462,159.3,1,5,1366710,CUST-88242,False,0.0,5496.27,36.03
2030-09-28,49069.94,29901.61,19168.33,39.06,367.98,284,2970,12,1496,14,Europe,Sports,Retail Store,Pending,Low,3.7,32,0.1335,0.65,98.345,131.8,1,11,6592960,CUST-21588,True,0.14,3925.6,38.8
2030-09-29,64271.74,28617.23,35654.51,55.47,315.92,473,4858,14,1604,127,Europe,Home & Kitchen,Wholesale,Completed,Medium,3.6,4,0.087,0.681,99.33,60.5,4,4,7331317,CUST-43469,False,0.0,5141.74,34.61
2030-09-30,44502.39,26513.88,17988.51,40.42,126.43,150,4946,13,1968,43,Asia-Pacific,Beauty,Online,Completed,Low,2.4,-58,0.0265,0.444,98.434,57.6,3,12,9999433,CUST-27873,False,0.0,3560.19,7.76
2030-10-01,24441.93,33538.53,-9096.6,-37.22,256.6,953,3567,17,1957,114,Latin America,Beauty,Online,Completed,Low,4.1,-54,0.0167,0.295,98.339,102.9,0,6,1324855,CUST-24803,False,0.0,1955.35,14.87
2030-10-02,36133.01,23994.16,12138.85,33.59,463.84,265,1518,16,369,93,Asia-Pacific,Electronics,Online,Pending,Low,1.1,86,0.0315,0.92,98.168,139.3,1,10,2967012,CUST-21802,False,0.0,2890.64,48.05
2030-10-03,73443.33,20784.02,52659.31,71.7,409.35,891,1198,18,107,98,Middle East,Home & Kitchen,Wholesale,Completed,High,3.2,96,0.3027,0.827,98.227,138.7,1,6,3995501,CUST-56251,False,0.0,5875.47,14.31
2030-10-04,45890.1,30872.66,15017.44,32.72,168.36,833,3269,16,322,111,Latin America,Books,Wholesale,Pending,Low,1.1,44,0.0902,0.003,99.408,88.7,1,6,6853968,CUST-52064,False,0.0,3671.21,20.04
2030-10-05,46349.24,33087.76,13261.48,28.61,491.31,465,482,13,1271,38,Middle East,Electronics,Retail Store,Completed,High,2.2,-82,0.0142,0.513,99.984,143.2,2,10,8000450,CUST-65358,False,0.0,3707.94,47.91
2030-10-06,45502.43,20586.84,24915.59,54.76,357.22,961,4040,11,1152,37,Middle East,Home & Kitchen,Retail Store,Completed,Low,1.4,73,0.2203,0.275,99.352,128.8,0,8,7021460,CUST-72049,False,0.0,3640.19,46.71
2030-10-07,78562.05,37424.72,41137.33,52.36,40.6,443,1493,16,1031,16,Latin America,Home & Kitchen,Retail Store,Completed,Critical,4.6,16,0.1053,0.643,99.417,82.2,0,2,3412730,CUST-51399,False,0.0,6284.96,17.36
2030-10-08,74389.38,15836.15,58553.23,78.71,27.23,616,3427,13,90,91,Europe,Beauty,Retail Store,Completed,Critical,3.5,-45,0.1761,0.503,99.565,98.9,3,4,6864090,CUST-27611,False,0.0,5951.15,29.55
2030-10-09,83281.7,25375.09,57906.61,69.53,92.52,182,1752,23,787,97,Asia-Pacific,Sports,Online,Pending,Low,3.7,53,0.1763,0.021,99.778,51.9,1,2,1083684,CUST-70770,False,0.0,6662.54,13.64
2030-10-10,47614.32,27935.93,19678.39,41.33,366.65,482,4371,10,1846,111,North America,Beauty,Direct Sales,Completed,Critical,4.4,93,0.3399,0.728,98.535,78.3,2,9,7238636,CUST-96786,False,0.0,3809.15,30.25
2030-10-11,54434.37,24910.21,29524.16,54.24,100.03,964,4423,15,1318,14,North America,Home & Kitchen,Retail Store,Completed,High,3.9,41,0.1212,0.275,99.209,54.1,0,13,1836136,CUST-40861,False,0.0,4354.75,14.17
2030-10-12,27250.36,25479.52,1770.84,6.5,260.63,432,2494,13,1096,129,Latin America,Sports,Direct Sales,Completed,Low,1.5,79,0.2752,0.26,98.433,65.9,2,6,6591428,CUST-50620,True,0.08,2180.03,33.34
2030-10-13,72154.02,44968.6,27185.42,37.68,55.7,926,2138,16,758,23,Europe,Sports,Online,Completed,High,3.5,-9,0.2119,0.032,99.051,178.8,0,10,6205409,CUST-13534,True,0.14,5772.32,10.0
2030-10-14,32483.31,23192.93,9290.38,28.6,461.23,448,2085,18,285,27,Europe,Beauty,Online,Completed,Low,4.9,31,0.0953,0.828,98.417,106.0,1,1,1703329,CUST-93878,False,0.0,2598.66,21.32
2030-10-15,53251.63,49529.77,3721.86,6.99,178.54,66,1362,16,175,132,Europe,Home & Kitchen,Wholesale,Shipped,Low,1.9,30,0.1846,0.579,98.128,57.9,1,10,1934028,CUST-12455,False,0.0,4260.13,39.97
2030-10-16,33540.46,33497.01,43.45,0.13,454.98,507,1811,13,827,89,North America,Home & Kitchen,Direct Sales,Completed,Medium,3.5,-22,0.1813,0.485,98.177,134.7,2,7,2722968,CUST-97485,False,0.0,2683.24,27.42
2030-10-17,41167.0,30736.44,10430.56,25.34,472.99,623,449,10,885,111,Middle East,Sports,Direct Sales,Completed,Low,3.3,49,0.143,0.676,99.953,130.1,3,6,1555789,CUST-93713,False,0.0,3293.36,47.84
2030-10-18,37441.06,33809.92,3631.14,9.7,13.0,178,4126,17,189,103,North America,Electronics,Online,Pending,Low,2.6,11,0.1444,0.345,98.012,126.8,2,13,3814204,CUST-65492,False,0.0,2995.28,22.37
2030-10-19,40881.87,50239.42,-9357.55,-22.89,237.43,998,540,9,928,63,Europe,Electronics,Wholesale,Pending,Critical,4.8,-51,0.2005,0.569,99.38,89.4,2,9,1754492,CUST-56947,True,0.18,3270.55,45.52
2030-10-20,41913.16,22051.26,19861.9,47.39,22.08,591,2908,10,443,78,North America,Books,Retail Store,Completed,Critical,2.4,91,0.1516,0.249,99.775,141.8,4,5,4259948,CUST-43153,False,0.0,3353.05,40.21
2030-10-21,41775.97,21036.66,20739.31,49.64,455.26,859,2662,14,877,6,North America,Electronics,Retail Store,Shipped,High,1.4,-91,0.1578,0.063,98.787,81.6,0,8,9905183,CUST-60493,False,0.0,3342.08,39.04
2030-10-22,62500.01,23961.07,38538.94,61.66,264.02,570,3252,18,176,52,Asia-Pacific,Apparel,Wholesale,Refunded,Medium,4.9,83,0.1624,0.561,99.416,147.8,3,7,9723949,CUST-11546,False,0.0,5000.0,26.36
2030-10-23,33427.06,30257.15,3169.91,9.48,46.72,437,1484,11,1871,10,Latin America,Apparel,Wholesale,Completed,High,3.9,-3,0.1513,0.221,98.698,151.0,2,11,8165539,CUST-29211,True,0.07,2674.16,27.57
2030-10-24,53308.12,16193.83,37114.29,69.62,64.04,428,387,16,1187,47,Middle East,Beauty,Retail Store,Pending,Low,2.4,-85,0.1773,0.75,99.058,117.8,1,8,5987691,CUST-97028,False,0.0,4264.65,18.7
2030-10-25,68269.39,30178.71,38090.68,55.79,197.92,356,2155,19,1993,149,Asia-Pacific,Sports,Online,Completed,High,2.1,-64,0.3888,0.452,99.871,68.7,1,6,8004508,CUST-44642,False,0.0,5461.55,45.96
2030-10-26,42302.05,43548.38,-1246.33,-2.95,470.71,526,1097,19,886,131,Latin America,Apparel,Online,Completed,Low,4.7,-1,0.0929,0.25,98.085,148.1,3,13,2198372,CUST-70114,True,0.21,3384.16,14.98
2030-10-27,39231.22,31211.26,8019.96,20.44,349.53,464,2433,17,574,83,Europe,Electronics,Wholesale,Completed,High,2.1,82,0.1838,0.608,98.534,99.6,2,12,1475799,CUST-48227,False,0.0,3138.5,23.1
2030-10-28,46542.13,27658.52,18883.61,40.57,435.13,723,1522,12,1301,125,Asia-Pacific,Sports,Online,Shipped,Medium,3.1,-79,0.1076,0.117,98.212,129.6,1,5,4869111,CUST-71972,False,0.0,3723.37,30.47
2030-10-29,67695.88,25054.72,42641.16,62.99,189.56,211,173,12,1594,124,Latin America,Books,Online,Pending,Critical,1.9,21,0.4671,0.761,98.992,144.2,2,3,8182243,CUST-95534,False,0.0,5415.67,16.86
2030-10-30,52911.61,37188.09,15723.52,29.72,31.17,188,1562,21,195,33,Asia-Pacific,Home & Kitchen,Direct Sales,Completed,High,5.0,-69,0.1652,0.452,99.541,91.7,3,2,1494562,CUST-16302,True,0.09,4232.93,17.01
2030-10-31,42031.79,23393.34,18638.45,44.34,487.42,66,3294,19,1236,82,North America,Books,Retail Store,Completed,High,4.1,71,0.0385,0.813,99.953,195.1,3,12,1381159,CUST-18004,False,0.0,3362.54,21.61
2030-11-01,57258.15,44771.17,12486.98,21.81,18.41,707,2305,10,784,62,North America,Electronics,Wholesale,Completed,Medium,3.3,-20,0.2373,0.138,98.311,118.5,3,11,5345498,CUST-29111,False,0.0,4580.65,40.91
2030-11-02,33465.62,45466.88,-12001.26,-35.86,474.35,613,529,14,777,74,Asia-Pacific,Electronics,Retail Store,Completed,High,4.0,-28,0.0931,0.383,98.088,96.5,2,5,5038699,CUST-72465,False,0.0,2677.25,10.42
2030-11-03,60220.39,32054.01,28166.38,46.77,190.65,813,1571,18,1973,13,Asia-Pacific,Electronics,Direct Sales,Shipped,High,4.7,79,0.0745,0.18,98.277,155.0,2,3,6422374,CUST-23847,True,0.06,4817.63,33.29
2030-11-04,56129.11,29907.88,26221.23,46.72,14.94,915,3581,10,218,43,Middle East,Beauty,Online,Completed,Low,4.9,-68,0.2601,0.061,99.938,174.2,3,2,4876258,CUST-64959,False,0.0,4490.33,48.72
2030-11-05,45382.87,38245.28,7137.59,15.73,347.69,955,3280,18,1611,126,Europe,Apparel,Online,Completed,Medium,4.1,19,0.2368,0.955,98.64,47.7,1,4,7364393,CUST-32845,False,0.0,3630.63,34.6
2030-11-06,37421.21,38758.39,-1337.18,-3.57,490.46,510,1830,12,1198,63,North America,Electronics,Direct Sales,Completed,Low,4.4,-4,0.0882,0.727,98.534,71.7,2,9,6909648,CUST-30993,False,0.0,2993.7,25.29
2030-11-07,36699.79,23552.07,13147.72,35.83,483.16,748,135,22,349,48,Asia-Pacific,Home & Kitchen,Retail Store,Cancelled,High,2.6,29,0.0361,0.326,99.47,92.9,2,11,7587528,CUST-41961,True,0.2,2935.98,30.51
2030-11-08,58022.26,25787.56,32234.7,55.56,88.86,942,1120,18,1323,69,Latin America,Apparel,Direct Sales,Pending,Low,2.6,-87,0.2472,0.246,98.241,194.0,1,8,8972386,CUST-45600,False,0.0,4641.78,9.18
2030-11-09,68434.71,19421.22,49013.49,71.62,98.81,121,2097,12,987,15,Europe,Apparel,Online,Completed,Critical,4.2,0,0.0718,0.204,98.698,103.2,2,8,1057867,CUST-87627,False,0.0,5474.78,23.96
2030-11-10,40440.38,33272.52,7167.86,17.72,287.11,157,2860,15,571,95,Latin America,Beauty,Online,Completed,Medium,4.0,-40,0.0909,0.043,98.29,173.2,2,11,4552980,CUST-21446,False,0.0,3235.23,10.55
2030-11-11,56875.8,35333.02,21542.78,37.88,322.28,790,3217,14,154,88,Europe,Books,Retail Store,Completed,Low,4.6,-36,0.0158,0.103,99.949,127.7,3,7,1098523,CUST-88794,True,0.21,4550.06,18.55
2030-11-12,18694.59,19200.59,-506.0,-2.71,372.31,724,2635,11,667,9,Latin America,Sports,Online,Refunded,High,1.5,-15,0.0603,0.103,98.57,69.2,2,7,3465706,CUST-33415,False,0.0,1495.57,21.54
2030-11-13,41230.73,26358.41,14872.32,36.07,98.71,387,4814,19,1018,118,North America,Apparel,Retail Store,Completed,Low,3.8,-71,0.0527,0.666,98.538,150.8,1,5,6004181,CUST-39110,False,0.0,3298.46,42.23
2030-11-14,49534.12,19221.97,30312.15,61.19,479.91,886,4365,13,1586,109,Asia-Pacific,Apparel,Wholesale,Completed,Medium,3.6,-74,0.4542,0.595,99.269,131.1,0,8,8061732,CUST-92291,True,0.08,3962.73,25.83
2030-11-15,36354.75,22809.6,13545.15,37.26,322.98,924,245,18,1767,20,Asia-Pacific,Electronics,Online,Completed,High,4.2,-37,0.179,0.568,98.033,89.8,1,4,7188475,CUST-11518,False,0.0,2908.38,17.29
2030-11-16,35952.4,34408.14,1544.26,4.3,425.05,357,4615,12,1985,11,Middle East,Home & Kitchen,Online,Completed,Low,1.1,-68,0.2558,0.734,99.307,96.9,2,8,7734323,CUST-72540,False,0.0,2876.19,33.54
2030-11-17,39983.31,24132.14,15851.17,39.64,274.63,367,4768,17,555,48,Asia-Pacific,Electronics,Retail Store,Completed,Medium,4.3,-48,0.2121,0.251,98.908,83.3,1,9,5831296,CUST-51689,True,0.25,3198.66,35.53
2030-11-18,54382.89,27593.39,26789.5,49.26,213.0,65,1126,16,351,30,North America,Home & Kitchen,Wholesale,Completed,Medium,2.3,-21,0.1072,0.342,98.368,98.1,2,11,9242340,CUST-78159,False,0.0,4350.63,21.5
2030-11-19,47190.06,16981.51,30208.55,64.01,488.82,822,3765,14,702,40,Europe,Apparel,Online,Completed,Critical,3.7,37,0.1763,0.127,98.973,143.0,1,8,5411089,CUST-75898,False,0.0,3775.2,21.81
2030-11-20,16426.53,31495.92,-15069.39,-91.74,295.24,325,1386,16,1303,96,Europe,Home & Kitchen,Online,Completed,Low,3.5,54,0.0195,0.588,99.998,88.4,2,9,4473667,CUST-90211,False,0.0,1314.12,42.9
2030-11-21,18189.5,29645.81,-11456.31,-62.98,434.77,973,2946,17,113,16,Asia-Pacific,Electronics,Wholesale,Completed,Low,2.8,64,0.1808,0.933,99.678,123.0,3,1,9717082,CUST-63869,False,0.0,1455.16,26.98
2030-11-22,40897.02,24168.33,16728.69,40.9,477.11,194,420,17,639,94,Latin America,Electronics,Online,Completed,Medium,4.0,29,0.0762,0.863,99.948,131.0,1,2,9929390,CUST-86618,True,0.17,3271.76,39.11
2030-11-23,56865.3,28487.89,28377.41,49.9,340.92,63,4195,10,281,72,Asia-Pacific,Books,Retail Store,Shipped,Medium,4.8,-7,0.2469,0.555,99.852,118.1,3,5,3959617,CUST-67371,False,0.0,4549.22,11.13
2030-11-24,8787.43,31442.36,-22654.93,-257.81,278.98,46,2393,16,1672,112,Europe,Beauty,Wholesale,Completed,Medium,2.3,9,0.2721,0.645,99.641,63.5,3,9,6603751,CUST-60378,False,0.0,702.99,24.77
2030-11-25,42504.05,23481.05,19023.0,44.76,11.72,732,1712,17,1256,108,Middle East,Books,Wholesale,Completed,Low,4.0,-58,0.115,0.992,98.669,146.2,1,13,7490382,CUST-26968,True,0.1,3400.32,11.85
2030-11-26,42106.28,18189.9,23916.38,56.8,29.61,814,576,12,368,92,Europe,Apparel,Direct Sales,Shipped,Medium,2.3,46,0.1432,0.517,99.46,79.2,4,2,5983868,CUST-78899,False,0.0,3368.5,6.51
2030-11-27,70825.07,44444.6,26380.47,37.25,108.42,279,3264,15,1731,99,Latin America,Home & Kitchen,Online,Shipped,High,4.4,14,0.0925,0.871,98.783,99.9,2,1,4109613,CUST-46762,False,0.0,5666.01,36.4
2030-11-28,44224.67,24933.82,19290.85,43.62,101.14,872,1926,14,878,130,Latin America,Electronics,Wholesale,Completed,Low,2.7,-2,0.1411,0.501,98.859,103.9,4,5,1567773,CUST-46997,True,0.16,3537.97,15.8
2030-11-29,55744.83,29225.92,26518.91,47.57,134.83,741,882,14,141,34,Middle East,Electronics,Wholesale,Completed,Low,2.8,-90,0.0956,0.048,99.747,118.9,2,7,6753708,CUST-30748,False,0.0,4459.59,30.94
2030-11-30,52118.86,38086.72,14032.14,26.92,159.42,517,4728,4,1708,67,Latin America,Electronics,Wholesale,Shipped,Medium,4.1,-49,0.3758,0.935,98.41,123.4,2,12,1264855,CUST-66446,False,0.0,4169.51,18.85
2030-12-01,18041.5,58232.44,-40190.94,-222.77,186.43,237,2047,13,1861,7,Asia-Pacific,Sports,Direct Sales,Completed,Low,3.0,25,0.0663,0.112,98.593,144.0,4,13,2785875,CUST-66366,True,0.28,1443.32,44.3
2030-12-02,61523.11,20044.11,41479.0,67.42,216.06,437,3431,18,1010,106,Asia-Pacific,Electronics,Online,Cancelled,Medium,2.1,21,0.0622,0.704,99.861,109.1,2,4,2078783,CUST-98458,False,0.0,4921.85,39.19
2030-12-03,53230.95,33598.62,19632.33,36.88,58.44,879,4774,12,113,96,Europe,Sports,Wholesale,Shipped,Low,5.0,-69,0.1206,0.238,99.399,77.4,1,2,8587457,CUST-61958,False,0.0,4258.48,20.84
2030-12-04,57624.03,24339.58,33284.45,57.76,30.76,732,1693,13,893,52,North America,Apparel,Online,Completed,Low,3.5,-21,0.254,0.901,98.13,158.0,3,10,2279052,CUST-96228,False,0.0,4609.92,19.02
2030-12-05,108893.57,25689.68,83203.89,76.41,340.23,819,1847,13,268,12,Asia-Pacific,Beauty,Wholesale,Completed,Medium,3.6,-72,0.0597,0.2,98.243,106.0,5,4,7341634,CUST-45223,False,0.0,8711.49,13.36
2030-12-06,18738.31,24238.3,-5499.99,-29.35,273.29,10,2133,16,753,139,Asia-Pacific,Books,Retail Store,Completed,Low,3.6,-65,0.2081,0.14,99.159,113.5,1,11,2573556,CUST-22618,False,0.0,1499.06,21.12
2030-12-07,75870.45,20994.76,54875.69,72.33,227.63,32,356,16,668,41,Middle East,Sports,Wholesale,Refunded,High,4.5,74,0.0935,0.439,99.598,85.0,1,8,6175119,CUST-29500,False,0.0,6069.64,26.22
2030-12-08,45688.29,29669.67,16018.62,35.06,320.88,512,3091,16,1982,75,Asia-Pacific,Books,Wholesale,Shipped,High,1.7,-13,0.2291,0.497,99.586,89.7,1,1,8463742,CUST-60777,False,0.0,3655.06,38.56
2030-12-09,54309.93,18203.98,36105.95,66.48,415.56,457,1517,19,296,86,Europe,Sports,Direct Sales,Completed,Medium,1.2,70,0.3548,0.819,98.85,170.5,1,1,7392245,CUST-45375,False,0.0,4344.79,48.27
2030-12-10,49317.32,37574.46,11742.86,23.81,219.57,805,4214,12,1013,116,Middle East,Electronics,Wholesale,Completed,Medium,2.5,11,0.1614,0.762,98.517,71.9,0,12,3438093,CUST-79075,True,0.25,3945.39,16.79
2030-12-11,43636.45,30440.02,13196.43,30.24,324.15,505,209,15,1546,107,Asia-Pacific,Electronics,Retail Store,Pending,Low,3.3,-49,0.1114,0.328,99.575,77.0,4,9,2121239,CUST-82701,False,0.0,3490.92,40.79
2030-12-12,41452.51,33379.48,8073.03,19.48,477.25,909,2652,14,1063,25,Europe,Home & Kitchen,Wholesale,Refunded,Medium,2.1,-48,0.3414,0.385,99.888,103.8,2,2,2669163,CUST-69450,False,0.0,3316.2,19.4
2030-12-13,54942.63,26270.49,28672.14,52.19,421.42,434,1157,12,106,38,Middle East,Electronics,Retail Store,Pending,Medium,3.8,-33,0.299,0.577,98.888,131.1,5,6,7817505,CUST-32812,False,0.0,4395.41,23.17
2030-12-14,27242.39,27062.37,180.02,0.66,218.74,709,4450,20,1118,31,North America,Books,Retail Store,Completed,Low,1.3,32,0.1668,0.552,98.275,86.1,2,11,5780641,CUST-42241,False,0.0,2179.39,29.67
2030-12-15,61258.69,32300.51,28958.18,47.27,325.91,27,4833,16,1961,12,Europe,Home & Kitchen,Retail Store,Completed,Low,4.2,-18,0.2098,0.862,99.219,64.8,6,8,6872332,CUST-10593,True,0.08,4900.7,25.46
2030-12-16,43757.08,20687.59,23069.49,52.72,96.76,968,2142,15,1159,22,Asia-Pacific,Home & Kitchen,Direct Sales,Completed,Low,3.9,75,0.0275,0.472,98.143,77.3,1,12,3030037,CUST-93322,False,0.0,3500.57,18.92
2030-12-17,33048.96,27136.08,5912.88,17.89,284.66,454,2281,11,1111,144,Middle East,Electronics,Online,Cancelled,Low,1.9,14,0.1177,0.894,99.223,105.4,0,10,6770022,CUST-36425,False,0.0,2643.92,6.29
2030-12-18,43249.81,23123.09,20126.72,46.54,490.85,570,4592,10,231,55,North America,Home & Kitchen,Online,Completed,Medium,2.2,51,0.2149,0.205,98.346,85.0,3,10,3767215,CUST-23435,True,0.16,3459.98,41.0
2030-12-19,68857.24,22875.45,45981.79,66.78,263.97,568,3658,12,213,140,Europe,Beauty,Retail Store,Pending,High,4.2,23,0.0253,0.868,99.032,197.8,0,7,8446068,CUST-54683,True,0.28,5508.58,26.7
2030-12-20,41969.97,13121.29,28848.68,68.74,464.54,636,1721,16,806,51,North America,Electronics,Direct Sales,Completed,High,4.1,25,0.0334,0.304,99.251,189.4,0,4,8703815,CUST-36363,False,0.0,3357.6,13.44
2030-12-21,55376.8,40714.61,14662.19,26.48,209.59,48,3758,6,1908,60,Europe,Beauty,Direct Sales,Completed,Medium,4.3,11,0.1402,0.789,98.893,160.8,2,12,7380739,CUST-71272,False,0.0,4430.14,33.12
2030-12-22,39035.66,24507.69,14527.97,37.22,499.43,738,2794,16,1962,143,Asia-Pacific,Electronics,Online,Pending,Medium,2.3,-100,0.321,0.565,99.655,133.2,2,5,2093214,CUST-99470,False,0.0,3122.85,39.79
2030-12-23,61368.83,39307.01,22061.82,35.95,293.82,219,3984,12,175,146,Europe,Sports,Retail Store,Shipped,Low,4.9,-2,0.0416,0.876,98.749,133.2,0,10,8355204,CUST-48587,False,0.0,4909.51,35.92
2030-12-24,60282.62,38550.34,21732.28,36.05,30.71,783,4880,15,1280,83,Asia-Pacific,Beauty,Online,Completed,Medium,3.9,-99,0.0617,0.231,98.31,166.3,1,1,9630123,CUST-16546,True,0.14,4822.61,30.24
2030-12-25,77729.13,19712.0,58017.13,74.64,297.51,220,3384,14,316,18,Europe,Electronics,Online,Completed,Low,1.3,37,0.1738,0.701,98.928,124.6,2,6,9936581,CUST-48575,False,0.0,6218.33,13.55
2030-12-26,47366.54,21292.71,26073.83,55.05,144.54,574,2266,10,403,104,Middle East,Books,Direct Sales,Pending,Low,2.9,90,0.1227,0.849,99.927,91.2,2,3,6781633,CUST-77774,False,0.0,3789.32,16.89
2030-12-27,60029.82,50484.02,9545.8,15.9,25.92,981,3986,13,1484,7,Europe,Sports,Direct Sales,Shipped,Medium,3.7,-42,0.1541,0.777,99.76,194.3,3,13,1012544,CUST-91417,True,0.09,4802.39,9.55
2030-12-28,51471.01,44007.41,7463.6,14.5,412.22,290,4497,22,1672,126,Europe,Sports,Wholesale,Pending,Low,1.7,-95,0.1332,0.566,98.622,140.1,2,2,5879677,CUST-90510,False,0.0,4117.68,15.01
2030-12-29,69438.08,29747.85,39690.23,57.16,145.11,876,4422,11,1730,11,Latin America,Sports,Direct Sales,Completed,Low,4.6,3,0.2317,0.675,98.485,170.9,3,7,6349462,CUST-58562,True,0.2,5555.05,13.47
2030-12-30,39217.51,32058.98,7158.53,18.25,400.31,842,4551,18,1195,43,Latin America,Electronics,Direct Sales,Completed,Low,4.0,-18,0.1954,0.197,98.967,183.4,4,4,8055249,CUST-66236,True,0.19,3137.4,46.24
2030-12-31,61175.08,24953.23,36221.85,59.21,151.23,142,4896,16,1581,119,Europe,Books,Online,Shipped,Low,1.3,75,0.1518,0.216,99.31,58.0,3,6,5848898,CUST-26401,True,0.14,4894.01,10.01
2031-01-01,47079.54,33458.82,13620.72,28.93,105.22,458,3492,17,659,114,Latin America,Apparel,Direct Sales,Shipped,Medium,4.7,63,0.0124,0.267,99.853,89.8,2,11,2498226,CUST-19311,False,0.0,3766.36,47.45
2031-01-02,49037.18,24262.54,24774.64,50.52,487.23,273,2370,13,518,69,Asia-Pacific,Sports,Direct Sales,Completed,Low,2.6,-53,0.1302,0.828,99.227,112.9,3,3,8950031,CUST-56499,False,0.0,3922.97,11.43
2031-01-03,51376.29,13741.17,37635.12,73.25,187.21,816,3811,17,850,29,Latin America,Apparel,Online,Refunded,Low,2.8,56,0.3516,0.167,99.672,137.5,2,10,8767011,CUST-26977,False,0.0,4110.1,31.15
2031-01-04,53783.61,19427.55,34356.06,63.88,304.67,120,1686,17,182,35,Europe,Electronics,Direct Sales,Completed,Low,4.1,19,0.0251,0.299,99.392,152.1,2,9,7312981,CUST-78477,True,0.23,4302.69,13.54
2031-01-05,48256.56,30168.74,18087.82,37.48,308.89,564,1314,13,1452,90,North America,Sports,Direct Sales,Completed,Low,3.6,68,0.2507,0.92,98.203,117.8,1,3,3459655,CUST-41567,True,0.28,3860.52,34.58
2031-01-06,53220.7,20951.46,32269.24,60.63,284.63,859,1745,15,1061,142,North America,Books,Wholesale,Shipped,High,2.8,-13,0.1461,0.755,99.784,165.2,0,2,8063573,CUST-89874,False,0.0,4257.66,42.38
2031-01-07,73671.77,29461.78,44209.99,60.01,458.2,247,1450,12,898,81,Europe,Books,Retail Store,Completed,Low,2.0,27,0.0538,0.733,98.399,141.3,1,7,5907084,CUST-33941,False,0.0,5893.74,9.18
2031-01-08,64781.75,21402.71,43379.04,66.96,340.48,900,3298,20,1069,141,Europe,Sports,Wholesale,Refunded,Low,3.1,-28,0.4755,0.455,98.733,140.9,2,3,4945244,CUST-66672,False,0.0,5182.54,47.77
2031-01-09,63037.32,23741.17,39296.15,62.34,207.83,466,464,21,367,126,North America,Home & Kitchen,Direct Sales,Completed,Medium,3.3,-69,0.1901,0.702,99.681,110.3,2,1,3052175,CUST-29958,False,0.0,5042.99,11.95
2031-01-10,43166.91,36825.32,6341.59,14.69,432.57,910,4039,15,1650,12,Middle East,Home & Kitchen,Online,Completed,Low,3.5,3,0.1624,0.566,99.958,131.1,0,5,7131337,CUST-26324,False,0.0,3453.35,25.7
2031-01-11,36661.39,31979.84,4681.55,12.77,98.72,768,4714,21,760,101,Latin America,Sports,Online,Completed,Medium,3.4,-96,0.1779,0.071,98.621,130.8,2,7,9245165,CUST-53867,False,0.0,2932.91,47.09
2031-01-12,64329.51,29922.68,34406.83,53.49,276.68,525,3299,22,1198,23,Middle East,Beauty,Retail Store,Completed,Low,3.5,-16,0.059,0.577,98.766,153.7,0,10,4335457,CUST-13379,False,0.0,5146.36,44.66
2031-01-13,63140.7,37031.71,26108.99,41.35,475.77,885,1726,11,500,34,Asia-Pacific,Home & Kitchen,Online,Completed,Critical,2.9,-84,0.1113,0.452,98.971,73.9,2,2,1127264,CUST-85392,False,0.0,5051.26,9.77
2031-01-14,72090.06,33844.87,38245.19,53.05,316.44,870,3301,15,1931,13,North America,Electronics,Direct Sales,Completed,Critical,3.2,-77,0.2468,0.114,98.996,144.6,2,5,8085039,CUST-49931,False,0.0,5767.2,32.88
2031-01-15,40940.29,41572.51,-632.22,-1.54,410.31,906,1745,22,1793,87,North America,Home & Kitchen,Wholesale,Completed,Medium,2.2,27,0.3075,0.344,99.501,62.4,0,8,3325398,CUST-78740,False,0.0,3275.22,40.92
2031-01-16,46556.77,26321.13,20235.64,43.46,330.24,871,1081,14,1281,51,Middle East,Home & Kitchen,Retail Store,Shipped,Medium,1.6,-10,0.1219,0.895,99.634,90.1,1,7,3199419,CUST-59219,False,0.0,3724.54,38.67
2031-01-17,25407.74,26562.92,-1155.18,-4.55,421.29,833,2495,12,1373,94,Asia-Pacific,Electronics,Wholesale,Completed,Medium,3.4,11,0.2469,0.804,99.982,141.3,0,6,1634898,CUST-93265,False,0.0,2032.62,16.11
2031-01-18,44112.93,19591.13,24521.8,55.59,472.8,182,2136,19,1562,5,Middle East,Electronics,Online,Shipped,Critical,1.2,-19,0.1582,0.914,99.608,90.7,0,6,1589872,CUST-40971,False,0.0,3529.03,20.41
2031-01-19,64948.56,26568.15,38380.41,59.09,143.73,202,3652,20,682,135,Asia-Pacific,Beauty,Direct Sales,Completed,Medium,1.3,-15,0.0524,0.717,98.6,121.0,1,4,3143470,CUST-29898,False,0.0,5195.88,16.25
2031-01-20,43002.57,37718.16,5284.41,12.29,93.13,524,1021,14,191,5,Europe,Books,Retail Store,Completed,Low,2.0,-95,0.4737,0.633,98.716,87.8,1,10,7072039,CUST-22926,False,0.0,3440.21,34.34
2031-01-21,59607.2,40399.9,19207.3,32.22,247.16,799,3846,9,1053,127,Europe,Home & Kitchen,Online,Completed,Low,1.8,-73,0.0557,0.139,99.236,141.0,2,8,5921335,CUST-35064,False,0.0,4768.58,27.16
2031-01-22,47142.45,37682.44,9460.01,20.07,353.91,977,3758,14,1547,141,North America,Sports,Online,Completed,Low,2.5,5,0.0111,0.107,99.373,121.7,5,6,2012063,CUST-82778,False,0.0,3771.4,46.8
2031-01-23,54860.86,15646.47,39214.39,71.48,121.32,577,3882,13,908,139,Europe,Sports,Wholesale,Shipped,Medium,2.5,47,0.0377,0.247,98.18,119.1,3,12,3212570,CUST-96482,False,0.0,4388.87,18.49
2031-01-24,32784.63,38665.16,-5880.53,-17.94,12.01,795,4095,12,618,34,Middle East,Apparel,Online,Refunded,Low,1.5,20,0.0678,0.314,98.687,158.5,1,10,1634612,CUST-76257,False,0.0,2622.77,38.98
2031-01-25,51278.14,15291.85,35986.29,70.18,178.04,418,4556,15,353,81,Asia-Pacific,Books,Wholesale,Completed,Medium,2.0,46,0.2307,0.607,98.405,134.6,2,7,7672360,CUST-97995,False,0.0,4102.25,9.76
2031-01-26,5132.96,37184.94,-32051.98,-624.43,484.74,697,4377,16,706,85,North America,Electronics,Online,Completed,Low,1.0,-93,0.1988,0.877,99.016,137.3,4,7,9044465,CUST-54539,False,0.0,410.64,19.57
2031-01-27,47196.56,27057.72,20138.84,42.67,350.53,637,1574,14,1629,17,Europe,Sports,Wholesale,Completed,High,2.4,-83,0.1734,0.891,98.337,158.8,4,7,4221132,CUST-80015,False,0.0,3775.72,27.66
2031-01-28,25542.9,35620.27,-10077.37,-39.45,206.65,93,4758,18,693,17,North America,Home & Kitchen,Wholesale,Refunded,Medium,4.2,-64,0.0392,0.682,99.161,162.4,3,11,7368065,CUST-99486,False,0.0,2043.43,15.79
2031-01-29,68089.92,19340.41,48749.51,71.6,104.36,680,4509,11,642,46,North America,Beauty,Direct Sales,Shipped,Medium,2.1,88,0.0693,0.574,98.935,86.7,1,1,4454883,CUST-14078,False,0.0,5447.19,39.81
2031-01-30,61661.11,39369.34,22291.77,36.15,184.48,807,2168,14,1938,128,Asia-Pacific,Apparel,Retail Store,Completed,Medium,3.6,72,0.023,0.244,98.808,145.8,4,3,2707646,CUST-74997,False,0.0,4932.89,38.56
2031-01-31,57000.06,18280.2,38719.86,67.93,93.22,89,3867,15,79,105,Middle East,Books,Retail Store,Completed,High,1.4,-63,0.1192,0.938,99.298,135.2,0,10,5873555,CUST-94844,False,0.0,4560.0,43.73
2031-02-01,72815.09,24652.36,48162.73,66.14,62.09,587,2952,13,1450,82,Middle East,Home & Kitchen,Direct Sales,Completed,Low,1.0,-99,0.0463,0.671,98.833,165.9,1,7,6384326,CUST-61934,False,0.0,5825.21,30.26
2031-02-02,35766.25,22015.24,13751.01,38.45,454.3,218,502,13,1414,111,Latin America,Electronics,Online,Shipped,Low,3.0,82,0.2408,0.533,98.799,75.0,4,4,8174222,CUST-91326,True,0.11,2861.3,24.89
2031-02-03,76210.45,15965.72,60244.73,79.05,498.85,531,1247,16,1282,40,Middle East,Books,Online,Shipped,Medium,2.8,42,0.1879,0.104,99.302,95.8,1,12,2073500,CUST-62677,False,0.0,6096.84,11.0
2031-02-04,63982.87,30756.22,33226.65,51.93,90.42,208,712,18,1316,39,Europe,Apparel,Retail Store,Refunded,High,1.8,-42,0.0847,0.826,98.115,113.1,0,5,2162867,CUST-68091,False,0.0,5118.63,38.92
2031-02-05,46451.67,44448.71,2002.96,4.31,36.72,580,1976,19,744,60,Latin America,Electronics,Wholesale,Completed,Medium,2.1,-26,0.2709,0.349,98.865,169.1,3,5,6868172,CUST-42941,True,0.17,3716.13,31.27
2031-02-06,67034.3,51335.24,15699.06,23.42,171.57,243,1713,15,207,91,Latin America,Apparel,Wholesale,Pending,Low,1.1,32,0.1064,0.901,98.391,110.0,2,6,4924320,CUST-29507,False,0.0,5362.74,6.37
2031-02-07,33405.6,30777.25,2628.35,7.87,236.21,828,3117,11,195,9,Latin America,Home & Kitchen,Retail Store,Completed,Low,4.2,5,0.0306,0.168,98.077,118.5,2,8,2842020,CUST-81791,False,0.0,2672.45,11.65
2031-02-08,37632.29,38933.45,-1301.16,-3.46,110.36,253,4888,16,389,125,Latin America,Books,Retail Store,Pending,Low,2.2,47,0.1529,0.049,98.069,96.1,1,13,3670984,CUST-27527,True,0.26,3010.58,15.34
2031-02-09,40871.15,31856.76,9014.39,22.06,157.7,900,1834,14,915,91,Middle East,Beauty,Direct Sales,Completed,High,1.9,-19,0.0273,0.435,98.335,147.4,1,6,8098898,CUST-65370,False,0.0,3269.69,39.99
2031-02-10,42065.33,33991.07,8074.26,19.19,108.43,402,3648,12,1818,102,Latin America,Home & Kitchen,Online,Pending,Low,4.2,39,0.2368,0.078,98.868,143.7,4,9,9391872,CUST-96902,False,0.0,3365.23,47.72
2031-02-11,34151.64,27262.81,6888.83,20.17,389.39,575,3019,7,141,139,Europe,Sports,Wholesale,Completed,Medium,1.2,84,0.2305,0.062,99.133,101.0,4,8,1028906,CUST-87465,True,0.19,2732.13,42.76
2031-02-12,68346.25,31560.62,36785.63,53.82,359.16,455,2250,18,378,11,Europe,Home & Kitchen,Direct Sales,Completed,High,2.1,12,0.1457,0.714,99.592,83.4,3,13,3492380,CUST-12076,True,0.07,5467.7,39.23
2031-02-13,46117.18,34299.83,11817.35,25.62,321.13,858,2480,10,221,8,North America,Beauty,Retail Store,Pending,Low,2.1,-20,0.121,0.257,99.215,147.0,2,4,3907435,CUST-44049,True,0.06,3689.37,19.72
2031-02-14,55287.57,25372.32,29915.25,54.11,199.74,402,1910,14,751,112,Europe,Beauty,Direct Sales,Cancelled,Low,2.1,-33,0.147,0.639,99.04,137.8,5,6,9315674,CUST-82215,True,0.25,4423.01,23.85
2031-02-15,41444.73,29380.05,12064.68,29.11,455.43,18,3301,19,1104,132,North America,Sports,Direct Sales,Pending,Low,1.0,-82,0.0555,0.571,98.073,96.8,1,11,5016495,CUST-44577,True,0.13,3315.58,43.48
2031-02-16,22690.95,29532.56,-6841.61,-30.15,485.07,622,852,7,670,36,Europe,Sports,Wholesale,Pending,Medium,4.7,-14,0.0993,0.141,98.596,144.3,3,10,4000662,CUST-33277,False,0.0,1815.28,27.64
2031-02-17,54050.86,36611.23,17439.63,32.27,95.08,929,2572,12,321,32,Latin America,Electronics,Direct Sales,Shipped,Low,4.5,-74,0.3563,0.386,99.385,142.4,1,5,7098333,CUST-98788,True,0.3,4324.07,42.65
2031-02-18,21316.18,21471.74,-155.56,-0.73,119.28,816,1441,17,1168,8,Asia-Pacific,Apparel,Wholesale,Completed,Low,2.7,15,0.2045,0.066,98.541,163.0,2,1,7038069,CUST-96432,False,0.0,1705.29,32.56
2031-02-19,48970.49,29587.66,19382.83,39.58,267.56,724,604,15,1038,113,Latin America,Home & Kitchen,Retail Store,Completed,Low,2.8,80,0.0951,0.422,99.189,149.6,4,11,1593687,CUST-88240,False,0.0,3917.64,25.72
2031-02-20,29475.27,45296.04,-15820.77,-53.67,54.71,913,3582,18,126,12,Middle East,Electronics,Wholesale,Cancelled,Low,3.1,69,0.1468,0.182,99.208,108.1,1,4,4343773,CUST-32717,False,0.0,2358.02,21.71
2031-02-21,79809.14,39312.48,40496.66,50.74,223.86,162,2069,22,200,146,North America,Sports,Online,Cancelled,Low,2.9,15,0.337,0.096,98.61,93.3,2,1,1792186,CUST-17949,False,0.0,6384.73,5.52
2031-02-22,63670.44,40793.43,22877.01,35.93,295.08,119,4149,14,191,34,Asia-Pacific,Electronics,Retail Store,Completed,Low,4.1,-56,0.201,0.317,99.143,190.5,3,2,2944911,CUST-66748,False,0.0,5093.64,49.52
2031-02-23,51586.31,30195.45,21390.86,41.47,265.82,843,4247,13,280,135,Europe,Home & Kitchen,Wholesale,Completed,Low,3.0,-23,0.3506,0.003,98.228,102.0,4,7,1679658,CUST-15401,False,0.0,4126.9,44.45
2031-02-24,68955.6,32567.98,36387.62,52.77,172.15,275,3737,12,1843,134,Latin America,Apparel,Retail Store,Shipped,Medium,1.8,-33,0.169,0.758,99.454,55.8,0,6,2182136,CUST-49578,False,0.0,5516.45,5.79
2031-02-25,37305.26,38017.89,-712.63,-1.91,275.8,382,2522,16,1981,14,North America,Beauty,Direct Sales,Pending,Low,1.5,95,0.2127,0.158,98.045,77.7,3,6,6163188,CUST-17177,False,0.0,2984.42,17.66
2031-02-26,58152.19,42482.04,15670.15,26.95,479.81,161,4584,22,1003,74,North America,Home & Kitchen,Retail Store,Completed,Medium,4.7,51,0.2697,0.626,98.071,49.0,5,5,3568829,CUST-40278,True,0.26,4652.18,18.66
2031-02-27,52997.16,14387.18,38609.98,72.85,110.95,985,773,19,177,123,Europe,Apparel,Wholesale,Completed,Medium,1.2,-14,0.0783,0.833,99.741,162.7,0,10,9689875,CUST-76256,False,0.0,4239.77,20.05
2031-02-28,53960.3,19476.47,34483.83,63.91,330.87,604,692,19,909,75,North America,Beauty,Direct Sales,Refunded,High,4.6,-65,0.1683,0.917,99.161,183.8,3,2,9500966,CUST-62675,False,0.0,4316.82,18.14
2031-03-01,69085.3,40475.55,28609.75,41.41,31.26,964,2879,17,1809,148,Europe,Books,Online,Completed,Low,3.8,32,0.2034,0.558,98.326,128.7,0,4,7350123,CUST-98317,False,0.0,5526.82,46.52
2031-03-02,60987.38,27784.89,33202.49,54.44,42.54,424,3768,15,745,74,Europe,Home & Kitchen,Retail Store,Completed,Low,2.6,-74,0.2248,0.788,99.203,63.9,2,11,1810042,CUST-59039,False,0.0,4878.99,36.01
2031-03-03,54330.85,24626.23,29704.62,54.67,280.4,916,2652,16,546,95,Latin America,Sports,Wholesale,Completed,High,1.7,64,0.0603,0.455,98.74,162.1,1,13,1772362,CUST-66855,False,0.0,4346.47,31.82
2031-03-04,25176.69,19966.71,5209.98,20.69,61.42,655,4278,14,1353,124,North America,Home & Kitchen,Retail Store,Completed,High,2.2,-74,0.3294,0.49,98.54,136.3,2,4,6242571,CUST-92542,False,0.0,2014.14,24.44
2031-03-05,35599.31,25559.87,10039.44,28.2,20.95,335,3238,15,1878,39,Middle East,Sports,Retail Store,Completed,Low,3.1,-6,0.3222,0.547,99.623,163.1,0,8,9239763,CUST-73508,False,0.0,2847.94,36.19
2031-03-06,48159.37,18781.05,29378.32,61.0,94.04,681,4609,24,1614,128,Middle East,Apparel,Wholesale,Completed,Low,3.6,-25,0.1304,0.67,98.955,140.6,0,3,9985471,CUST-99692,True,0.06,3852.75,32.88
2031-03-07,51400.59,46728.75,4671.84,9.09,286.78,560,2600,20,859,116,Latin America,Electronics,Online,Completed,High,3.8,74,0.1162,0.67,98.587,71.5,1,8,4800235,CUST-29278,True,0.25,4112.05,12.93
2031-03-08,33046.94,29820.51,3226.43,9.76,354.64,185,2893,16,1603,106,Latin America,Electronics,Wholesale,Shipped,Low,2.8,91,0.1277,0.785,99.887,143.2,2,11,1992078,CUST-24269,True,0.17,2643.76,18.5
2031-03-09,86175.15,29536.4,56638.75,65.73,109.21,534,4393,10,180,134,Europe,Apparel,Retail Store,Completed,High,2.5,33,0.1132,0.617,98.33,65.6,1,8,4697853,CUST-26127,True,0.23,6894.01,48.45
2031-03-10,72745.91,34704.61,38041.3,52.29,337.45,324,1812,14,1534,136,Middle East,Home & Kitchen,Online,Completed,Critical,4.1,-25,0.0311,0.883,98.284,93.0,0,1,7715865,CUST-80747,False,0.0,5819.67,49.4
2031-03-11,59031.77,37698.76,21333.01,36.14,99.41,76,2445,15,318,86,North America,Home & Kitchen,Online,Completed,Low,4.7,83,0.2471,0.709,98.195,156.2,2,7,1430263,CUST-76739,True,0.06,4722.54,7.0
2031-03-12,51080.55,37567.11,13513.44,26.46,310.59,961,399,27,667,108,Middle East,Sports,Online,Completed,High,4.7,27,0.1305,0.929,98.249,154.4,3,7,5850634,CUST-37537,False,0.0,4086.44,18.86
2031-03-13,46816.87,38588.98,8227.89,17.57,211.86,769,4324,14,1742,45,Latin America,Home & Kitchen,Online,Completed,Medium,3.2,41,0.1097,0.75,98.506,87.0,2,7,4941761,CUST-26263,False,0.0,3745.35,49.38
2031-03-14,35721.22,24953.24,10767.98,30.14,330.36,562,2006,13,1011,60,Latin America,Books,Retail Store,Pending,High,1.3,-79,0.1209,0.739,99.397,80.1,3,4,8015263,CUST-45464,False,0.0,2857.7,5.75
2031-03-15,51162.21,27617.07,23545.14,46.02,497.58,193,2585,18,1644,59,Europe,Sports,Wholesale,Completed,Medium,1.3,82,0.0971,0.86,99.344,120.9,2,4,8532459,CUST-34762,False,0.0,4092.98,47.9
2031-03-16,53866.29,36152.25,17714.04,32.89,469.53,44,306,14,1677,131,North America,Electronics,Wholesale,Completed,Low,2.6,-26,0.2144,0.656,99.527,190.1,1,11,5696052,CUST-73915,True,0.29,4309.3,35.73
2031-03-17,31373.59,25780.89,5592.7,17.83,12.1,943,393,14,1333,79,Latin America,Books,Direct Sales,Shipped,Medium,3.9,3,0.0359,0.18,99.151,139.6,1,5,9422412,CUST-97237,True,0.2,2509.89,33.25
2031-03-18,55012.65,29959.15,25053.5,45.54,443.86,514,1973,18,1124,84,North America,Home & Kitchen,Direct Sales,Completed,Low,3.0,-49,0.3004,0.083,98.985,202.3,1,9,7730752,CUST-14193,False,0.0,4401.01,42.07
2031-03-19,47671.11,33190.11,14481.0,30.38,42.58,858,3858,23,1206,132,Middle East,Electronics,Direct Sales,Completed,High,3.5,2,0.0379,0.316,98.864,114.2,0,7,1746534,CUST-69970,True,0.28,3813.69,49.91
2031-03-20,21382.89,36281.48,-14898.59,-69.68,476.99,972,2188,8,1752,136,Europe,Sports,Online,Shipped,Medium,4.4,83,0.2025,0.814,99.749,150.9,1,7,1299396,CUST-45089,True,0.08,1710.63,21.18
2031-03-21,37094.22,15778.55,21315.67,57.46,148.09,811,1872,14,858,49,Middle East,Home & Kitchen,Online,Shipped,Low,1.2,1,0.0611,0.022,98.687,108.9,2,13,4964916,CUST-66402,False,0.0,2967.54,44.72
2031-03-22,43795.92,35717.97,8077.95,18.44,197.2,85,2963,12,1078,88,Latin America,Sports,Wholesale,Shipped,Low,4.7,20,0.1033,0.15,99.783,92.0,1,2,6388394,CUST-24322,False,0.0,3503.67,27.28
2031-03-23,78315.31,28130.21,50185.1,64.08,54.9,481,4821,23,697,12,Latin America,Home & Kitchen,Online,Completed,High,2.3,-24,0.074,0.106,98.551,86.7,1,8,5926215,CUST-91352,False,0.0,6265.22,37.84
2031-03-24,58348.3,35659.66,22688.64,38.88,65.01,591,4473,16,787,111,North America,Apparel,Wholesale,Cancelled,Low,1.2,-95,0.0574,0.037,98.315,132.4,1,11,5699440,CUST-30620,True,0.25,4667.86,42.08
2031-03-25,29967.78,36215.45,-6247.67,-20.85,366.1,755,3526,18,551,121,Latin America,Electronics,Direct Sales,Shipped,High,4.3,47,0.2792,0.81,98.51,165.3,0,6,6824432,CUST-24950,False,0.0,2397.42,17.82
2031-03-26,57290.54,42863.32,14427.22,25.18,472.72,532,628,14,1257,13,North America,Home & Kitchen,Wholesale,Completed,Low,4.7,-47,0.141,0.28,98.998,108.6,2,10,1561839,CUST-81523,True,0.12,4583.24,13.08
2031-03-27,26790.44,40827.63,-14037.19,-52.4,309.27,889,2233,14,458,35,Asia-Pacific,Beauty,Online,Pending,Medium,4.1,-99,0.1849,0.729,99.852,169.7,1,13,6777191,CUST-11815,True,0.2,2143.24,5.23
2031-03-28,66240.37,40772.57,25467.8,38.45,360.77,292,2024,17,1164,39,Latin America,Beauty,Wholesale,Completed,High,4.2,-29,0.2351,0.142,98.355,184.1,2,9,3063901,CUST-98363,False,0.0,5299.23,19.04
2031-03-29,42933.13,41549.36,1383.77,3.22,383.37,825,4888,22,1509,22,Middle East,Sports,Wholesale,Completed,Low,4.5,57,0.1917,0.409,99.16,150.4,2,11,1476843,CUST-23355,False,0.0,3434.65,21.12
2031-03-30,48595.46,32331.03,16264.43,33.47,138.78,545,1460,16,869,28,Middle East,Home & Kitchen,Wholesale,Completed,Low,3.1,-10,0.0696,0.116,98.435,131.4,2,7,3129883,CUST-64346,False,0.0,3887.64,22.99
2031-03-31,69886.95,30257.48,39629.47,56.71,32.16,283,962,8,952,90,North America,Apparel,Online,Completed,High,3.7,27,0.1991,0.002,99.355,96.5,2,3,2082420,CUST-46155,False,0.0,5590.96,45.35
2031-04-01,30692.55,36982.54,-6289.99,-20.49,10.92,548,3316,15,238,52,Asia-Pacific,Sports,Retail Store,Completed,Medium,2.1,81,0.362,0.613,98.93,165.6,2,9,8820963,CUST-81753,True,0.12,2455.4,12.01
2031-04-02,29043.23,35856.65,-6813.42,-23.46,181.82,63,2462,17,1553,146,Latin America,Home & Kitchen,Direct Sales,Completed,Medium,2.0,31,0.1145,0.481,99.467,80.1,1,6,8687251,CUST-48274,False,0.0,2323.46,40.25
2031-04-03,41246.01,27527.47,13718.54,33.26,128.32,64,4420,11,1030,64,Europe,Beauty,Retail Store,Completed,High,3.4,98,0.1836,0.417,99.712,141.3,0,7,6426118,CUST-58144,False,0.0,3299.68,8.97
2031-04-04,65575.68,33238.59,32337.09,49.31,40.54,897,3594,16,864,97,Europe,Electronics,Retail Store,Pending,Medium,3.9,74,0.0871,0.079,98.669,74.9,2,6,9421510,CUST-67604,True,0.15,5246.05,17.12
2031-04-05,27209.81,29719.23,-2509.42,-9.22,97.97,754,2067,6,432,26,Middle East,Apparel,Retail Store,Completed,High,2.6,-13,0.2584,0.588,99.876,83.0,2,4,5343546,CUST-70388,True,0.21,2176.78,18.14
2031-04-06,7517.67,23168.54,-15650.87,-208.19,71.0,286,167,13,899,34,Latin America,Home & Kitchen,Retail Store,Shipped,Medium,2.6,-5,0.1715,0.78,98.937,117.9,1,8,9659146,CUST-82551,False,0.0,601.41,16.77
2031-04-07,43232.62,40323.69,2908.93,6.73,458.29,452,1742,7,1395,147,Europe,Beauty,Online,Completed,Medium,4.8,46,0.103,0.067,99.873,144.6,0,5,3232608,CUST-97121,False,0.0,3458.61,48.94
2031-04-08,58276.11,30441.59,27834.52,47.76,78.73,892,1120,13,1516,25,North America,Electronics,Online,Pending,Low,3.1,-59,0.1712,0.413,98.461,155.2,2,11,6487438,CUST-48106,False,0.0,4662.09,42.56
2031-04-09,68003.93,46389.67,21614.26,31.78,273.45,427,3243,23,539,104,Latin America,Beauty,Retail Store,Completed,High,4.9,-2,0.2826,0.312,99.794,120.1,2,7,5031299,CUST-58729,False,0.0,5440.31,11.85
2031-04-10,43052.58,16996.06,26056.52,60.52,300.62,641,1570,15,1206,16,Middle East,Sports,Retail Store,Shipped,High,4.5,69,0.0461,0.892,98.667,105.4,2,11,3560306,CUST-51912,False,0.0,3444.21,47.57
2031-04-11,43828.6,25545.77,18282.83,41.71,276.31,234,1482,10,1757,139,Asia-Pacific,Apparel,Wholesale,Pending,Low,3.6,-50,0.0771,0.263,99.502,92.3,1,10,5545929,CUST-74286,False,0.0,3506.29,21.63
2031-04-12,67308.51,30261.11,37047.4,55.04,58.54,579,3030,14,475,107,North America,Sports,Wholesale,Shipped,Medium,1.0,-98,0.2222,0.944,99.936,144.5,1,2,6001367,CUST-30923,False,0.0,5384.68,30.92
2031-04-13,21953.87,39099.05,-17145.18,-78.1,166.21,264,1436,8,299,39,North America,Books,Direct Sales,Completed,Low,2.2,-64,0.1878,0.828,99.824,143.2,1,9,6330049,CUST-17887,False,0.0,1756.31,7.97
2031-04-14,44172.19,33195.75,10976.44,24.85,35.12,185,3266,11,1134,72,Latin America,Home & Kitchen,Direct Sales,Completed,Medium,2.7,-79,0.0127,0.1,98.927,126.2,2,9,2001494,CUST-81473,False,0.0,3533.78,35.95
2031-04-15,52856.36,32483.78,20372.58,38.54,203.88,575,1342,16,1635,134,Asia-Pacific,Sports,Direct Sales,Completed,Critical,3.6,60,0.3262,0.481,98.69,130.6,1,8,8826994,CUST-76965,False,0.0,4228.51,5.71
2031-04-16,56738.28,20981.89,35756.39,63.02,102.41,155,1805,14,1069,24,North America,Electronics,Wholesale,Completed,Low,2.6,2,0.0125,0.649,99.225,176.1,5,12,2403706,CUST-56799,False,0.0,4539.06,33.23
2031-04-17,42352.9,20744.47,21608.43,51.02,285.2,780,3299,18,1495,51,Asia-Pacific,Apparel,Retail Store,Completed,Critical,4.3,-3,0.1498,0.593,99.412,155.6,3,8,6356946,CUST-99927,False,0.0,3388.23,31.59
2031-04-18,50516.62,32580.04,17936.58,35.51,349.48,673,2694,13,1549,88,Middle East,Apparel,Retail Store,Shipped,Low,3.7,76,0.0765,0.679,99.08,70.5,3,6,8358591,CUST-52385,True,0.28,4041.33,33.32
2031-04-19,12675.09,19087.15,-6412.06,-50.59,270.74,394,4037,16,1296,16,North America,Books,Direct Sales,Completed,Medium,2.4,-14,0.1121,0.426,99.697,151.1,1,11,6211051,CUST-43696,False,0.0,1014.01,7.63
2031-04-20,40126.27,25744.98,14381.29,35.84,222.78,271,1779,13,1511,57,Europe,Books,Direct Sales,Completed,Medium,4.1,81,0.1842,0.905,98.117,168.3,5,13,3229039,CUST-15951,True,0.06,3210.1,48.69
2031-04-21,56802.63,34007.34,22795.29,40.13,199.79,540,1415,11,733,21,Middle East,Home & Kitchen,Online,Pending,Low,2.2,-39,0.4744,0.27,99.199,91.3,2,4,3594151,CUST-75900,False,0.0,4544.21,29.72
2031-04-22,35265.59,22141.41,13124.18,37.22,422.43,863,4926,13,1993,22,Middle East,Sports,Direct Sales,Completed,Medium,1.3,-66,0.1725,0.094,99.05,153.2,2,13,1824488,CUST-24846,False,0.0,2821.25,36.51
2031-04-23,50884.76,42842.85,8041.91,15.8,117.49,380,667,13,1457,108,North America,Home & Kitchen,Wholesale,Completed,High,1.7,-72,0.0395,0.978,98.079,225.2,3,5,3160701,CUST-75908,True,0.1,4070.78,28.42
2031-04-24,56703.09,39791.49,16911.6,29.82,369.77,692,2804,22,368,76,Europe,Sports,Wholesale,Pending,Low,1.0,-35,0.0972,0.652,98.025,136.9,1,6,4330455,CUST-99897,False,0.0,4536.25,39.26
2031-04-25,44861.76,17428.64,27433.12,61.15,381.17,900,2551,18,1069,109,Asia-Pacific,Sports,Direct Sales,Completed,Low,4.3,24,0.1171,0.659,99.212,111.8,0,6,8152671,CUST-35612,False,0.0,3588.94,13.66
2031-04-26,52556.96,22541.03,30015.93,57.11,215.41,913,1848,19,274,88,Europe,Apparel,Direct Sales,Pending,Medium,3.5,-51,0.3124,0.818,98.236,116.5,3,11,2953824,CUST-52188,True,0.11,4204.56,34.68
2031-04-27,35559.01,11713.78,23845.23,67.06,155.68,206,4791,8,472,56,Middle East,Sports,Online,Completed,High,3.3,-87,0.075,0.421,99.537,124.6,1,1,5966247,CUST-69587,True,0.16,2844.72,33.5
2031-04-28,46900.83,23739.27,23161.56,49.38,240.57,957,747,20,957,41,North America,Home & Kitchen,Online,Completed,Critical,3.6,-53,0.1815,0.386,99.898,64.8,1,1,8924825,CUST-26231,False,0.0,3752.07,34.82
2031-04-29,59153.24,36131.11,23022.13,38.92,55.67,594,2293,16,1264,127,Europe,Home & Kitchen,Online,Cancelled,Low,3.6,-57,0.2855,0.949,98.355,63.2,1,9,9859552,CUST-65801,True,0.15,4732.26,34.48
2031-04-30,52354.59,26688.84,25665.75,49.02,32.51,824,2908,12,1944,101,Europe,Books,Wholesale,Refunded,High,3.3,-29,0.1149,0.387,99.597,129.5,2,5,1338113,CUST-72213,False,0.0,4188.37,6.56
2031-05-01,41202.03,33686.38,7515.65,18.24,64.69,606,224,17,1850,104,Middle East,Apparel,Online,Completed,Medium,4.4,28,0.1811,0.078,99.183,118.3,2,7,4076372,CUST-22013,False,0.0,3296.16,32.52
2031-05-02,53363.25,17821.33,35541.92,66.6,101.7,293,1637,20,1829,124,Asia-Pacific,Beauty,Retail Store,Pending,Low,2.8,55,0.3021,0.308,98.896,143.2,2,6,9909461,CUST-30942,True,0.19,4269.06,43.17
2031-05-03,60719.15,36383.8,24335.35,40.08,257.05,311,4675,9,128,54,Europe,Beauty,Retail Store,Completed,Critical,4.2,-98,0.004,0.874,99.301,110.1,2,4,6835584,CUST-63812,False,0.0,4857.53,30.87
2031-05-04,19250.88,25559.13,-6308.25,-32.77,426.08,141,4907,24,904,51,Europe,Electronics,Retail Store,Completed,Low,4.1,17,0.0759,0.095,99.605,122.9,2,1,3531615,CUST-73993,False,0.0,1540.07,46.77
2031-05-05,67386.11,30097.36,37288.75,55.34,125.46,129,2070,17,1053,22,Latin America,Books,Online,Shipped,Medium,1.8,98,0.194,0.717,99.941,153.3,3,6,4751492,CUST-10158,False,0.0,5390.89,6.45
2031-05-06,44956.18,29257.0,15699.18,34.92,468.23,737,2862,10,414,126,Middle East,Electronics,Wholesale,Completed,High,2.8,-3,0.2705,0.266,99.321,40.3,1,11,9216483,CUST-82279,False,0.0,3596.49,26.79
2031-05-07,56382.35,19827.61,36554.74,64.83,477.9,145,1917,22,71,30,Latin America,Apparel,Wholesale,Shipped,Medium,4.3,-53,0.1502,0.746,99.494,87.9,3,6,5579224,CUST-16081,True,0.23,4510.59,19.58
2031-05-08,67958.7,20775.33,47183.37,69.43,479.86,637,914,13,597,124,Middle East,Beauty,Online,Pending,Medium,4.3,25,0.1483,0.515,99.215,101.7,1,2,8002868,CUST-73431,False,0.0,5436.7,15.99
2031-05-09,29424.89,37742.36,-8317.47,-28.27,420.41,582,3201,15,379,75,Middle East,Beauty,Direct Sales,Pending,Medium,1.1,59,0.154,0.637,99.13,114.4,3,6,8812162,CUST-20950,False,0.0,2353.99,19.66
2031-05-10,39358.38,33191.94,6166.44,15.67,188.27,538,4251,20,1229,47,Latin America,Beauty,Direct Sales,Completed,Low,1.9,-92,0.3671,0.243,98.13,70.4,3,10,2796375,CUST-46212,False,0.0,3148.67,6.86
2031-05-11,45671.77,38400.39,7271.38,15.92,45.62,43,1754,17,105,51,Asia-Pacific,Electronics,Online,Pending,High,2.7,84,0.3234,0.168,98.31,88.2,3,8,5133368,CUST-70224,False,0.0,3653.74,8.93
2031-05-12,38243.7,32597.27,5646.43,14.76,288.72,541,231,15,1940,89,Asia-Pacific,Home & Kitchen,Wholesale,Refunded,High,1.2,-55,0.2062,0.063,98.759,144.5,1,12,7039899,CUST-29557,False,0.0,3059.5,36.81
2031-05-13,76024.05,31143.93,44880.12,59.03,283.75,217,330,8,1321,47,Middle East,Electronics,Retail Store,Completed,Medium,2.0,-43,0.0129,0.826,99.299,136.3,3,10,1881615,CUST-80663,False,0.0,6081.92,8.67
2031-05-14,37148.42,16191.92,20956.5,56.41,426.49,979,494,12,974,132,Latin America,Beauty,Direct Sales,Completed,Critical,2.0,83,0.3192,0.71,98.152,22.3,4,10,1653189,CUST-63059,False,0.0,2971.87,45.36
2031-05-15,41666.8,27837.07,13829.73,33.19,498.04,683,3673,18,310,11,Europe,Books,Retail Store,Refunded,Medium,1.9,-86,0.0325,0.293,99.089,112.1,2,10,4041234,CUST-25389,False,0.0,3333.34,35.75
2031-05-16,53065.84,29780.93,23284.91,43.88,259.0,308,1081,15,1845,36,Middle East,Books,Wholesale,Completed,Medium,2.6,18,0.1173,0.837,98.026,115.0,2,2,8281253,CUST-16520,True,0.16,4245.27,33.99
2031-05-17,31967.76,45624.86,-13657.1,-42.72,179.15,531,1032,16,484,92,Middle East,Sports,Direct Sales,Completed,Medium,4.3,88,0.1838,0.834,99.532,88.0,3,8,4068476,CUST-20194,False,0.0,2557.42,31.33
2031-05-18,44064.79,35495.65,8569.14,19.45,101.09,103,1509,15,1600,69,North America,Electronics,Online,Completed,Low,2.0,43,0.1379,0.138,99.334,115.0,2,6,1896503,CUST-62668,False,0.0,3525.18,46.12
2031-05-19,54761.8,42288.49,12473.31,22.78,12.35,423,3055,16,1551,62,Asia-Pacific,Sports,Retail Store,Completed,High,3.3,14,0.0774,0.714,99.041,133.7,2,7,5425899,CUST-87348,False,0.0,4380.94,21.04
2031-05-20,45007.09,34780.3,10226.79,22.72,259.47,380,4728,13,1773,96,Latin America,Sports,Retail Store,Completed,High,3.2,-55,0.082,0.292,99.142,145.0,2,10,1199414,CUST-32099,False,0.0,3600.57,16.05
2031-05-21,48599.2,24309.57,24289.63,49.98,282.2,418,4750,12,587,38,Europe,Electronics,Retail Store,Completed,High,4.3,-30,0.0814,0.467,99.866,123.5,1,1,2634763,CUST-97084,True,0.22,3887.94,34.82
2031-05-22,42060.02,30936.99,11123.03,26.45,414.22,392,2841,12,584,94,Europe,Sports,Online,Completed,Medium,2.6,-66,0.1061,0.43,99.813,142.6,1,13,5392480,CUST-18811,True,0.1,3364.8,26.87
2031-05-23,27282.95,31889.79,-4606.84,-16.89,257.24,450,3038,17,430,70,Middle East,Apparel,Online,Pending,High,1.9,-35,0.193,0.6,99.586,120.4,0,3,4470527,CUST-89733,True,0.15,2182.64,45.61
2031-05-24,54823.9,22486.76,32337.14,58.98,459.07,887,3520,17,152,102,Europe,Electronics,Retail Store,Completed,Medium,4.6,-44,0.2025,0.347,98.672,40.0,0,11,2845244,CUST-33997,True,0.23,4385.91,7.85
2031-05-25,76324.0,26924.9,49399.1,64.72,317.76,456,2604,14,78,54,Europe,Sports,Online,Completed,Medium,4.3,11,0.0592,0.073,98.214,115.3,2,11,6211768,CUST-81282,False,0.0,6105.92,33.76
2031-05-26,50276.02,28353.86,21922.16,43.6,421.76,628,3133,6,1927,28,Middle East,Sports,Direct Sales,Shipped,High,3.5,-67,0.0847,0.673,98.643,77.0,4,2,5224896,CUST-67345,False,0.0,4022.08,43.1
2031-05-27,53378.96,42844.96,10534.0,19.73,82.67,626,4079,24,1556,135,Asia-Pacific,Electronics,Wholesale,Cancelled,Medium,1.4,-70,0.1519,0.961,99.504,124.0,1,4,9417803,CUST-44095,False,0.0,4270.32,15.44
2031-05-28,60390.84,13354.08,47036.76,77.89,429.11,80,3923,16,1130,118,North America,Beauty,Direct Sales,Completed,Medium,1.1,-89,0.0199,0.668,99.222,112.3,3,7,4221258,CUST-97764,False,0.0,4831.27,42.02
2031-05-29,30960.04,39646.55,-8686.51,-28.06,340.82,952,4580,12,1135,14,Asia-Pacific,Sports,Online,Completed,Low,1.7,92,0.6196,0.54,99.411,112.0,3,8,9499272,CUST-20275,False,0.0,2476.8,30.76
2031-05-30,75537.72,22505.64,53032.08,70.21,93.41,93,811,10,1004,138,Asia-Pacific,Home & Kitchen,Wholesale,Completed,High,1.8,74,0.2971,0.164,98.211,90.7,2,8,4222571,CUST-13796,False,0.0,6043.02,46.6
2031-05-31,53034.93,19023.37,34011.56,64.13,102.98,218,3076,8,1121,102,North America,Beauty,Retail Store,Completed,Low,1.5,-36,0.3355,0.625,98.317,106.0,1,8,6681325,CUST-91071,False,0.0,4242.79,25.34
2031-06-01,74477.85,39439.54,35038.31,47.05,463.99,268,1571,20,1440,56,Middle East,Home & Kitchen,Retail Store,Shipped,Low,2.0,28,0.1245,0.611,99.329,130.7,1,5,5120243,CUST-19627,False,0.0,5958.23,16.8
2031-06-02,39004.51,35855.18,3149.33,8.07,25.79,248,3799,19,596,54,Asia-Pacific,Beauty,Wholesale,Completed,Low,2.4,-22,0.1166,0.619,98.744,88.0,5,11,3345406,CUST-83316,True,0.24,3120.36,38.5
2031-06-03,77270.93,40036.15,37234.78,48.19,236.64,311,3286,15,1631,114,Latin America,Beauty,Direct Sales,Completed,Medium,4.0,94,0.0166,0.892,98.738,98.3,5,11,1174105,CUST-86619,False,0.0,6181.67,20.0
2031-06-04,61627.33,36405.62,25221.71,40.93,163.6,241,4849,22,1618,62,Latin America,Apparel,Retail Store,Completed,Low,3.8,-87,0.1701,0.716,98.785,58.7,2,9,7716384,CUST-16666,True,0.29,4930.19,14.9
2031-06-05,58295.6,46478.76,11816.84,20.27,335.89,941,1242,17,376,17,North America,Sports,Retail Store,Completed,Medium,1.4,81,0.2344,0.783,99.592,129.8,4,11,9407334,CUST-36202,True,0.12,4663.65,37.06
2031-06-06,53510.37,34469.79,19040.58,35.58,421.42,291,4081,14,1811,129,Latin America,Home & Kitchen,Retail Store,Completed,Low,4.9,37,0.2786,0.313,99.398,75.3,1,13,2199816,CUST-88152,False,0.0,4280.83,42.18
2031-06-07,46272.07,28748.18,17523.89,37.87,186.59,403,2668,14,315,63,Middle East,Beauty,Online,Shipped,Medium,4.0,-34,0.1054,0.27,98.212,121.0,2,6,2429027,CUST-82447,False,0.0,3701.77,47.54
2031-06-08,68007.97,32743.41,35264.56,51.85,219.18,427,1708,13,1801,57,Europe,Beauty,Direct Sales,Cancelled,Low,1.7,-17,0.1936,0.207,98.689,144.7,2,8,8193088,CUST-65983,False,0.0,5440.64,18.49
2031-06-09,52105.4,39947.75,12157.65,23.33,491.14,215,4733,13,778,24,Middle East,Home & Kitchen,Online,Completed,Low,1.5,27,0.1995,0.778,99.348,164.5,2,4,8368448,CUST-79958,False,0.0,4168.43,26.11
2031-06-10,20493.95,23765.0,-3271.05,-15.96,394.12,273,3922,21,1249,100,North America,Apparel,Wholesale,Completed,High,1.4,-51,0.353,0.699,99.952,108.7,1,1,6471494,CUST-66660,False,0.0,1639.52,13.28
2031-06-11,33242.2,24784.89,8457.31,25.44,449.63,320,1997,16,1117,14,Europe,Home & Kitchen,Wholesale,Completed,Low,3.9,18,0.0505,0.342,99.825,141.9,1,5,7929788,CUST-58509,True,0.15,2659.38,47.27
2031-06-12,47212.31,27528.32,19683.99,41.69,224.99,868,2292,15,268,65,Latin America,Apparel,Online,Pending,Low,1.9,27,0.0541,0.141,98.497,119.7,1,3,3211873,CUST-64798,True,0.22,3776.98,42.02
2031-06-13,54649.98,13163.34,41486.64,75.91,124.7,915,4172,16,175,81,Asia-Pacific,Apparel,Retail Store,Completed,Critical,1.3,-1,0.0626,0.847,98.132,54.5,2,9,3842279,CUST-68464,False,0.0,4372.0,30.44
2031-06-14,49151.17,31104.63,18046.54,36.72,211.81,706,1191,16,931,122,Latin America,Books,Online,Shipped,Low,2.7,-10,0.1065,0.384,99.147,68.0,2,12,6963515,CUST-13185,False,0.0,3932.09,46.24
2031-06-15,68284.56,14910.97,53373.59,78.16,360.89,635,799,16,1452,88,Middle East,Apparel,Direct Sales,Completed,Low,3.8,15,0.2489,0.19,98.813,149.7,1,5,9938911,CUST-46606,True,0.09,5462.76,41.9
2031-06-16,20733.47,30424.47,-9691.0,-46.74,63.62,88,4192,19,368,22,Middle East,Books,Retail Store,Completed,Low,2.2,63,0.3015,0.144,98.367,160.5,3,8,5140996,CUST-65604,False,0.0,1658.68,6.39
2031-06-17,52153.82,36922.32,15231.5,29.2,142.53,878,2001,18,1378,125,North America,Sports,Wholesale,Completed,Low,2.9,-90,0.4715,0.92,99.303,45.8,2,4,4329548,CUST-96198,True,0.25,4172.31,40.05
2031-06-18,22730.31,26184.99,-3454.68,-15.2,32.85,351,2278,10,1273,116,Asia-Pacific,Electronics,Direct Sales,Completed,Low,1.8,30,0.0509,0.13,98.321,131.7,1,4,7118772,CUST-99996,True,0.14,1818.42,10.48
2031-06-19,61395.68,43416.93,17978.75,29.28,221.85,822,832,13,134,76,Asia-Pacific,Apparel,Wholesale,Pending,High,2.7,66,0.152,0.36,98.703,129.4,2,2,5892299,CUST-30651,False,0.0,4911.65,19.91
2031-06-20,48583.12,18315.99,30267.13,62.3,415.45,571,612,16,1114,148,Europe,Home & Kitchen,Direct Sales,Completed,Low,2.4,-91,0.0641,0.632,99.589,91.9,0,8,6094144,CUST-86473,True,0.17,3886.65,10.34
2031-06-21,56294.15,39530.09,16764.06,29.78,22.09,841,2787,17,772,108,Europe,Books,Direct Sales,Shipped,Low,2.7,-50,0.2252,0.408,99.369,92.3,5,13,5689492,CUST-21920,True,0.25,4503.53,7.87
2031-06-22,37041.76,35401.1,1640.66,4.43,340.91,104,4196,18,1939,81,Middle East,Electronics,Direct Sales,Completed,High,2.9,-69,0.044,0.477,99.214,83.0,2,11,3768774,CUST-83384,True,0.08,2963.34,32.27
2031-06-23,69191.97,16271.73,52920.24,76.48,466.92,779,3856,12,1624,30,North America,Sports,Wholesale,Completed,Medium,1.4,79,0.2044,0.803,99.862,52.8,1,9,8558608,CUST-14120,False,0.0,5535.36,47.86
2031-06-24,65625.87,51686.35,13939.52,21.24,126.09,950,531,10,1436,107,Middle East,Electronics,Online,Completed,Low,1.4,-29,0.1677,0.999,98.251,83.1,1,8,7296829,CUST-99412,False,0.0,5250.07,8.24
2031-06-25,58753.16,29490.04,29263.12,49.81,349.88,360,4594,7,1992,8,Asia-Pacific,Apparel,Online,Completed,Medium,2.0,-54,0.1145,0.467,99.382,144.4,2,8,6399983,CUST-14749,True,0.07,4700.25,38.71
2031-06-26,48057.24,22980.13,25077.11,52.18,487.8,71,907,17,1342,55,Asia-Pacific,Home & Kitchen,Retail Store,Pending,Low,1.5,-88,0.237,0.379,98.235,107.7,3,13,4061696,CUST-74884,False,0.0,3844.58,17.57
2031-06-27,58697.86,18743.3,39954.56,68.07,481.52,151,1379,16,411,135,Middle East,Apparel,Wholesale,Completed,Medium,2.0,21,0.2002,0.407,98.273,145.7,0,5,5941737,CUST-66684,False,0.0,4695.83,9.06
2031-06-28,39396.61,28239.86,11156.75,28.32,125.12,851,2321,21,416,91,Asia-Pacific,Beauty,Retail Store,Completed,Medium,1.1,-34,0.1486,0.369,99.013,50.0,1,9,1348310,CUST-40899,False,0.0,3151.73,46.5
2031-06-29,62833.33,28980.75,33852.58,53.88,59.16,743,954,9,1254,70,Europe,Electronics,Retail Store,Completed,Critical,2.4,-48,0.0619,0.474,98.048,135.4,2,13,9016368,CUST-19501,True,0.25,5026.67,7.44
2031-06-30,74742.21,30821.16,43921.05,58.76,82.66,877,3312,19,1304,148,Asia-Pacific,Beauty,Direct Sales,Completed,Low,1.9,-48,0.141,0.333,99.002,147.2,0,13,8715128,CUST-40731,True,0.21,5979.38,9.76
2031-07-01,66059.16,27617.63,38441.53,58.19,354.0,120,2686,11,1037,32,Europe,Beauty,Direct Sales,Shipped,High,4.6,42,0.1891,0.463,98.019,28.5,0,9,1657170,CUST-51690,False,0.0,5284.73,15.2
2031-07-02,39055.96,35065.8,3990.16,10.22,365.62,625,4940,15,1143,48,Latin America,Books,Online,Cancelled,Low,4.4,80,0.1114,0.945,99.205,101.6,1,5,1902687,CUST-38894,False,0.0,3124.48,46.88
2031-07-03,55421.26,26898.96,28522.3,51.46,340.38,536,2868,13,1898,6,North America,Beauty,Online,Completed,Medium,2.2,20,0.2273,0.286,98.624,132.0,2,9,2622665,CUST-59774,False,0.0,4433.7,18.66
2031-07-04,30602.88,14520.29,16082.59,52.55,174.68,791,4438,13,637,60,North America,Electronics,Retail Store,Cancelled,Low,2.9,-59,0.2196,0.652,98.167,165.6,1,1,9612689,CUST-22764,False,0.0,2448.23,6.32
2031-07-05,58585.85,28805.11,29780.74,50.83,93.19,680,3440,13,1012,124,Asia-Pacific,Electronics,Retail Store,Shipped,Medium,4.8,-72,0.3486,0.487,99.562,71.7,1,3,5218759,CUST-25834,False,0.0,4686.87,13.44
2031-07-06,56759.05,11060.18,45698.87,80.51,294.57,166,3328,17,1861,108,North America,Home & Kitchen,Retail Store,Completed,Medium,3.1,-54,0.1737,0.732,98.78,168.6,5,5,8241103,CUST-96468,False,0.0,4540.72,25.03
2031-07-07,21952.75,32830.17,-10877.42,-49.55,247.0,548,1719,9,538,122,Latin America,Apparel,Online,Completed,Critical,4.4,-71,0.028,0.472,98.888,135.4,6,8,8454067,CUST-39448,False,0.0,1756.22,44.72
2031-07-08,32573.24,22165.6,10407.64,31.95,367.13,606,375,17,1307,64,Asia-Pacific,Home & Kitchen,Retail Store,Completed,High,4.3,22,0.1228,0.161,98.749,84.9,0,3,5829931,CUST-93482,False,0.0,2605.86,16.71
2031-07-09,45752.92,31306.88,14446.04,31.57,226.27,18,4203,11,1903,51,Europe,Home & Kitchen,Online,Completed,Medium,4.8,-87,0.0398,0.872,98.167,154.7,3,3,9056165,CUST-66846,True,0.12,3660.23,27.98
2031-07-10,45487.1,40512.6,4974.5,10.94,175.93,285,3963,14,1502,82,Latin America,Apparel,Wholesale,Completed,Low,2.2,-22,0.1557,0.676,98.92,200.6,3,7,4565808,CUST-54494,True,0.13,3638.97,18.59
2031-07-11,31857.85,22410.01,9447.84,29.66,153.8,236,814,9,880,140,Latin America,Electronics,Wholesale,Completed,Medium,1.2,10,0.3495,0.526,99.331,108.3,2,11,5784559,CUST-81137,False,0.0,2548.63,30.85
2031-07-12,55834.68,38490.05,17344.63,31.06,113.62,195,2180,13,1721,137,North America,Books,Retail Store,Completed,High,1.4,-42,0.114,0.831,99.807,105.4,1,10,2930102,CUST-89617,False,0.0,4466.77,8.98
2031-07-13,53772.1,26532.88,27239.22,50.66,140.22,600,909,19,715,27,Europe,Beauty,Online,Pending,Low,3.3,9,0.2942,0.976,99.528,86.7,1,4,7775655,CUST-88637,True,0.11,4301.77,27.5
2031-07-14,47085.96,44025.56,3060.4,6.5,56.47,225,3826,16,1367,109,Middle East,Books,Wholesale,Completed,Medium,3.1,5,0.19,0.409,98.159,184.3,3,6,2718582,CUST-68181,False,0.0,3766.88,8.2
2031-07-15,38663.13,27078.78,11584.35,29.96,179.96,442,4078,15,1421,14,Latin America,Beauty,Online,Pending,Low,2.2,-37,0.1257,0.353,98.332,94.5,1,5,9915889,CUST-59650,False,0.0,3093.05,49.09
2031-07-16,65730.61,23276.06,42454.55,64.59,27.92,578,961,15,1172,117,North America,Apparel,Online,Cancelled,Low,2.0,-57,0.0771,0.754,98.09,86.1,2,3,8475526,CUST-31627,True,0.19,5258.45,46.3
2031-07-17,74831.11,35497.91,39333.2,52.56,101.34,665,136,12,925,31,Latin America,Apparel,Wholesale,Shipped,Low,3.8,-87,0.0842,0.455,98.239,98.2,0,2,3615819,CUST-79967,False,0.0,5986.49,34.1
2031-07-18,42746.58,26513.68,16232.9,37.97,375.92,365,3911,10,410,103,Europe,Home & Kitchen,Retail Store,Completed,Critical,2.4,52,0.0784,0.086,98.961,98.6,3,10,2540854,CUST-12120,True,0.28,3419.73,46.37
2031-07-19,40817.5,23268.4,17549.1,42.99,169.48,852,2181,14,1948,5,Europe,Sports,Retail Store,Completed,Low,3.4,-10,0.094,0.354,98.439,99.8,0,5,3246293,CUST-71547,False,0.0,3265.4,31.46
2031-07-20,57368.11,26177.28,31190.83,54.37,337.44,401,554,27,407,75,Asia-Pacific,Sports,Wholesale,Completed,Low,3.8,-57,0.121,0.809,99.296,92.4,3,13,2261925,CUST-82818,False,0.0,4589.45,18.79
2031-07-21,44629.56,29643.15,14986.41,33.58,361.27,588,4639,21,1203,119,Middle East,Apparel,Direct Sales,Cancelled,Critical,2.7,-40,0.1617,0.707,98.065,94.9,2,12,6924045,CUST-29279,False,0.0,3570.36,11.56
2031-07-22,47909.04,40737.44,7171.6,14.97,294.78,284,3408,15,1592,140,Middle East,Beauty,Online,Shipped,Medium,1.8,-99,0.0738,0.863,99.714,125.0,1,8,4625670,CUST-16571,True,0.2,3832.72,49.71
2031-07-23,61094.8,14527.3,46567.5,76.22,479.76,503,4407,15,1456,143,North America,Sports,Direct Sales,Completed,High,4.4,-22,0.1271,0.147,99.355,167.2,3,12,8626751,CUST-76066,False,0.0,4887.58,16.02
2031-07-24,21359.66,30184.65,-8824.99,-41.32,20.51,626,3311,13,1690,131,Middle East,Books,Retail Store,Completed,Low,1.4,-27,0.0394,0.244,99.938,85.3,4,8,3186834,CUST-12119,True,0.24,1708.77,44.0
2031-07-25,69774.53,34999.23,34775.3,49.84,371.94,460,2755,13,1994,120,Europe,Books,Online,Pending,Medium,4.3,70,0.2961,0.215,99.906,74.4,1,2,6373606,CUST-37691,False,0.0,5581.96,24.44
2031-07-26,51090.21,31547.59,19542.62,38.25,479.81,429,1081,9,1892,38,Middle East,Books,Wholesale,Shipped,Low,4.3,-92,0.3365,0.971,99.386,131.4,0,1,4709883,CUST-76429,False,0.0,4087.22,19.61
2031-07-27,43827.6,40478.92,3348.68,7.64,432.51,994,4491,14,1635,135,North America,Sports,Retail Store,Cancelled,Medium,3.3,88,0.0746,0.169,98.316,138.7,1,11,8884250,CUST-92644,False,0.0,3506.21,16.17
2031-07-28,48661.49,29405.24,19256.25,39.57,92.27,709,251,11,785,13,Latin America,Books,Retail Store,Pending,Medium,3.5,94,0.0997,0.598,98.444,173.9,2,13,4659553,CUST-29010,False,0.0,3892.92,43.81
2031-07-29,49436.44,28523.59,20912.85,42.3,170.14,173,3394,16,113,93,Middle East,Home & Kitchen,Retail Store,Completed,Medium,2.4,51,0.3354,0.633,98.555,169.3,3,5,2983853,CUST-19793,True,0.3,3954.92,42.85
2031-07-30,24031.98,34738.64,-10706.66,-44.55,94.5,788,699,14,1469,134,Middle East,Sports,Wholesale,Pending,Medium,4.4,92,0.1656,0.619,98.853,64.5,2,4,6957450,CUST-81189,False,0.0,1922.56,44.26
2031-07-31,72424.07,30794.51,41629.56,57.48,304.64,572,1422,11,230,27,Europe,Books,Wholesale,Cancelled,High,2.1,65,0.1305,0.692,99.142,50.1,2,3,9310408,CUST-87968,False,0.0,5793.93,38.06
2031-08-01,50619.88,26876.73,23743.15,46.9,358.97,647,1611,24,636,149,Europe,Beauty,Direct Sales,Pending,Medium,3.2,97,0.0646,0.484,99.365,139.8,2,13,8540034,CUST-31327,False,0.0,4049.59,7.84
2031-08-02,56645.03,34129.15,22515.88,39.75,165.37,601,2358,20,1851,24,Latin America,Home & Kitchen,Wholesale,Completed,Medium,1.0,32,0.2444,0.084,98.151,138.8,2,4,4714935,CUST-64635,False,0.0,4531.6,20.91
2031-08-03,64273.25,24779.77,39493.48,61.45,274.36,192,331,22,238,77,Asia-Pacific,Home & Kitchen,Direct Sales,Pending,Low,4.8,-33,0.3028,0.701,99.221,171.9,4,1,6250727,CUST-57484,False,0.0,5141.86,41.66
2031-08-04,34682.56,25110.58,9571.98,27.6,348.55,319,2842,14,1256,33,Middle East,Sports,Online,Shipped,High,4.8,94,0.0847,0.281,98.118,133.7,4,11,5693944,CUST-51328,False,0.0,2774.6,48.79
2031-08-05,57102.08,25776.05,31326.03,54.86,216.46,26,4562,18,1940,124,Europe,Home & Kitchen,Online,Completed,Low,3.8,57,0.3286,0.076,99.654,100.3,0,3,2810556,CUST-52024,True,0.28,4568.17,43.73
2031-08-06,45985.38,40824.55,5160.83,11.22,428.47,455,4676,15,1565,62,Asia-Pacific,Apparel,Online,Completed,Medium,2.7,-39,0.3144,0.17,98.081,156.4,2,4,4358932,CUST-52436,True,0.28,3678.83,35.09
2031-08-07,62701.56,4231.87,58469.69,93.25,388.06,179,671,13,629,122,Middle East,Home & Kitchen,Retail Store,Pending,Low,1.7,34,0.0898,0.287,98.78,83.4,2,12,3642200,CUST-73997,False,0.0,5016.12,42.06
2031-08-08,18091.59,33164.79,-15073.2,-83.32,41.69,289,1302,16,219,36,Middle East,Beauty,Retail Store,Pending,High,3.0,78,0.1115,0.432,98.84,190.2,0,10,1810368,CUST-33862,False,0.0,1447.33,21.53
2031-08-09,48513.59,30274.17,18239.42,37.6,314.35,922,1607,18,371,144,Asia-Pacific,Sports,Retail Store,Completed,High,4.2,59,0.1214,0.861,99.141,129.5,3,5,9398589,CUST-85924,True,0.07,3881.09,35.15
2031-08-10,40957.69,16553.04,24404.65,59.59,125.31,825,1712,18,1245,64,Europe,Sports,Wholesale,Pending,Low,3.4,6,0.5555,0.537,98.191,94.2,2,1,9905183,CUST-42719,False,0.0,3276.62,39.13
2031-08-11,56483.94,32477.81,24006.13,42.5,283.18,349,3666,18,333,143,Latin America,Books,Wholesale,Completed,High,3.1,-27,0.1753,0.472,99.866,89.0,3,12,5759533,CUST-29919,True,0.26,4518.72,27.62
2031-08-12,57050.66,33806.02,23244.64,40.74,478.88,735,4140,18,1692,105,Middle East,Apparel,Direct Sales,Cancelled,Low,4.4,0,0.2244,0.191,98.766,126.8,5,10,1750367,CUST-51591,False,0.0,4564.05,16.73
2031-08-13,39385.61,34717.11,4668.5,11.85,440.74,719,1670,14,415,143,North America,Books,Retail Store,Refunded,Low,2.3,-75,0.0833,0.959,98.792,117.2,2,13,5695403,CUST-66328,True,0.17,3150.85,46.76
2031-08-14,39317.39,8785.38,30532.01,77.66,208.21,528,1139,5,160,116,North America,Electronics,Wholesale,Completed,High,4.4,-58,0.1479,0.909,98.486,115.2,6,3,6121196,CUST-22552,False,0.0,3145.39,40.99
2031-08-15,48340.02,40931.12,7408.9,15.33,152.84,919,1525,16,127,115,North America,Apparel,Online,Refunded,Low,2.8,8,0.2598,0.816,99.561,74.1,4,11,6692856,CUST-69156,False,0.0,3867.2,16.11
2031-08-16,36550.37,24098.11,12452.26,34.07,124.86,20,4181,14,1771,84,Latin America,Beauty,Online,Completed,Low,1.0,-39,0.1196,0.323,98.016,114.3,1,2,3790225,CUST-59927,False,0.0,2924.03,10.4
2031-08-17,62629.76,35492.54,27137.22,43.33,270.93,533,270,15,302,103,Middle East,Apparel,Wholesale,Pending,Medium,3.9,58,0.4345,0.562,98.212,148.9,3,8,4225379,CUST-19495,False,0.0,5010.38,38.24
2031-08-18,44461.89,35928.59,8533.3,19.19,65.98,631,288,14,285,5,Europe,Home & Kitchen,Online,Completed,High,4.5,-78,0.1167,0.389,98.942,93.6,3,9,5890455,CUST-18271,False,0.0,3556.95,34.7
2031-08-19,6395.18,22986.42,-16591.24,-259.43,279.14,142,4981,15,142,93,Europe,Apparel,Online,Completed,Low,2.9,-37,0.0258,0.403,99.937,129.0,3,8,2804927,CUST-54435,False,0.0,511.61,31.63
2031-08-20,44377.67,35283.68,9093.99,20.49,10.65,910,4778,11,1715,117,Latin America,Home & Kitchen,Direct Sales,Shipped,Low,2.8,-29,0.2469,0.072,98.071,159.2,5,5,3194015,CUST-83988,False,0.0,3550.21,48.12
2031-08-21,34421.84,26916.05,7505.79,21.81,168.69,649,699,17,1768,31,Middle East,Books,Online,Shipped,Low,4.2,82,0.0562,0.14,98.124,142.1,1,10,7983432,CUST-53953,False,0.0,2753.75,20.33
2031-08-22,25530.86,13428.98,12101.88,47.4,117.77,157,4117,15,1107,120,Asia-Pacific,Apparel,Retail Store,Completed,Low,4.5,43,0.1284,0.961,99.43,77.6,1,11,7560372,CUST-86673,False,0.0,2042.47,10.51
2031-08-23,31438.6,39341.94,-7903.34,-25.14,485.9,575,3432,20,1554,36,Asia-Pacific,Apparel,Wholesale,Completed,Low,4.9,19,0.3965,0.61,99.471,131.2,2,4,8994285,CUST-22738,False,0.0,2515.09,14.27
2031-08-24,51641.13,23799.64,27841.49,53.91,366.35,832,3676,13,1477,10,Middle East,Beauty,Wholesale,Completed,High,2.4,-92,0.3406,0.006,99.794,171.3,1,3,4643105,CUST-33097,True,0.09,4131.29,37.49
2031-08-25,69929.61,23164.05,46765.56,66.88,181.33,963,2489,19,1888,45,Middle East,Electronics,Retail Store,Shipped,Low,3.4,-97,0.1629,0.809,99.153,137.4,1,9,6301238,CUST-40936,False,0.0,5594.37,46.0
2031-08-26,54697.77,26775.47,27922.3,51.05,55.49,88,1053,13,271,91,Europe,Apparel,Online,Completed,Medium,4.3,-62,0.1291,0.087,98.807,161.3,0,8,4752762,CUST-67186,False,0.0,4375.82,35.91
2031-08-27,40902.45,32177.89,8724.56,21.33,263.23,355,1725,18,1959,61,Latin America,Books,Direct Sales,Completed,High,3.1,-57,0.2179,0.708,98.902,154.3,1,11,2447809,CUST-18861,False,0.0,3272.2,11.56
2031-08-28,56838.56,29541.84,27296.72,48.03,114.59,618,1970,25,945,143,Latin America,Home & Kitchen,Direct Sales,Shipped,Medium,2.8,-60,0.111,0.621,98.863,80.2,2,1,4720038,CUST-13086,False,0.0,4547.08,36.8
2031-08-29,43113.65,34384.54,8729.11,20.25,272.85,258,4361,11,1563,94,Europe,Books,Retail Store,Cancelled,Low,3.3,-88,0.4808,0.063,99.947,182.3,5,11,5310121,CUST-69868,False,0.0,3449.09,19.25
2031-08-30,39580.99,19284.09,20296.9,51.28,419.33,648,2124,12,1867,135,North America,Sports,Online,Completed,Medium,2.4,-25,0.1836,0.531,98.76,163.9,3,11,7135174,CUST-67087,False,0.0,3166.48,22.95
2031-08-31,32684.56,24060.91,8623.65,26.38,311.74,551,4429,21,1413,52,Asia-Pacific,Sports,Retail Store,Shipped,High,1.8,100,0.2869,0.047,98.192,110.1,4,9,6593472,CUST-50057,True,0.11,2614.76,33.94
2031-09-01,23722.57,29072.02,-5349.45,-22.55,320.56,33,740,16,1586,138,Middle East,Beauty,Direct Sales,Pending,Low,1.3,39,0.2947,0.064,98.579,165.4,1,9,6517481,CUST-91173,False,0.0,1897.81,24.22
2031-09-02,44151.14,45183.1,-1031.96,-2.34,275.1,480,1927,12,1010,11,Asia-Pacific,Sports,Online,Completed,Low,3.4,-77,0.1953,0.051,99.92,115.5,1,8,1359630,CUST-36309,False,0.0,3532.09,48.26
2031-09-03,52370.8,29089.5,23281.3,44.45,464.36,210,4802,14,1034,48,Asia-Pacific,Apparel,Retail Store,Shipped,Low,2.5,-53,0.0889,0.255,98.856,116.9,2,7,5871992,CUST-56909,False,0.0,4189.66,40.74
2031-09-04,48550.64,38681.78,9868.86,20.33,466.63,140,639,13,1682,65,Latin America,Electronics,Retail Store,Pending,Medium,4.5,-2,0.0278,0.802,98.632,88.7,4,1,5439126,CUST-38752,False,0.0,3884.05,29.48
2031-09-05,43760.5,30308.44,13452.06,30.74,261.23,643,2465,11,1672,90,Europe,Electronics,Online,Completed,Low,1.9,-69,0.1278,0.362,98.622,83.8,1,3,1706029,CUST-62447,False,0.0,3500.84,24.48
2031-09-06,35813.81,26130.73,9683.08,27.04,159.82,365,4538,17,892,52,North America,Apparel,Direct Sales,Completed,Medium,2.2,65,0.1066,0.64,98.018,125.2,5,9,9399754,CUST-60705,True,0.23,2865.1,19.86
2031-09-07,59123.69,28026.2,31097.49,52.6,235.2,953,3601,8,301,65,North America,Electronics,Online,Shipped,Medium,4.9,93,0.0673,0.125,99.266,111.1,3,5,6186359,CUST-72666,False,0.0,4729.9,19.92
2031-09-08,30243.02,28652.64,1590.38,5.26,101.41,848,4047,16,1437,101,Europe,Books,Direct Sales,Completed,Medium,3.2,81,0.0579,0.933,99.449,67.9,2,4,2597170,CUST-45268,False,0.0,2419.44,34.02
2031-09-09,61640.42,34829.17,26811.25,43.5,321.81,159,3126,14,1600,135,Asia-Pacific,Home & Kitchen,Wholesale,Completed,Medium,2.4,-80,0.017,0.504,98.706,132.3,1,10,9926805,CUST-96846,False,0.0,4931.23,42.48
2031-09-10,34966.74,40996.89,-6030.15,-17.25,255.05,535,4832,10,191,6,Europe,Apparel,Direct Sales,Completed,Low,4.4,58,0.0493,0.025,99.746,137.9,4,11,7111399,CUST-94860,True,0.28,2797.34,13.63
2031-09-11,38713.47,32877.45,5836.02,15.07,60.62,313,3637,25,360,48,Europe,Sports,Direct Sales,Completed,Medium,4.0,-37,0.1079,0.537,99.486,130.5,0,1,1926157,CUST-23850,False,0.0,3097.08,46.67
2031-09-12,27998.22,39496.62,-11498.4,-41.07,106.85,550,4274,15,1458,23,Middle East,Home & Kitchen,Wholesale,Completed,Medium,3.3,79,0.0832,0.185,99.202,130.2,1,9,1082412,CUST-76859,False,0.0,2239.86,18.53
2031-09-13,42478.97,22281.68,20197.29,47.55,245.02,59,2596,6,1874,54,Middle East,Electronics,Retail Store,Completed,Medium,4.6,62,0.1801,0.196,99.408,134.3,3,7,1329057,CUST-87293,True,0.3,3398.32,36.81
2031-09-14,64629.69,26682.96,37946.73,58.71,444.92,473,4386,13,631,24,Asia-Pacific,Beauty,Retail Store,Completed,Low,1.4,43,0.4016,0.6,99.539,125.8,2,13,5687924,CUST-38700,False,0.0,5170.38,39.31
2031-09-15,57734.42,24205.58,33528.84,58.07,287.53,249,4839,18,1385,61,Latin America,Home & Kitchen,Direct Sales,Completed,Medium,2.6,67,0.0701,0.226,99.054,132.2,3,3,5503111,CUST-42253,False,0.0,4618.75,41.97
2031-09-16,64676.33,32515.56,32160.77,49.73,343.95,491,2189,9,1352,117,North America,Beauty,Wholesale,Completed,Medium,4.2,-11,0.159,0.214,98.796,137.7,4,2,5130625,CUST-80980,True,0.11,5174.11,22.59
2031-09-17,57832.14,27128.33,30703.81,53.09,176.12,915,3421,14,1639,54,Middle East,Books,Wholesale,Pending,Medium,2.5,-63,0.2128,0.541,98.251,99.5,3,3,8838346,CUST-58120,True,0.16,4626.57,23.48
2031-09-18,33444.95,35838.18,-2393.23,-7.16,289.99,464,3681,15,395,99,Asia-Pacific,Beauty,Online,Pending,Low,4.7,84,0.0336,0.235,98.81,75.7,1,4,1876658,CUST-74839,True,0.16,2675.6,35.38
2031-09-19,45038.16,22551.99,22486.17,49.93,229.22,994,2649,15,1460,109,Europe,Home & Kitchen,Direct Sales,Completed,Low,1.6,-98,0.2878,0.111,99.1,131.2,2,3,7389864,CUST-80678,False,0.0,3603.05,47.83
2031-09-20,38297.01,30344.25,7952.76,20.77,332.97,292,1316,14,351,111,Middle East,Home & Kitchen,Wholesale,Cancelled,Medium,2.3,64,0.1793,0.408,99.896,125.3,2,2,1315436,CUST-18170,False,0.0,3063.76,46.82
2031-09-21,69958.62,35494.86,34463.76,49.26,34.78,344,4985,7,1837,97,Europe,Apparel,Retail Store,Pending,Medium,2.7,-1,0.1941,0.052,98.31,135.9,4,12,2530045,CUST-59035,False,0.0,5596.69,38.6
2031-09-22,32048.17,13477.58,18570.59,57.95,251.72,361,4078,13,556,8,Europe,Sports,Wholesale,Pending,Medium,3.7,-99,0.0458,0.905,99.514,159.8,3,6,6023592,CUST-36836,False,0.0,2563.85,13.66
2031-09-23,63405.47,46973.05,16432.42,25.92,155.04,677,841,22,296,142,Middle East,Beauty,Wholesale,Completed,Medium,1.8,-98,0.1051,0.452,98.481,118.8,2,4,8427048,CUST-13093,False,0.0,5072.44,35.12
2031-09-24,63394.31,27734.78,35659.53,56.25,169.83,658,4285,12,1719,67,Asia-Pacific,Books,Wholesale,Completed,Low,1.0,3,0.1446,0.013,99.914,115.3,4,8,1658799,CUST-30319,True,0.21,5071.54,41.88
2031-09-25,77444.3,13799.68,63644.62,82.18,480.85,336,1814,13,537,61,North America,Apparel,Wholesale,Refunded,Low,4.9,74,0.0691,0.225,99.19,136.4,1,2,2787478,CUST-88905,True,0.15,6195.54,49.4
2031-09-26,43854.7,31264.75,12589.95,28.71,99.52,345,4144,12,1829,109,Asia-Pacific,Apparel,Retail Store,Completed,Medium,4.6,5,0.0509,0.958,98.866,84.3,0,13,2361472,CUST-11212,False,0.0,3508.38,29.67
2031-09-27,60684.83,30267.55,30417.28,50.12,162.51,675,747,7,1994,69,Latin America,Books,Wholesale,Pending,Medium,2.2,10,0.1673,0.496,98.694,121.5,1,1,1324997,CUST-52641,True,0.3,4854.79,31.5
2031-09-28,84224.78,29344.84,54879.94,65.16,259.85,90,2897,11,1312,144,Latin America,Apparel,Direct Sales,Completed,Medium,2.9,-11,0.2408,0.359,98.404,116.4,2,13,6594178,CUST-62957,False,0.0,6737.98,49.28
2031-09-29,40735.37,37929.53,2805.84,6.89,432.88,96,918,17,1602,66,North America,Books,Wholesale,Cancelled,High,3.0,-74,0.0942,0.315,99.429,150.7,1,12,9956882,CUST-71248,False,0.0,3258.83,43.07
2031-09-30,26974.4,35979.56,-9005.16,-33.38,214.17,785,342,18,1997,134,Latin America,Electronics,Retail Store,Completed,High,4.5,90,0.1568,0.417,99.272,104.0,1,2,4937052,CUST-93110,True,0.16,2157.95,8.22
2031-10-01,21799.85,32383.01,-10583.16,-48.55,374.49,267,4414,21,977,130,Europe,Apparel,Direct Sales,Completed,Low,3.4,-63,0.19,0.212,99.78,123.2,2,5,2722887,CUST-14249,False,0.0,1743.99,48.39
2031-10-02,60690.68,33601.25,27089.43,44.64,429.62,194,4204,11,1422,148,Latin America,Home & Kitchen,Wholesale,Pending,Medium,4.3,71,0.279,0.749,99.195,114.6,1,5,5909400,CUST-57120,False,0.0,4855.25,16.06
2031-10-03,21752.75,29165.13,-7412.38,-34.08,161.91,701,4625,13,840,33,Middle East,Electronics,Retail Store,Completed,Medium,4.6,-93,0.2468,0.508,98.34,32.9,0,8,2932277,CUST-59969,False,0.0,1740.22,43.36
2031-10-04,44415.21,44203.93,211.28,0.48,202.45,707,3977,11,1818,55,Europe,Apparel,Direct Sales,Completed,Low,3.3,-78,0.0791,0.751,99.366,101.5,2,1,7930391,CUST-81839,False,0.0,3553.22,22.55
2031-10-05,56559.7,18166.43,38393.27,67.88,184.71,132,112,15,961,18,Asia-Pacific,Books,Wholesale,Completed,Critical,2.1,33,0.3397,0.254,99.758,119.7,2,13,9068221,CUST-85887,False,0.0,4524.78,11.87
2031-10-06,52777.63,31117.21,21660.42,41.04,418.1,898,3117,14,1425,98,North America,Electronics,Wholesale,Completed,Medium,3.0,52,0.3007,0.001,99.981,88.8,2,11,1937475,CUST-11112,False,0.0,4222.21,43.55
2031-10-07,56381.67,30520.2,25861.47,45.87,31.73,105,789,17,203,62,Middle East,Sports,Wholesale,Completed,Medium,4.4,-42,0.186,0.966,99.37,115.7,1,8,8435110,CUST-31743,False,0.0,4510.53,6.11
2031-10-08,53334.35,36506.24,16828.11,31.55,161.13,614,3238,12,1583,141,Middle East,Electronics,Direct Sales,Pending,Critical,3.3,84,0.1522,0.512,98.579,166.9,2,10,9074461,CUST-82607,False,0.0,4266.75,31.26
2031-10-09,69182.99,23249.17,45933.82,66.39,342.91,524,3840,16,1259,132,North America,Home & Kitchen,Online,Shipped,Low,4.6,-43,0.2252,0.08,99.131,153.7,3,8,9366305,CUST-93159,True,0.15,5534.64,15.51
2031-10-10,35715.25,16050.62,19664.63,55.06,287.07,913,776,13,993,41,Latin America,Apparel,Wholesale,Cancelled,Low,4.6,43,0.2088,0.104,99.03,54.7,2,13,4165371,CUST-14852,False,0.0,2857.22,12.9
2031-10-11,39845.07,31254.58,8590.49,21.56,223.78,452,3674,22,644,107,North America,Apparel,Retail Store,Completed,Low,2.5,-75,0.2755,0.435,99.024,146.6,1,9,6236072,CUST-76938,False,0.0,3187.61,29.54
2031-10-12,38410.11,32249.84,6160.27,16.04,274.57,523,4403,19,1640,16,North America,Books,Online,Completed,Low,2.8,-22,0.0469,0.695,98.157,139.7,0,4,1856160,CUST-83663,False,0.0,3072.81,46.09
2031-10-13,62452.88,41916.8,20536.08,32.88,106.82,967,1423,18,1498,89,Latin America,Electronics,Wholesale,Shipped,Low,3.7,74,0.1432,0.397,98.389,116.7,1,11,8683755,CUST-54108,False,0.0,4996.23,48.41
2031-10-14,63505.98,19837.1,43668.88,68.76,221.05,380,2965,11,111,143,Asia-Pacific,Home & Kitchen,Retail Store,Shipped,Critical,1.4,-5,0.0878,0.82,99.048,37.9,2,3,5520871,CUST-28461,False,0.0,5080.48,11.48
2031-10-15,56768.38,39237.55,17530.83,30.88,255.83,314,1102,15,1474,31,North America,Books,Wholesale,Pending,Critical,2.9,67,0.1121,0.329,99.596,147.4,0,9,2335564,CUST-93525,False,0.0,4541.47,38.97
2031-10-16,67752.41,48939.31,18813.1,27.77,451.58,366,2602,17,919,92,Latin America,Sports,Retail Store,Completed,Medium,1.6,46,0.0967,0.046,98.364,105.0,1,12,5286877,CUST-91245,True,0.13,5420.19,35.97
2031-10-17,32329.39,26977.88,5351.51,16.55,137.81,157,1865,10,1132,102,Middle East,Books,Wholesale,Cancelled,High,4.4,16,0.3139,0.008,98.329,127.4,2,5,3678674,CUST-41329,False,0.0,2586.35,22.93
2031-10-18,75008.36,19672.46,55335.9,73.77,435.24,294,1653,16,1215,24,North America,Home & Kitchen,Retail Store,Completed,Low,4.8,71,0.3666,0.859,99.52,86.1,3,11,2387283,CUST-48638,False,0.0,6000.67,9.37
2031-10-19,72848.58,26744.21,46104.37,63.29,325.68,666,2391,20,515,145,North America,Apparel,Retail Store,Completed,Medium,1.6,-2,0.0847,0.984,99.381,94.0,1,2,9237246,CUST-96928,False,0.0,5827.89,28.34
2031-10-20,61034.33,30112.04,30922.29,50.66,19.97,851,2085,9,1222,51,Asia-Pacific,Home & Kitchen,Online,Shipped,Low,3.7,53,0.0955,0.133,98.97,152.8,3,11,4211636,CUST-80103,False,0.0,4882.75,40.24
2031-10-21,76726.98,34510.3,42216.68,55.02,365.07,882,4966,15,1520,12,Asia-Pacific,Apparel,Online,Completed,Low,3.5,-49,0.0281,0.062,98.101,176.8,1,3,6201731,CUST-15576,True,0.22,6138.16,5.27
2031-10-22,25150.65,25268.84,-118.19,-0.47,27.42,927,337,14,1247,75,Middle East,Beauty,Direct Sales,Completed,Low,4.0,64,0.326,0.914,98.945,105.1,4,8,6248117,CUST-32709,False,0.0,2012.05,22.0
2031-10-23,42133.28,42441.59,-308.31,-0.73,498.72,271,3417,19,360,68,Asia-Pacific,Electronics,Retail Store,Pending,Medium,3.8,-24,0.0433,0.101,99.67,172.9,2,11,8692670,CUST-53410,False,0.0,3370.66,8.27
2031-10-24,38970.45,21083.74,17886.71,45.9,437.59,583,2492,12,1135,48,Middle East,Home & Kitchen,Retail Store,Shipped,Low,1.9,-54,0.1052,0.228,98.021,105.0,4,11,1652426,CUST-20782,False,0.0,3117.64,7.52
2031-10-25,60822.19,16086.36,44735.83,73.55,155.7,500,3655,11,1240,16,North America,Sports,Online,Shipped,Low,2.2,99,0.0715,0.802,98.205,104.6,3,7,3894795,CUST-59002,True,0.07,4865.78,15.36
2031-10-26,34247.89,38853.68,-4605.79,-13.45,136.13,747,1684,19,1755,109,Latin America,Sports,Direct Sales,Completed,Medium,1.7,-87,0.1615,0.998,99.619,70.4,0,4,6909611,CUST-18344,False,0.0,2739.83,44.94
2031-10-27,61362.43,11803.03,49559.4,80.77,196.91,40,1407,18,865,8,Asia-Pacific,Books,Retail Store,Completed,Medium,4.7,53,0.2752,0.486,99.05,137.4,0,9,5793551,CUST-83056,False,0.0,4908.99,24.76
2031-10-28,70558.04,28366.96,42191.08,59.8,184.52,711,2185,13,152,44,Middle East,Apparel,Wholesale,Completed,Low,3.1,-54,0.1272,0.211,99.325,113.2,1,11,5584943,CUST-40458,False,0.0,5644.64,37.76
2031-10-29,60428.04,54941.45,5486.59,9.08,192.45,896,1919,14,77,5,Asia-Pacific,Electronics,Wholesale,Shipped,Low,4.9,-7,0.1274,0.848,99.49,115.1,3,13,8351651,CUST-12486,False,0.0,4834.24,48.12
2031-10-30,54256.27,29903.65,24352.62,44.88,165.96,277,131,21,1669,123,Asia-Pacific,Sports,Direct Sales,Completed,High,2.8,5,0.2283,0.394,98.6,106.7,1,1,1155271,CUST-45633,False,0.0,4340.5,5.24
2031-10-31,35181.9,21033.86,14148.04,40.21,314.36,21,391,20,557,145,Europe,Electronics,Retail Store,Completed,Low,3.2,40,0.0676,0.273,98.596,85.3,1,11,2956830,CUST-81460,False,0.0,2814.55,40.91
2031-11-01,37297.24,29540.82,7756.42,20.8,90.49,200,3786,8,183,54,North America,Home & Kitchen,Retail Store,Completed,Medium,4.2,38,0.0276,0.49,98.528,141.9,2,11,2184675,CUST-95240,False,0.0,2983.78,10.54
2031-11-02,68744.28,29593.59,39150.69,56.95,424.53,409,4487,20,108,113,Asia-Pacific,Books,Online,Completed,Low,4.2,-99,0.1731,0.856,98.335,117.9,3,7,3585149,CUST-94845,False,0.0,5499.54,7.47
2031-11-03,61690.24,31285.2,30405.04,49.29,408.08,546,1742,9,1163,48,Latin America,Sports,Online,Shipped,Medium,1.9,57,0.1429,0.233,98.609,148.3,2,6,2977250,CUST-85938,True,0.29,4935.22,34.67
2031-11-04,49414.71,35298.1,14116.61,28.57,243.48,927,677,11,119,113,Europe,Home & Kitchen,Retail Store,Completed,Medium,2.2,14,0.1733,0.424,99.906,87.0,1,2,6447557,CUST-22383,True,0.08,3953.18,37.05
2031-11-05,43731.36,21687.11,22044.25,50.41,427.84,100,4009,13,234,102,Middle East,Books,Wholesale,Shipped,High,1.4,-77,0.0874,0.444,98.172,128.4,4,12,1301631,CUST-23439,False,0.0,3498.51,37.24
2031-11-06,19612.88,43500.38,-23887.5,-121.79,131.1,609,1323,19,1511,85,Middle East,Beauty,Online,Completed,Low,4.2,-19,0.275,0.833,98.481,194.8,1,9,4794633,CUST-39627,False,0.0,1569.03,16.67
2031-11-07,33937.21,31960.91,1976.3,5.82,18.61,853,4176,17,621,80,Latin America,Home & Kitchen,Wholesale,Completed,Low,4.2,-78,0.0914,0.676,98.636,95.1,1,11,2431204,CUST-54501,False,0.0,2714.98,11.88
2031-11-08,78671.29,35814.35,42856.94,54.48,313.41,510,2752,13,1547,84,Latin America,Apparel,Wholesale,Cancelled,High,1.3,16,0.1104,0.78,98.308,103.0,0,9,6462830,CUST-61786,False,0.0,6293.7,10.58
2031-11-09,30793.17,24974.8,5818.37,18.9,234.38,795,546,18,1730,56,North America,Home & Kitchen,Wholesale,Pending,Medium,2.0,-31,0.0942,0.693,98.155,102.6,1,7,5625487,CUST-44007,False,0.0,2463.45,17.27
2031-11-10,52842.2,40291.06,12551.14,23.75,287.91,310,3519,13,217,67,Latin America,Home & Kitchen,Wholesale,Pending,High,2.8,9,0.0674,0.593,98.324,83.5,2,7,9668202,CUST-16497,False,0.0,4227.38,23.53
2031-11-11,65111.66,27943.58,37168.08,57.08,450.68,120,4473,16,627,88,Middle East,Sports,Direct Sales,Shipped,High,3.2,-26,0.2043,0.132,99.056,178.0,1,4,1084536,CUST-70061,False,0.0,5208.93,45.56
2031-11-12,31176.16,32220.42,-1044.26,-3.35,485.26,89,3141,14,1956,142,North America,Beauty,Direct Sales,Completed,Medium,3.1,34,0.2207,0.833,99.194,39.4,2,7,5347310,CUST-29598,False,0.0,2494.09,48.59
2031-11-13,52770.66,22535.15,30235.51,57.3,320.88,845,2679,15,1197,91,Latin America,Sports,Online,Completed,Critical,4.9,74,0.0583,0.607,98.431,77.2,2,9,3406263,CUST-27994,False,0.0,4221.65,6.45
2031-11-14,64068.73,22024.55,42044.18,65.62,384.39,661,1522,16,1286,115,Latin America,Beauty,Retail Store,Completed,Medium,4.1,21,0.3362,0.701,99.008,136.4,2,10,2849538,CUST-32950,False,0.0,5125.5,5.92
2031-11-15,50187.49,35505.64,14681.85,29.25,51.07,442,2709,17,231,63,Middle East,Sports,Direct Sales,Shipped,Medium,1.5,37,0.1204,0.779,98.012,94.4,1,9,6522301,CUST-76914,False,0.0,4015.0,31.25
2031-11-16,93026.05,26451.15,66574.9,71.57,88.75,426,3181,16,120,12,North America,Home & Kitchen,Retail Store,Completed,Medium,2.2,-16,0.1922,0.312,99.204,118.9,3,9,4449400,CUST-78122,False,0.0,7442.08,25.91
2031-11-17,24971.01,23169.42,1801.59,7.21,369.27,223,158,7,605,55,Europe,Books,Online,Completed,Medium,2.4,100,0.3081,0.437,98.003,119.0,0,10,5114787,CUST-50907,True,0.12,1997.68,27.85
2031-11-18,65880.93,24854.53,41026.4,62.27,221.37,456,3259,18,901,137,Europe,Beauty,Wholesale,Shipped,Medium,2.3,18,0.1627,0.541,99.286,137.4,1,12,7180711,CUST-76941,False,0.0,5270.47,48.98
2031-11-19,47407.97,35591.62,11816.35,24.92,228.52,27,558,16,1268,80,North America,Beauty,Retail Store,Completed,High,4.1,57,0.1986,0.343,98.967,122.9,2,5,4857536,CUST-10074,False,0.0,3792.64,37.54
2031-11-20,61578.8,24967.7,36611.1,59.45,161.22,63,203,11,1642,82,Latin America,Books,Direct Sales,Completed,Medium,2.4,75,0.4801,0.259,98.219,106.4,1,12,4070281,CUST-68780,False,0.0,4926.3,11.89
2031-11-21,56619.61,29058.76,27560.85,48.68,307.6,889,888,17,1365,128,Latin America,Electronics,Retail Store,Completed,Medium,3.0,-76,0.2664,0.777,98.177,124.5,1,3,5577387,CUST-53453,False,0.0,4529.57,49.36
2031-11-22,39002.66,30120.22,8882.44,22.77,100.73,618,841,20,1130,16,North America,Beauty,Direct Sales,Cancelled,Medium,3.1,12,0.1619,0.754,98.014,113.8,2,3,6637470,CUST-87658,True,0.06,3120.21,27.71
2031-11-23,53434.95,14661.21,38773.74,72.56,317.19,804,3506,19,1962,28,Europe,Beauty,Retail Store,Cancelled,Low,2.1,-77,0.4497,0.832,99.103,179.3,4,8,9451511,CUST-41914,True,0.19,4274.8,30.67
2031-11-24,22131.48,18230.99,3900.49,17.62,95.16,755,1672,9,732,49,Asia-Pacific,Books,Direct Sales,Completed,Low,2.3,-89,0.4373,0.697,99.613,99.9,3,8,4539759,CUST-96735,False,0.0,1770.52,49.08
2031-11-25,59048.71,32690.22,26358.49,44.64,41.27,988,2801,11,1373,57,Middle East,Books,Wholesale,Completed,Low,4.1,98,0.0824,0.312,99.713,139.4,4,10,7609524,CUST-91742,False,0.0,4723.9,9.57
2031-11-26,54472.38,24103.77,30368.61,55.75,171.88,249,4750,14,367,149,North America,Home & Kitchen,Retail Store,Completed,Medium,4.5,61,0.1852,0.327,99.138,152.0,1,9,2158578,CUST-44700,False,0.0,4357.79,8.87
2031-11-27,59579.9,38453.8,21126.1,35.46,123.26,855,4823,13,1444,122,Asia-Pacific,Home & Kitchen,Online,Completed,High,1.1,30,0.2805,0.528,99.774,73.7,2,2,7339667,CUST-50672,False,0.0,4766.39,12.37
2031-11-28,65871.77,37734.46,28137.31,42.72,445.61,930,3512,12,1156,41,Middle East,Electronics,Retail Store,Completed,Medium,3.4,33,0.3314,0.836,99.724,81.1,1,1,9084226,CUST-27284,True,0.24,5269.74,14.75
2031-11-29,55514.3,35753.35,19760.95,35.6,36.93,427,3076,15,878,79,Asia-Pacific,Electronics,Direct Sales,Completed,Critical,3.5,-42,0.1512,0.346,99.396,187.6,3,3,1509962,CUST-73837,False,0.0,4441.14,28.2
2031-11-30,52221.34,44558.17,7663.17,14.67,96.54,865,2234,14,143,83,Asia-Pacific,Electronics,Retail Store,Cancelled,Low,3.9,54,0.093,0.766,98.726,96.3,5,8,8578315,CUST-54401,False,0.0,4177.71,23.91
2031-12-01,36783.97,29335.29,7448.68,20.25,278.87,495,527,12,316,27,Middle East,Apparel,Online,Completed,Medium,3.8,-18,0.1176,0.306,99.654,120.4,4,6,3616109,CUST-92265,False,0.0,2942.72,33.75
2031-12-02,39316.69,35191.06,4125.63,10.49,245.72,453,2044,17,1918,53,Asia-Pacific,Books,Wholesale,Pending,Low,4.5,-29,0.0427,0.339,98.783,113.9,5,3,4992075,CUST-51570,False,0.0,3145.34,26.11
2031-12-03,67801.02,25324.79,42476.23,62.65,32.47,575,1371,19,1449,132,Europe,Beauty,Retail Store,Completed,Low,1.3,-65,0.0244,0.752,98.807,118.7,1,1,6275859,CUST-50118,False,0.0,5424.08,35.59
2031-12-04,71545.03,49618.96,21926.07,30.65,13.55,608,4681,16,1234,139,North America,Books,Wholesale,Completed,High,2.6,-40,0.1908,0.679,99.356,107.0,1,5,8106446,CUST-60919,False,0.0,5723.6,15.9
2031-12-05,46428.34,45869.07,559.27,1.2,494.15,782,4799,18,663,41,Europe,Books,Wholesale,Completed,Low,4.1,-1,0.159,0.208,99.856,124.2,1,6,9272688,CUST-29840,True,0.22,3714.27,37.82
2031-12-06,50690.04,30095.04,20595.0,40.63,332.83,757,511,8,551,148,Europe,Electronics,Wholesale,Shipped,Low,4.4,98,0.1005,0.827,99.0,91.6,1,7,7117022,CUST-79478,True,0.25,4055.2,48.46
2031-12-07,36430.78,33092.69,3338.09,9.16,189.05,132,2031,9,1450,42,Middle East,Books,Direct Sales,Pending,Low,2.1,92,0.3401,0.785,98.354,112.2,4,13,9328493,CUST-51666,False,0.0,2914.46,6.78
2031-12-08,67591.35,40874.38,26716.97,39.53,240.51,429,2595,14,1185,103,Middle East,Apparel,Retail Store,Completed,High,3.3,32,0.2393,0.797,98.285,51.0,2,11,9141021,CUST-79512,False,0.0,5407.31,22.88
2031-12-09,59981.25,28822.88,31158.37,51.95,140.61,575,346,20,627,33,Middle East,Sports,Retail Store,Completed,Medium,1.7,69,0.2174,0.47,98.604,115.9,2,12,4991710,CUST-35881,False,0.0,4798.5,37.11
2031-12-10,79118.26,24747.01,54371.25,68.72,178.99,225,2917,17,1695,107,Asia-Pacific,Beauty,Online,Shipped,Low,4.4,41,0.0767,0.329,98.915,131.7,2,10,9445971,CUST-89963,False,0.0,6329.46,13.74
2031-12-11,36825.15,36991.92,-166.77,-0.45,328.03,429,2271,13,681,149,Asia-Pacific,Sports,Wholesale,Pending,Low,3.9,-36,0.0767,0.85,98.595,153.6,5,10,6255809,CUST-59299,False,0.0,2946.01,17.14
2031-12-12,44329.88,30627.51,13702.37,30.91,442.58,718,3431,10,328,114,North America,Electronics,Direct Sales,Pending,Low,1.9,-89,0.0692,0.588,99.424,160.2,1,4,8532805,CUST-26141,False,0.0,3546.39,47.95
2031-12-13,53471.69,31463.96,22007.73,41.16,100.22,560,3024,17,803,64,Asia-Pacific,Home & Kitchen,Direct Sales,Completed,Low,3.5,29,0.1459,0.931,99.085,106.8,2,10,2863039,CUST-81553,False,0.0,4277.74,38.51
2031-12-14,59697.34,23325.83,36371.51,60.93,421.78,975,2160,17,1506,67,North America,Sports,Online,Shipped,High,3.0,-87,0.2358,0.254,98.813,149.4,0,1,2820630,CUST-95369,False,0.0,4775.79,47.62
2031-12-15,46764.99,16258.62,30506.37,65.23,69.56,886,3434,17,1733,43,Europe,Beauty,Retail Store,Completed,High,2.0,-34,0.0329,0.976,98.427,79.7,1,7,5318309,CUST-69763,False,0.0,3741.2,49.55
2031-12-16,36905.58,31889.14,5016.44,13.59,115.35,237,4995,16,291,130,North America,Sports,Retail Store,Completed,Critical,4.6,14,0.4895,0.379,99.211,101.9,1,9,5306139,CUST-97994,False,0.0,2952.45,18.03
2031-12-17,63221.11,37239.7,25981.41,41.1,28.22,246,1044,11,1295,87,North America,Home & Kitchen,Direct Sales,Completed,High,1.6,-2,0.0992,0.384,99.348,176.7,1,13,9980282,CUST-79138,False,0.0,5057.69,43.3
2031-12-18,60817.03,28193.55,32623.48,53.64,79.0,653,2347,19,832,25,Middle East,Home & Kitchen,Direct Sales,Completed,High,2.9,-34,0.1614,0.239,99.568,126.4,1,9,8002561,CUST-87741,False,0.0,4865.36,16.46
2031-12-19,36255.89,41491.44,-5235.55,-14.44,459.48,339,1362,14,1011,36,Asia-Pacific,Books,Online,Completed,High,3.3,-87,0.1429,0.965,99.982,128.2,1,12,9215871,CUST-19207,False,0.0,2900.47,40.12
2031-12-20,70331.64,24368.67,45962.97,65.35,235.12,842,275,13,1359,32,Latin America,Beauty,Direct Sales,Completed,Critical,4.3,61,0.0992,0.04,98.463,113.8,2,6,7141712,CUST-32030,False,0.0,5626.53,40.83
2031-12-21,67552.98,21562.36,45990.62,68.08,48.06,478,1152,15,1034,107,Latin America,Apparel,Direct Sales,Completed,High,1.6,-56,0.0679,0.473,98.03,185.4,1,2,8579659,CUST-52271,False,0.0,5404.24,48.57
2031-12-22,52014.45,29462.16,22552.29,43.36,480.27,689,2824,9,53,16,Middle East,Books,Online,Pending,Medium,3.4,36,0.0464,0.365,99.001,138.6,2,1,9729247,CUST-22749,True,0.06,4161.16,49.83
2031-12-23,51193.97,29339.26,21854.71,42.69,440.71,496,2682,20,369,125,Europe,Home & Kitchen,Wholesale,Refunded,Low,1.0,37,0.1002,0.159,99.848,172.0,1,2,4117117,CUST-60312,False,0.0,4095.52,33.66
2031-12-24,58310.87,36159.75,22151.12,37.99,379.79,558,1417,11,1394,115,Europe,Sports,Direct Sales,Completed,Medium,4.3,35,0.2237,0.713,98.498,99.3,3,9,2679236,CUST-69891,False,0.0,4664.87,38.1
2031-12-25,37074.45,23800.3,13274.15,35.8,467.4,588,4672,11,1081,83,Europe,Beauty,Retail Store,Completed,Medium,1.9,56,0.2087,0.898,99.512,86.0,4,13,4128087,CUST-42609,True,0.07,2965.96,41.6
2031-12-26,50450.47,40944.75,9505.72,18.84,117.86,632,3467,12,1125,96,North America,Books,Wholesale,Completed,Medium,3.9,-40,0.2102,0.244,98.639,93.2,2,5,6740788,CUST-34036,False,0.0,4036.04,42.52
2031-12-27,17714.25,45735.34,-28021.09,-158.18,419.82,424,1774,8,1073,124,Asia-Pacific,Beauty,Direct Sales,Completed,Medium,3.4,81,0.0875,0.498,98.782,142.0,3,9,9386122,CUST-96494,False,0.0,1417.14,27.97
2031-12-28,63146.83,29686.85,33459.98,52.99,348.1,228,433,9,1215,89,Europe,Sports,Wholesale,Completed,Medium,1.2,66,0.079,0.578,99.895,177.7,4,2,8408319,CUST-96827,False,0.0,5051.75,14.99
2031-12-29,26577.6,39997.68,-13420.08,-50.49,436.18,730,1364,17,1899,84,Latin America,Electronics,Direct Sales,Completed,Low,1.7,-68,0.0404,0.39,98.922,146.2,1,11,9696105,CUST-95705,False,0.0,2126.21,42.07
2031-12-30,72551.3,21548.02,51003.28,70.3,400.49,390,3277,7,828,19,North America,Apparel,Retail Store,Completed,Low,2.1,50,0.1094,0.922,99.451,150.7,4,2,8115766,CUST-31552,False,0.0,5804.1,33.0
2031-12-31,45048.2,38601.77,6446.43,14.31,179.78,96,3045,12,876,105,Europe,Apparel,Direct Sales,Shipped,High,4.5,-29,0.2221,0.462,99.1,126.1,1,5,7430797,CUST-12230,True,0.12,3603.86,34.77
2032-01-01,46825.0,38378.21,8446.79,18.04,389.46,470,4880,13,329,16,Europe,Apparel,Retail Store,Refunded,Medium,2.9,26,0.2152,0.983,99.528,75.4,0,5,1020067,CUST-72606,False,0.0,3746.0,23.47
2032-01-02,40583.99,36907.5,3676.49,9.06,138.6,824,4756,14,1161,136,Asia-Pacific,Home & Kitchen,Direct Sales,Shipped,Low,4.7,67,0.1972,0.295,98.635,190.8,4,13,7051651,CUST-77301,False,0.0,3246.72,46.59
2032-01-03,45679.42,29875.5,15803.92,34.6,171.01,420,4318,10,1233,39,Asia-Pacific,Home & Kitchen,Direct Sales,Completed,High,1.2,1,0.1349,0.073,99.754,143.3,2,10,9767577,CUST-82381,True,0.23,3654.35,44.74
2032-01-04,71277.97,6366.01,64911.96,91.07,62.87,700,2765,9,1034,99,North America,Apparel,Wholesale,Pending,Low,1.0,-78,0.1167,0.575,99.098,138.3,2,7,2277059,CUST-19129,False,0.0,5702.24,11.48
2032-01-05,12682.87,24866.18,-12183.31,-96.06,468.19,925,515,19,1887,31,Latin America,Beauty,Online,Completed,Medium,4.8,-42,0.1345,0.823,98.618,150.6,1,3,7288527,CUST-85042,False,0.0,1014.63,13.38
2032-01-06,69154.48,24992.67,44161.81,63.86,152.59,534,807,16,77,129,Middle East,Electronics,Retail Store,Completed,Low,3.9,77,0.1513,0.388,98.076,60.0,5,8,7340272,CUST-28463,False,0.0,5532.36,26.23
2032-01-07,55070.35,22173.96,32896.39,59.74,265.11,456,2784,19,1601,17,Latin America,Home & Kitchen,Wholesale,Cancelled,High,4.1,-1,0.1071,0.185,98.026,102.5,4,13,4274879,CUST-74959,False,0.0,4405.63,34.35
2032-01-08,31894.68,30977.94,916.74,2.87,201.75,309,3466,16,859,6,Asia-Pacific,Sports,Online,Pending,Medium,4.7,91,0.266,0.738,98.707,141.8,1,3,3850058,CUST-86595,True,0.24,2551.57,17.88
2032-01-09,33870.31,26648.29,7222.02,21.32,480.36,417,3603,18,1944,41,Asia-Pacific,Books,Wholesale,Pending,Medium,4.9,-45,0.1472,0.271,98.431,114.9,2,7,4023421,CUST-63106,True,0.14,2709.62,24.44
2032-01-10,75145.9,23403.1,51742.8,68.86,174.17,646,4542,11,321,118,Middle East,Books,Retail Store,Completed,High,1.4,70,0.2452,0.77,98.105,117.3,3,1,7457270,CUST-96107,False,0.0,6011.67,12.26
2032-01-11,35817.4,21529.6,14287.8,39.89,391.49,384,2659,20,1173,124,Latin America,Home & Kitchen,Online,Shipped,High,1.6,26,0.1921,0.262,99.106,164.9,4,10,7492646,CUST-94790,True,0.21,2865.39,19.0
2032-01-12,32699.74,24275.9,8423.84,25.76,429.15,242,4071,14,1981,73,Latin America,Apparel,Online,Shipped,Medium,1.8,-17,0.2581,0.557,99.978,124.1,4,5,6666844,CUST-22409,False,0.0,2615.98,32.17
2032-01-13,67059.72,38971.99,28087.73,41.88,223.45,772,4730,22,1277,22,Middle East,Beauty,Online,Completed,High,4.3,-43,0.1298,0.888,98.845,203.2,4,9,9090745,CUST-92394,False,0.0,5364.78,14.56
2032-01-14,55078.29,24711.8,30366.49,55.13,195.3,908,3057,15,239,52,Asia-Pacific,Electronics,Retail Store,Completed,Medium,2.4,27,0.119,0.205,99.104,118.6,3,4,1323752,CUST-20062,True,0.27,4406.26,47.45
2032-01-15,35931.12,25880.49,10050.63,27.97,376.4,647,1829,15,595,85,North America,Books,Retail Store,Completed,Medium,3.4,39,0.1415,0.821,98.44,148.2,2,3,3437500,CUST-48714,False,0.0,2874.49,47.74
2032-01-16,53249.37,26346.42,26902.95,50.52,457.32,756,2001,13,343,70,Latin America,Home & Kitchen,Wholesale,Completed,Medium,4.4,63,0.1876,0.265,98.41,136.9,0,5,4430706,CUST-58565,True,0.19,4259.95,32.55
2032-01-17,34613.71,32711.95,1901.76,5.49,379.92,659,4859,21,1968,110,Europe,Beauty,Direct Sales,Pending,Low,3.7,100,0.2044,0.661,98.657,99.9,0,11,4066135,CUST-56420,False,0.0,2769.1,10.75
2032-01-18,66512.32,33650.0,32862.32,49.41,121.29,970,1141,18,1863,62,Latin America,Apparel,Direct Sales,Completed,Low,1.3,33,0.0681,0.244,99.67,83.9,2,9,8235353,CUST-47269,True,0.16,5320.99,22.42
2032-01-19,65920.56,5642.75,60277.81,91.44,445.27,58,126,11,897,82,Latin America,Electronics,Direct Sales,Cancelled,High,2.8,-69,0.1073,0.115,99.921,121.3,3,13,5701716,CUST-90049,True,0.23,5273.64,37.99
2032-01-20,57980.09,38173.08,19807.01,34.16,199.92,901,2683,17,1417,11,Latin America,Electronics,Direct Sales,Shipped,Low,1.3,92,0.1893,0.664,99.479,187.2,3,2,3102790,CUST-51905,True,0.19,4638.41,15.81
2032-01-21,55424.92,41490.94,13933.98,25.14,292.35,195,1152,18,820,107,Asia-Pacific,Books,Wholesale,Completed,Medium,2.9,87,0.2019,0.595,98.041,106.2,3,7,3139744,CUST-11948,False,0.0,4433.99,41.16
2032-01-22,76417.82,21598.51,54819.31,71.74,417.4,214,1774,15,818,113,Europe,Books,Retail Store,Completed,Low,1.9,81,0.2178,0.401,98.877,138.2,1,9,8231783,CUST-46518,False,0.0,6113.43,5.35
2032-01-23,49995.29,22221.61,27773.68,55.55,102.31,87,3155,13,102,13,Latin America,Sports,Wholesale,Completed,Medium,1.0,51,0.0641,0.037,98.841,111.0,0,4,3971537,CUST-82814,False,0.0,3999.62,13.56
2032-01-24,32271.89,26397.97,5873.92,18.2,394.41,490,1758,15,1777,73,North America,Home & Kitchen,Online,Completed,Low,4.3,56,0.2397,0.475,99.87,127.8,2,5,6480312,CUST-49488,False,0.0,2581.75,19.16
2032-01-25,56742.11,23951.97,32790.14,57.79,302.12,395,4835,18,733,136,Europe,Electronics,Retail Store,Completed,High,4.9,-93,0.2507,0.149,99.491,160.0,2,5,5010816,CUST-14401,False,0.0,4539.37,48.47
2032-01-26,81290.71,31791.41,49499.3,60.89,447.74,203,4051,16,1120,137,Middle East,Apparel,Retail Store,Completed,Critical,4.9,-88,0.3393,0.359,99.429,124.0,2,7,8619155,CUST-15905,False,0.0,6503.26,38.98
2032-01-27,34778.61,14427.8,20350.81,58.52,94.27,112,3288,14,1060,60,North America,Apparel,Direct Sales,Cancelled,High,2.2,-38,0.0466,0.586,99.13,98.5,1,9,3228948,CUST-50778,True,0.27,2782.29,5.87
2032-01-28,44578.06,21056.58,23521.48,52.76,216.13,626,1841,17,1495,60,Middle East,Home & Kitchen,Wholesale,Cancelled,Medium,4.3,-76,0.1567,0.939,99.292,176.2,1,8,6540460,CUST-40324,True,0.13,3566.24,25.84
2032-01-29,56246.69,42313.58,13933.11,24.77,418.09,385,4187,15,752,48,Latin America,Electronics,Direct Sales,Shipped,Critical,3.7,56,0.1942,0.511,99.397,98.8,2,11,8216509,CUST-38708,False,0.0,4499.74,36.13
2032-01-30,49191.43,22574.24,26617.19,54.11,19.42,296,4237,16,932,76,Asia-Pacific,Books,Retail Store,Pending,Medium,4.2,86,0.1118,0.195,99.105,143.7,5,7,6236639,CUST-71637,True,0.28,3935.31,32.81
2032-01-31,35265.45,39947.43,-4681.98,-13.28,64.98,845,3331,15,514,145,Latin America,Sports,Direct Sales,Shipped,Medium,4.4,-40,0.1839,0.946,99.69,67.8,2,8,8421183,CUST-96643,False,0.0,2821.24,25.85
2032-02-01,66827.87,32842.71,33985.16,50.85,495.38,491,1814,21,602,136,Latin America,Apparel,Online,Completed,Low,4.9,-13,0.0914,0.026,98.074,165.0,3,12,5739605,CUST-33115,False,0.0,5346.23,16.7
2032-02-02,84800.61,15525.86,69274.75,81.69,147.39,732,3296,13,966,19,Middle East,Beauty,Retail Store,Completed,High,1.6,24,0.0842,0.643,99.883,211.2,2,4,5285691,CUST-62258,False,0.0,6784.05,21.78
2032-02-03,52941.97,35082.63,17859.34,33.73,488.02,259,3431,16,1502,124,Latin America,Home & Kitchen,Online,Pending,Low,4.1,-75,0.0893,0.262,99.547,119.1,1,5,6827004,CUST-27128,True,0.08,4235.36,36.98
2032-02-04,36438.98,29058.66,7380.32,20.25,99.44,814,3447,19,1057,114,North America,Apparel,Retail Store,Cancelled,Medium,3.9,-17,0.0641,0.758,99.058,84.1,1,2,6162712,CUST-17111,False,0.0,2915.12,39.1
2032-02-05,26765.59,26356.26,409.33,1.53,186.94,210,2086,11,1470,86,Asia-Pacific,Beauty,Direct Sales,Completed,High,2.2,95,0.1294,0.331,99.721,146.9,2,5,4126687,CUST-99792,False,0.0,2141.25,27.11
2032-02-06,53869.64,31959.66,21909.98,40.67,378.91,545,3644,16,243,88,Middle East,Beauty,Retail Store,Completed,Medium,2.6,-79,0.1301,0.429,99.656,123.2,2,10,7463052,CUST-47794,False,0.0,4309.57,46.17
2032-02-07,66558.16,33797.07,32761.09,49.22,332.31,470,801,14,115,5,Europe,Apparel,Retail Store,Completed,Low,1.7,34,0.1805,0.77,98.839,195.0,2,2,7313271,CUST-95537,False,0.0,5324.65,48.15
2032-02-08,57127.52,35660.73,21466.79,37.58,294.75,309,1554,13,604,143,Latin America,Home & Kitchen,Wholesale,Completed,Medium,4.7,84,0.2239,0.898,99.68,99.0,2,13,1752466,CUST-61625,False,0.0,4570.2,40.22
2032-02-09,49963.94,39426.02,10537.92,21.09,269.65,487,3886,11,1775,97,Middle East,Beauty,Wholesale,Completed,High,4.5,-39,0.041,0.183,98.377,73.2,1,1,8414520,CUST-10463,False,0.0,3997.12,14.14
2032-02-10,41160.93,33265.09,7895.84,19.18,423.29,92,2571,20,650,92,Latin America,Beauty,Online,Completed,Low,3.5,21,0.2305,0.296,98.938,130.6,1,8,9009870,CUST-81785,False,0.0,3292.87,44.57
2032-02-11,33617.55,18994.93,14622.62,43.5,125.12,818,4360,19,1549,88,Latin America,Electronics,Wholesale,Cancelled,Medium,3.0,17,0.2041,0.004,98.465,140.4,3,2,5778610,CUST-73495,False,0.0,2689.4,25.42
2032-02-12,62521.27,26210.84,36310.43,58.08,226.81,467,3144,18,1761,49,Middle East,Sports,Retail Store,Shipped,High,1.9,45,0.2747,0.857,98.249,93.1,1,1,2505912,CUST-71829,False,0.0,5001.7,14.97
2032-02-13,63706.57,53544.39,10162.18,15.95,86.17,700,3983,17,1954,78,North America,Sports,Wholesale,Cancelled,Critical,4.2,-91,0.2876,0.947,99.789,153.6,1,9,3578160,CUST-94903,True,0.24,5096.53,40.35
2032-02-14,26814.05,35795.93,-8981.88,-33.5,302.01,307,3040,13,1099,72,Europe,Sports,Direct Sales,Completed,Medium,1.0,-70,0.2279,0.279,98.734,122.0,6,6,3207712,CUST-97363,False,0.0,2145.12,23.06
2032-02-15,73847.58,48954.3,24893.28,33.71,132.77,373,1920,14,1172,8,Latin America,Electronics,Wholesale,Completed,Low,2.9,-75,0.0759,0.385,99.369,110.5,3,9,9571543,CUST-75982,True,0.16,5907.81,15.74
2032-02-16,58611.07,41163.47,17447.6,29.77,173.58,727,2902,13,525,52,North America,Sports,Online,Completed,Medium,4.4,82,0.1864,0.429,98.75,139.1,4,12,8592278,CUST-61725,True,0.08,4688.89,31.45
2032-02-17,70993.92,31934.42,39059.5,55.02,240.91,49,3895,13,622,101,Latin America,Electronics,Retail Store,Cancelled,Medium,3.5,8,0.3157,0.41,99.088,109.9,1,5,1391269,CUST-42344,False,0.0,5679.51,10.31
2032-02-18,29868.08,32411.26,-2543.18,-8.51,23.12,825,2563,20,1966,141,Latin America,Beauty,Direct Sales,Completed,High,3.5,-11,0.2705,0.393,98.696,94.3,2,7,2004175,CUST-15561,True,0.11,2389.45,22.04
2032-02-19,29512.64,29707.36,-194.72,-0.66,55.05,634,3471,14,811,94,North America,Beauty,Direct Sales,Completed,High,1.3,25,0.4138,0.476,99.485,63.5,3,6,4607327,CUST-39157,True,0.09,2361.01,20.58
2032-02-20,47765.46,16097.56,31667.9,66.3,346.11,349,435,21,936,64,Latin America,Home & Kitchen,Online,Completed,High,2.1,-76,0.096,0.154,99.573,98.4,1,3,3124004,CUST-35419,True,0.25,3821.24,23.06
2032-02-21,57541.77,30144.38,27397.39,47.61,220.2,525,2024,14,879,56,Europe,Books,Wholesale,Completed,Medium,3.7,19,0.1213,0.058,98.861,207.3,3,1,8349802,CUST-64387,False,0.0,4603.34,24.98
2032-02-22,76945.41,39685.4,37260.01,48.42,433.75,117,3960,13,1810,128,Middle East,Electronics,Retail Store,Completed,Medium,1.2,79,0.0608,0.724,99.719,121.3,0,12,1292205,CUST-16457,True,0.22,6155.63,33.69
2032-02-23,60591.18,25202.88,35388.3,58.41,350.39,325,2888,12,131,90,North America,Sports,Online,Pending,Low,2.3,-83,0.1255,0.847,98.711,84.4,2,2,9344372,CUST-12190,False,0.0,4847.29,7.61
2032-02-24,46359.78,33295.62,13064.16,28.18,13.97,123,4225,13,1471,101,Asia-Pacific,Books,Direct Sales,Completed,Low,2.4,51,0.0871,0.81,99.525,164.3,2,6,3135805,CUST-65852,False,0.0,3708.78,25.83
2032-02-25,34604.46,36812.73,-2208.27,-6.38,312.19,176,3706,15,1767,52,Latin America,Electronics,Direct Sales,Completed,High,3.0,7,0.0425,0.627,99.3,118.4,2,5,9822292,CUST-73537,False,0.0,2768.36,27.37
2032-02-26,68450.01,22722.56,45727.45,66.8,55.93,270,1640,17,749,137,Middle East,Sports,Direct Sales,Completed,Medium,2.4,42,0.1483,0.969,98.912,130.2,2,7,2000864,CUST-36075,False,0.0,5476.0,20.16
2032-02-27,35529.42,26389.58,9139.84,25.72,392.66,627,674,17,1466,31,Europe,Electronics,Online,Pending,Medium,2.8,27,0.0429,0.002,99.778,129.6,3,6,5281403,CUST-13486,False,0.0,2842.35,38.49
2032-02-28,74427.03,21856.71,52570.32,70.63,495.84,233,320,14,93,5,Europe,Sports,Direct Sales,Completed,Low,3.2,-93,0.1075,0.32,99.145,172.0,3,3,4406748,CUST-54267,False,0.0,5954.16,37.24
2032-02-29,45734.23,23422.68,22311.55,48.79,270.29,271,2113,17,873,55,Asia-Pacific,Home & Kitchen,Retail Store,Cancelled,Low,1.5,-58,0.0595,0.31,99.68,73.5,4,9,2844913,CUST-92462,True,0.28,3658.74,28.47
2032-03-01,73858.73,19699.16,54159.57,73.33,344.56,260,2741,12,1551,148,Europe,Home & Kitchen,Direct Sales,Completed,Medium,1.7,-77,0.1814,0.35,99.467,171.1,2,12,4100973,CUST-42084,False,0.0,5908.7,43.59
2032-03-02,60183.97,22796.41,37387.56,62.12,126.28,535,853,11,1844,103,Middle East,Apparel,Online,Completed,High,4.3,16,0.2746,0.8,99.065,146.1,0,5,5433051,CUST-99952,False,0.0,4814.72,10.29
2032-03-03,47945.07,41355.65,6589.42,13.74,224.42,719,1120,12,659,104,Asia-Pacific,Electronics,Online,Completed,Low,2.8,1,0.2505,0.351,98.653,122.7,4,11,6366962,CUST-13593,False,0.0,3835.61,21.89
2032-03-04,42209.05,22676.18,19532.87,46.28,429.49,135,1588,12,1938,107,North America,Electronics,Direct Sales,Completed,Low,2.4,-36,0.0823,0.527,99.902,90.1,2,7,9327408,CUST-65617,False,0.0,3376.72,35.58
2032-03-05,44886.38,31011.67,13874.71,30.91,92.04,215,2061,18,1164,51,Asia-Pacific,Electronics,Online,Shipped,Medium,2.7,-75,0.1872,0.614,98.113,111.4,3,5,6737753,CUST-25543,False,0.0,3590.91,46.54
2032-03-06,56424.75,25977.05,30447.7,53.96,140.11,149,3583,16,1900,19,North America,Home & Kitchen,Wholesale,Cancelled,Low,1.7,-27,0.1296,0.845,99.789,121.5,1,11,3767023,CUST-80512,False,0.0,4513.98,43.71
2032-03-07,51157.35,39430.93,11726.42,22.92,228.26,71,537,9,1402,41,Europe,Sports,Online,Shipped,Low,2.0,53,0.2827,0.616,99.013,183.3,1,3,2367353,CUST-74088,True,0.13,4092.59,12.36
2032-03-08,41092.83,40489.3,603.53,1.47,359.0,292,578,13,1726,134,Middle East,Electronics,Wholesale,Completed,Low,3.1,-35,0.3907,0.381,99.497,170.2,3,5,1170158,CUST-19377,False,0.0,3287.43,7.8
2032-03-09,47515.53,36912.56,10602.97,22.31,194.18,63,882,15,1487,80,Latin America,Apparel,Online,Completed,Medium,2.4,67,0.2914,0.695,98.668,106.4,2,7,4131694,CUST-21990,False,0.0,3801.24,30.02
2032-03-10,51178.66,32449.08,18729.58,36.6,464.59,355,4267,19,1894,36,Asia-Pacific,Beauty,Online,Cancelled,Medium,2.9,-87,0.0504,0.516,98.768,190.3,3,8,7484302,CUST-21946,True,0.07,4094.29,27.32
2032-03-11,18068.99,28151.52,-10082.53,-55.8,56.28,533,4777,9,1837,59,Europe,Apparel,Online,Completed,High,1.6,60,0.0179,0.528,98.382,153.3,3,7,4505360,CUST-20370,True,0.1,1445.52,21.33
2032-03-12,56872.52,20465.0,36407.52,64.02,191.69,145,319,16,769,103,Middle East,Sports,Direct Sales,Shipped,Medium,1.6,84,0.0993,0.335,99.909,136.5,5,5,5803169,CUST-38429,False,0.0,4549.8,14.33
2032-03-13,35304.18,45548.23,-10244.05,-29.02,357.39,339,1127,12,740,60,Latin America,Beauty,Online,Refunded,Medium,2.5,66,0.1422,0.002,98.087,110.2,3,3,6011394,CUST-10284,False,0.0,2824.33,23.0
2032-03-14,32700.01,23922.62,8777.39,26.84,120.73,153,389,24,1883,33,Asia-Pacific,Home & Kitchen,Retail Store,Completed,Low,2.5,28,0.1839,0.356,98.774,99.8,6,6,1518093,CUST-56201,False,0.0,2616.0,26.44
2032-03-15,24689.83,35309.17,-10619.34,-43.01,331.64,445,479,18,1995,113,Middle East,Sports,Direct Sales,Completed,Medium,4.5,-7,0.1485,0.303,98.669,139.0,1,10,1733130,CUST-39712,False,0.0,1975.19,18.26
2032-03-16,23091.61,38476.52,-15384.91,-66.63,90.47,291,4073,8,748,88,Europe,Books,Wholesale,Pending,Medium,1.1,-64,0.217,0.1,99.626,133.4,1,9,9331983,CUST-65468,False,0.0,1847.33,5.55
2032-03-17,29668.29,25557.76,4110.53,13.85,37.43,145,2951,12,886,120,Asia-Pacific,Sports,Retail Store,Completed,Low,5.0,-83,0.0127,0.199,99.003,106.3,2,9,6759706,CUST-62911,True,0.18,2373.46,30.11
2032-03-18,39364.69,38304.1,1060.59,2.69,69.3,498,1478,12,159,75,Asia-Pacific,Home & Kitchen,Retail Store,Completed,Medium,4.8,57,0.4431,0.981,98.338,159.0,2,12,3873809,CUST-34649,False,0.0,3149.18,48.06
2032-03-19,79298.89,36113.71,43185.18,54.46,465.69,822,2058,11,268,86,North America,Books,Retail Store,Completed,Low,3.2,54,0.0709,0.28,99.018,125.7,1,6,3438519,CUST-15915,False,0.0,6343.91,20.63
2032-03-20,42111.8,43823.71,-1711.91,-4.07,280.36,742,2227,19,512,57,North America,Beauty,Retail Store,Completed,Medium,3.9,87,0.0169,0.518,98.472,134.6,4,7,2176662,CUST-34134,False,0.0,3368.94,39.61
2032-03-21,52666.25,26245.23,26421.02,50.17,400.21,861,165,8,909,89,Asia-Pacific,Books,Online,Pending,Medium,4.7,76,0.1307,0.549,98.034,157.5,1,7,7770864,CUST-64569,False,0.0,4213.3,45.27
2032-03-22,56007.22,19713.09,36294.13,64.8,173.0,730,2283,20,564,90,Middle East,Beauty,Online,Completed,Medium,2.0,12,0.058,0.56,99.089,148.9,2,5,5146603,CUST-72721,False,0.0,4480.58,24.5
2032-03-23,51965.98,25956.08,26009.9,50.05,300.4,924,4594,10,1626,80,Europe,Sports,Retail Store,Shipped,High,2.3,-71,0.1586,0.047,98.721,63.3,1,11,6791434,CUST-67621,False,0.0,4157.28,21.25
2032-03-24,48838.35,31670.83,17167.52,35.15,252.53,410,3874,12,686,15,Latin America,Books,Direct Sales,Shipped,High,1.4,72,0.136,0.771,98.478,146.7,2,11,3600268,CUST-56581,True,0.07,3907.07,45.1
2032-03-25,32070.59,30465.7,1604.89,5.0,473.41,880,4542,16,1330,80,North America,Beauty,Retail Store,Completed,High,3.3,-1,0.0191,0.73,98.344,121.0,4,8,2844246,CUST-43248,True,0.15,2565.65,9.73
2032-03-26,71763.91,26852.5,44911.41,62.58,376.31,901,4019,10,1266,34,Europe,Sports,Wholesale,Shipped,High,1.6,-80,0.0836,0.977,98.907,104.4,1,3,3816473,CUST-98934,True,0.14,5741.11,27.06
2032-03-27,77107.95,14726.42,62381.53,80.9,367.97,458,877,14,676,83,Asia-Pacific,Books,Retail Store,Completed,Low,4.7,81,0.0724,0.185,99.739,121.8,2,6,9393001,CUST-84651,False,0.0,6168.64,34.0
2032-03-28,24760.12,33763.86,-9003.74,-36.36,32.71,644,2666,9,119,111,Europe,Beauty,Online,Pending,Low,2.7,43,0.1884,0.554,99.516,109.3,3,1,4219170,CUST-73319,False,0.0,1980.81,35.3
2032-03-29,34639.57,45778.76,-11139.19,-32.16,279.34,637,2003,14,508,86,Europe,Apparel,Wholesale,Shipped,Low,4.7,-83,0.2337,0.804,98.009,124.4,3,12,4557290,CUST-10946,True,0.21,2771.17,10.09
2032-03-30,45802.84,33714.01,12088.83,26.39,238.83,678,2861,12,1455,140,Europe,Electronics,Direct Sales,Completed,Low,1.8,61,0.1533,0.124,99.462,119.3,3,4,5857701,CUST-25093,False,0.0,3664.23,10.02
2032-03-31,35531.93,34873.08,658.85,1.85,464.64,279,3951,20,1891,24,Asia-Pacific,Apparel,Retail Store,Pending,Low,3.8,48,0.1292,0.79,98.145,144.1,4,8,4689753,CUST-46769,True,0.24,2842.55,17.91
2032-04-01,57589.48,34579.56,23009.92,39.96,136.1,26,178,16,1567,16,North America,Home & Kitchen,Wholesale,Completed,High,3.6,58,0.0807,0.27,99.096,66.4,2,11,9425473,CUST-64946,False,0.0,4607.16,40.16
2032-04-02,39075.92,33176.37,5899.55,15.1,142.22,278,1681,17,1921,71,Latin America,Books,Retail Store,Shipped,Medium,2.6,-91,0.2591,0.281,99.56,126.4,4,11,9061314,CUST-26751,False,0.0,3126.07,49.18
2032-04-03,82475.84,37453.33,45022.51,54.59,211.56,870,2262,14,146,130,Middle East,Sports,Direct Sales,Pending,Medium,4.6,4,0.2189,0.946,98.907,119.0,2,11,5994150,CUST-21380,True,0.27,6598.07,31.58
2032-04-04,67858.23,33162.99,34695.24,51.13,129.25,491,1085,18,1801,144,North America,Beauty,Direct Sales,Shipped,Low,2.7,-97,0.2142,0.314,98.753,198.8,3,3,2518563,CUST-15130,False,0.0,5428.66,34.84
2032-04-05,53188.61,27498.58,25690.03,48.3,73.3,228,1585,16,1900,58,Latin America,Apparel,Wholesale,Completed,Medium,1.8,-86,0.0816,0.584,99.879,51.5,0,4,3969498,CUST-54147,False,0.0,4255.09,49.21
2032-04-06,65404.79,23632.09,41772.7,63.87,430.13,328,2720,10,273,84,Asia-Pacific,Apparel,Direct Sales,Pending,High,4.9,-48,0.2648,0.44,98.059,152.3,2,13,6692663,CUST-51187,True,0.17,5232.38,15.4
2032-04-07,66588.51,28008.21,38580.3,57.94,283.56,247,1064,13,1915,128,Latin America,Sports,Wholesale,Pending,Low,2.8,86,0.2003,0.078,98.212,135.2,1,4,8924493,CUST-16190,False,0.0,5327.08,9.18
2032-04-08,41540.79,32513.04,9027.75,21.73,432.07,554,2647,14,880,78,Asia-Pacific,Beauty,Direct Sales,Completed,High,1.8,-46,0.0995,0.95,99.741,146.8,0,3,2992168,CUST-11385,False,0.0,3323.26,12.73
2032-04-09,37756.74,27471.34,10285.4,27.24,417.26,294,928,16,1354,146,Latin America,Books,Online,Completed,Low,2.5,89,0.1526,0.214,99.772,104.3,3,2,3510197,CUST-28896,False,0.0,3020.54,18.82
2032-04-10,51172.15,32514.71,18657.44,36.46,148.2,46,3273,9,1979,136,North America,Sports,Wholesale,Completed,High,3.5,69,0.4693,0.268,98.745,131.2,1,13,8003253,CUST-91758,False,0.0,4093.77,35.65
2032-04-11,62924.54,33513.2,29411.34,46.74,278.39,112,2773,14,1406,120,Asia-Pacific,Home & Kitchen,Retail Store,Completed,Low,3.0,55,0.2651,0.377,99.08,125.1,1,2,6428263,CUST-92367,False,0.0,5033.96,18.59
2032-04-12,52085.91,36665.44,15420.47,29.61,50.78,732,1818,19,1965,63,Europe,Home & Kitchen,Wholesale,Completed,Medium,3.5,21,0.1685,0.499,98.329,243.8,0,7,7222666,CUST-22468,False,0.0,4166.87,27.45
2032-04-13,26345.05,40262.36,-13917.31,-52.83,458.47,439,2532,21,690,68,Asia-Pacific,Sports,Direct Sales,Completed,Critical,3.6,34,0.1099,0.144,99.769,109.2,2,1,8258161,CUST-74124,False,0.0,2107.6,6.23
2032-04-14,37957.63,30624.06,7333.57,19.32,208.09,801,1328,13,1684,132,Asia-Pacific,Home & Kitchen,Direct Sales,Shipped,Medium,1.5,38,0.2886,0.63,98.938,92.5,3,3,8888573,CUST-82861,False,0.0,3036.61,47.25
2032-04-15,48890.41,19537.79,29352.62,60.04,202.9,663,2510,12,1855,22,Latin America,Beauty,Direct Sales,Shipped,Medium,2.3,56,0.2903,0.515,99.128,190.0,2,6,5499308,CUST-56421,False,0.0,3911.23,31.55
2032-04-16,48865.02,27239.17,21625.85,44.26,158.35,248,3878,15,1478,86,Asia-Pacific,Apparel,Retail Store,Shipped,Medium,4.0,61,0.1269,0.303,98.236,132.0,1,10,3978965,CUST-77980,False,0.0,3909.2,29.59
2032-04-17,79588.13,30352.5,49235.63,61.86,235.73,750,1940,9,545,35,Latin America,Sports,Retail Store,Shipped,Low,3.6,15,0.2402,0.693,99.23,138.0,2,11,1220590,CUST-33320,False,0.0,6367.05,38.52
2032-04-18,29210.18,15313.85,13896.33,47.57,133.36,654,597,12,1832,88,North America,Home & Kitchen,Direct Sales,Completed,Low,1.4,24,0.2765,0.514,99.392,159.4,1,3,8984457,CUST-11016,True,0.15,2336.81,47.69
2032-04-19,57583.84,41109.32,16474.52,28.61,193.68,134,636,15,1259,46,Asia-Pacific,Apparel,Online,Completed,Low,2.3,15,0.2256,0.841,98.589,122.7,5,1,2063130,CUST-12634,False,0.0,4606.71,32.51
2032-04-20,72336.7,31139.02,41197.68,56.95,401.97,574,3405,12,1829,135,Europe,Sports,Wholesale,Cancelled,Low,4.7,-7,0.0879,0.855,99.792,105.3,5,13,9371931,CUST-62139,False,0.0,5786.94,35.55
2032-04-21,84071.75,33050.82,51020.93,60.69,418.79,609,1264,19,1111,89,Europe,Home & Kitchen,Direct Sales,Shipped,High,4.4,-76,0.1962,0.98,98.408,124.6,1,3,1123692,CUST-15232,False,0.0,6725.74,17.54
2032-04-22,43934.04,40924.21,3009.83,6.85,159.05,619,2071,19,818,14,North America,Home & Kitchen,Online,Completed,High,3.7,83,0.2103,0.067,99.795,90.6,2,13,4103474,CUST-97586,False,0.0,3514.72,42.08
2032-04-23,57371.44,24958.86,32412.58,56.5,239.82,891,3627,13,1925,75,Europe,Sports,Retail Store,Completed,Low,1.3,1,0.3259,0.405,99.407,69.2,3,4,5035539,CUST-70079,False,0.0,4589.72,40.46
2032-04-24,58546.41,34592.34,23954.07,40.91,438.17,616,399,12,809,26,Latin America,Books,Direct Sales,Completed,High,3.4,-61,0.2385,0.502,99.662,90.5,2,1,6056639,CUST-35483,True,0.09,4683.71,5.97
2032-04-25,52932.23,29121.09,23811.14,44.98,35.81,935,2486,19,1718,80,Asia-Pacific,Beauty,Wholesale,Completed,Low,1.0,19,0.0986,0.234,99.398,37.3,1,4,4050877,CUST-90072,False,0.0,4234.58,40.0
2032-04-26,48517.32,28527.31,19990.01,41.2,445.68,197,4498,11,537,17,Middle East,Books,Wholesale,Completed,Low,3.6,-8,0.1868,0.922,98.857,107.2,3,9,3996943,CUST-26723,False,0.0,3881.39,13.68
2032-04-27,56539.63,23822.46,32717.17,57.87,117.4,897,4063,14,605,127,Asia-Pacific,Apparel,Retail Store,Shipped,High,3.9,90,0.0968,0.088,98.663,102.5,2,10,1663829,CUST-78433,False,0.0,4523.17,13.04
2032-04-28,12016.31,43324.83,-31308.52,-260.55,342.48,265,4787,21,1041,145,Asia-Pacific,Apparel,Direct Sales,Pending,Low,3.0,18,0.2179,0.429,99.468,141.1,5,2,3385804,CUST-32655,False,0.0,961.3,19.8
2032-04-29,60231.04,26996.0,33235.04,55.18,295.45,594,4271,11,1778,101,Middle East,Sports,Direct Sales,Completed,Low,1.0,77,0.2239,0.185,98.596,124.5,5,3,4375300,CUST-38531,False,0.0,4818.48,47.74
2032-04-30,51892.67,35595.71,16296.96,31.41,280.94,996,3959,18,1579,99,Europe,Beauty,Direct Sales,Completed,Medium,3.7,-90,0.2896,0.682,98.124,115.1,0,5,8825117,CUST-93647,False,0.0,4151.41,31.58
2032-05-01,46662.88,14999.94,31662.94,67.85,431.09,933,1013,15,538,55,Europe,Home & Kitchen,Online,Shipped,Critical,4.3,87,0.3239,0.705,98.494,161.2,4,6,9201666,CUST-92693,True,0.27,3733.03,47.57
2032-05-02,80702.93,39439.91,41263.02,51.13,59.77,883,4975,9,106,87,Asia-Pacific,Beauty,Online,Completed,Medium,3.3,91,0.3551,0.873,99.51,105.4,5,5,7827718,CUST-80148,False,0.0,6456.23,8.53
2032-05-03,39875.99,38417.69,1458.3,3.66,180.04,803,3795,15,561,100,Europe,Home & Kitchen,Direct Sales,Pending,Low,3.8,31,0.3613,0.409,99.586,81.2,2,8,8930950,CUST-62901,True,0.28,3190.08,28.95
2032-05-04,43953.86,30779.47,13174.39,29.97,273.74,539,1020,15,1321,94,Latin America,Electronics,Wholesale,Completed,Low,1.4,58,0.1679,0.775,98.553,31.5,1,5,2491074,CUST-47998,False,0.0,3516.31,27.73
2032-05-05,79873.3,28184.46,51688.84,64.71,407.53,685,1623,16,153,130,Latin America,Electronics,Online,Completed,Medium,3.9,-27,0.0924,0.55,98.656,120.9,3,5,8173276,CUST-21659,False,0.0,6389.86,24.91
2032-05-06,37519.08,33200.0,4319.08,11.51,116.06,401,1849,14,606,17,Middle East,Beauty,Wholesale,Completed,Medium,3.5,-47,0.1469,0.812,99.099,118.1,1,1,4021189,CUST-23238,False,0.0,3001.53,49.62
2032-05-07,41748.27,48310.33,-6562.06,-15.72,403.44,667,3717,12,109,122,Asia-Pacific,Electronics,Online,Shipped,High,2.3,-21,0.2672,0.085,98.524,164.4,4,6,7928304,CUST-66385,False,0.0,3339.86,26.29
2032-05-08,47794.62,15894.11,31900.51,66.74,205.82,477,2800,12,1651,79,Latin America,Electronics,Retail Store,Completed,High,3.7,-45,0.0633,0.463,99.212,89.6,3,11,7599104,CUST-93709,True,0.24,3823.57,15.74
2032-05-09,62611.02,36256.22,26354.8,42.09,102.57,835,1105,13,784,23,North America,Apparel,Retail Store,Completed,High,3.6,16,0.5264,0.151,98.564,146.3,0,7,7111925,CUST-60754,False,0.0,5008.88,33.97
2032-05-10,53117.04,22707.06,30409.98,57.25,381.9,262,1801,10,1632,102,Europe,Home & Kitchen,Retail Store,Completed,Medium,3.4,-7,0.3086,0.79,98.242,33.1,1,5,4366585,CUST-40361,False,0.0,4249.36,16.11
2032-05-11,30610.62,29840.65,769.97,2.52,54.54,681,3402,11,1311,115,Asia-Pacific,Sports,Wholesale,Pending,Medium,1.7,-2,0.1328,0.153,98.31,74.5,1,3,3999406,CUST-26517,False,0.0,2448.85,10.93
2032-05-12,42017.47,28016.96,14000.51,33.32,262.24,870,903,10,420,112,Latin America,Electronics,Wholesale,Pending,Medium,2.2,-57,0.1357,0.008,98.501,133.4,2,11,2123928,CUST-99117,False,0.0,3361.4,31.24
2032-05-13,40889.68,26573.45,14316.23,35.01,41.3,570,3466,16,75,39,Middle East,Books,Direct Sales,Completed,Medium,5.0,-96,0.2276,0.93,98.336,144.1,0,13,1485413,CUST-88815,False,0.0,3271.17,37.6
2032-05-14,48841.68,29916.28,18925.4,38.75,184.64,185,2992,14,442,97,Latin America,Apparel,Direct Sales,Completed,Low,2.7,94,0.0494,0.485,99.949,61.9,1,7,7171720,CUST-82968,True,0.06,3907.33,25.31
2032-05-15,56387.65,20926.63,35461.02,62.89,304.53,475,3598,12,1892,104,North America,Home & Kitchen,Retail Store,Shipped,Medium,1.2,-21,0.2948,0.985,99.317,92.2,1,11,3838091,CUST-82034,False,0.0,4511.01,19.49
2032-05-16,56273.09,38233.44,18039.65,32.06,282.5,848,3262,16,655,100,Latin America,Apparel,Retail Store,Pending,Low,4.6,-33,0.0625,0.453,98.359,121.6,1,8,9506169,CUST-64856,True,0.19,4501.85,11.89
2032-05-17,23359.82,15646.85,7712.97,33.02,208.28,586,214,10,159,88,Asia-Pacific,Books,Online,Shipped,High,1.7,36,0.0903,0.591,98.848,116.7,1,9,1348578,CUST-26702,False,0.0,1868.79,41.07
2032-05-18,65959.11,34318.12,31640.99,47.97,220.23,997,3429,11,1465,71,Middle East,Sports,Retail Store,Pending,Low,2.6,-97,0.1006,0.744,98.538,139.2,3,7,1034347,CUST-29819,True,0.28,5276.73,45.11
2032-05-19,53788.53,27387.71,26400.82,49.08,121.12,298,4568,14,822,140,Middle East,Home & Kitchen,Retail Store,Shipped,High,2.1,-16,0.2094,0.281,99.369,152.0,0,3,7006456,CUST-13141,False,0.0,4303.08,16.39
2032-05-20,70767.98,20632.6,50135.38,70.84,233.38,59,2237,19,303,23,North America,Beauty,Retail Store,Completed,Low,4.9,16,0.1776,0.133,99.735,75.3,2,5,1831380,CUST-42226,True,0.25,5661.44,24.27
2032-05-21,56662.97,31619.07,25043.9,44.2,477.09,13,4952,28,1880,35,Asia-Pacific,Beauty,Wholesale,Completed,High,2.5,-6,0.0964,0.661,98.802,135.5,1,7,8891580,CUST-97171,False,0.0,4533.04,18.8
2032-05-22,66519.84,17544.39,48975.45,73.63,426.72,640,130,18,1909,36,North America,Apparel,Wholesale,Shipped,Low,3.8,-85,0.133,0.511,98.858,94.8,1,6,1199579,CUST-34989,False,0.0,5321.59,42.38
2032-05-23,56998.18,30317.71,26680.47,46.81,81.16,861,1905,20,1625,59,North America,Sports,Retail Store,Completed,High,3.4,10,0.1443,0.827,98.797,131.7,2,6,4914502,CUST-34748,False,0.0,4559.85,46.5
2032-05-24,70193.39,18616.98,51576.41,73.48,24.59,894,3669,13,1877,107,North America,Beauty,Online,Completed,Low,1.2,-31,0.2975,0.045,98.898,103.7,2,3,7871902,CUST-31785,False,0.0,5615.47,11.81
2032-05-25,57833.76,33690.18,24143.58,41.75,467.43,509,1536,11,966,55,Latin America,Home & Kitchen,Online,Pending,Medium,2.5,-86,0.0686,0.545,98.072,157.7,1,11,2290064,CUST-50265,False,0.0,4626.7,6.64
2032-05-26,48531.27,22605.14,25926.13,53.42,268.11,685,4885,15,815,126,Europe,Books,Direct Sales,Completed,Low,2.6,6,0.2004,0.186,99.185,140.5,4,5,2477839,CUST-43605,True,0.18,3882.5,8.85
2032-05-27,84086.52,26392.05,57694.47,68.61,273.54,232,3528,14,1170,96,Latin America,Books,Retail Store,Pending,Medium,5.0,79,0.1819,0.617,99.904,85.4,2,8,9207883,CUST-38185,True,0.11,6726.92,18.07
2032-05-28,63335.56,32351.6,30983.96,48.92,392.55,879,556,11,587,114,Asia-Pacific,Beauty,Wholesale,Completed,High,4.2,58,0.1426,0.76,99.571,61.2,1,9,6501696,CUST-88406,True,0.13,5066.84,37.6
2032-05-29,58606.17,23819.66,34786.51,59.36,164.2,677,548,15,1177,47,North America,Electronics,Retail Store,Completed,High,4.4,-7,0.2092,0.263,99.723,161.6,3,13,2633009,CUST-18071,False,0.0,4688.49,19.69
2032-05-30,30855.43,29536.29,1319.14,4.28,246.13,908,167,14,664,79,North America,Electronics,Online,Completed,Low,2.3,-21,0.1069,0.482,98.458,95.3,4,2,5138488,CUST-55628,False,0.0,2468.43,49.29
2032-05-31,30675.39,17889.36,12786.03,41.68,484.64,271,4189,13,636,75,Europe,Sports,Wholesale,Cancelled,Medium,2.3,-57,0.0502,0.42,99.214,98.9,0,2,4500914,CUST-80693,False,0.0,2454.03,8.85
2032-06-01,54390.73,35047.0,19343.73,35.56,339.35,694,1962,21,646,76,Middle East,Electronics,Wholesale,Cancelled,High,3.1,63,0.2521,0.755,99.786,146.0,4,3,1300385,CUST-69453,True,0.19,4351.26,35.21
2032-06-02,52182.82,44119.31,8063.51,15.45,85.34,544,1902,18,1569,107,North America,Beauty,Wholesale,Completed,Medium,3.5,25,0.172,0.6,98.137,84.2,5,12,6281380,CUST-62064,False,0.0,4174.63,25.79
2032-06-03,40788.16,52337.67,-11549.51,-28.32,75.28,912,4662,15,1287,45,Latin America,Beauty,Direct Sales,Completed,Low,3.9,29,0.1373,0.121,99.755,127.0,3,7,7989497,CUST-76319,False,0.0,3263.05,18.93
2032-06-04,52114.74,30729.35,21385.39,41.04,110.09,385,3531,17,162,82,North America,Beauty,Retail Store,Completed,Low,4.3,55,0.1724,0.977,98.129,120.6,2,10,3273754,CUST-58386,False,0.0,4169.18,30.24
2032-06-05,73829.4,36305.63,37523.77,50.82,385.69,70,227,12,1385,28,Asia-Pacific,Home & Kitchen,Retail Store,Completed,Medium,4.5,11,0.0832,0.912,99.966,117.1,0,2,3199428,CUST-57426,False,0.0,5906.35,16.15
2032-06-06,60431.04,15754.99,44676.05,73.93,154.73,365,4928,17,618,34,Europe,Electronics,Retail Store,Completed,Low,1.1,-61,0.0958,0.579,98.168,161.8,2,10,9768082,CUST-99954,True,0.07,4834.48,32.64
2032-06-07,32884.87,42021.87,-9137.0,-27.78,20.48,842,3925,17,1004,56,Middle East,Apparel,Online,Completed,Medium,4.2,-38,0.1019,0.777,98.736,136.3,3,4,2762420,CUST-44742,False,0.0,2630.79,49.78
2032-06-08,48327.37,36209.83,12117.54,25.07,472.65,655,1367,16,945,61,Asia-Pacific,Sports,Wholesale,Shipped,Medium,3.4,-38,0.0906,0.02,98.109,154.3,3,8,9402852,CUST-73884,False,0.0,3866.19,19.04
2032-06-09,37925.5,26128.53,11796.97,31.11,93.16,33,4110,9,1174,83,Latin America,Home & Kitchen,Wholesale,Pending,Low,3.1,-84,0.3087,0.201,98.114,111.3,1,4,4956414,CUST-79698,False,0.0,3034.04,21.74
2032-06-10,44184.5,39897.45,4287.05,9.7,14.68,302,1142,14,811,121,Asia-Pacific,Sports,Online,Completed,Medium,3.5,-63,0.2356,0.768,99.733,94.7,0,1,5032746,CUST-62740,True,0.15,3534.76,44.11
2032-06-11,43795.77,27964.19,15831.58,36.15,126.19,566,3838,13,1720,35,North America,Sports,Direct Sales,Pending,High,4.5,27,0.1244,0.106,98.127,156.4,2,4,8391119,CUST-32193,False,0.0,3503.66,21.15
2032-06-12,42835.32,26335.8,16499.52,38.52,125.16,700,467,17,987,80,Europe,Home & Kitchen,Online,Completed,Low,3.2,63,0.2386,0.043,99.585,100.0,2,7,6414767,CUST-16116,False,0.0,3426.83,45.99
2032-06-13,31172.97,33802.68,-2629.71,-8.44,216.78,365,2704,19,702,34,North America,Beauty,Wholesale,Completed,Low,1.6,59,0.3132,0.616,99.814,124.3,3,9,4185712,CUST-31226,True,0.09,2493.84,36.43
2032-06-14,48085.18,21493.16,26592.02,55.3,460.99,993,2740,16,133,117,Europe,Beauty,Direct Sales,Pending,Medium,2.7,81,0.1676,0.034,99.87,134.8,3,13,9272024,CUST-94851,False,0.0,3846.81,5.87
2032-06-15,41590.89,38173.0,3417.89,8.22,440.8,879,158,18,768,142,Latin America,Home & Kitchen,Direct Sales,Completed,Low,4.7,86,0.1495,0.183,99.728,93.1,0,8,5224366,CUST-85711,True,0.21,3327.27,21.99
2032-06-16,6058.27,21552.08,-15493.81,-255.75,233.88,950,4356,16,1815,138,Asia-Pacific,Beauty,Wholesale,Completed,High,4.3,-76,0.2295,0.08,99.91,93.2,3,6,2491314,CUST-16319,False,0.0,484.66,22.35
2032-06-17,80794.58,21599.56,59195.02,73.27,211.34,584,202,12,917,24,Europe,Electronics,Online,Completed,High,1.8,-24,0.1246,0.534,98.104,110.5,1,6,4198058,CUST-12423,True,0.07,6463.57,16.0
2032-06-18,66331.54,22722.48,43609.06,65.74,281.95,38,4607,10,998,24,Asia-Pacific,Home & Kitchen,Retail Store,Cancelled,Critical,3.9,41,0.1362,0.677,99.993,146.0,0,9,7927001,CUST-36835,False,0.0,5306.52,31.45
2032-06-19,44355.49,36076.0,8279.49,18.67,129.29,366,885,17,351,16,Europe,Sports,Retail Store,Pending,Medium,2.0,71,0.0147,0.183,98.041,132.1,3,8,5899489,CUST-84447,False,0.0,3548.44,6.83
2032-06-20,50282.29,25065.8,25216.49,50.15,35.57,374,4378,13,1646,89,North America,Home & Kitchen,Retail Store,Completed,Medium,2.4,23,0.1983,0.469,98.333,72.6,0,1,1090895,CUST-85070,True,0.09,4022.58,31.84
2032-06-21,32425.18,19216.03,13209.15,40.74,470.22,617,4045,14,1290,53,Europe,Home & Kitchen,Online,Shipped,High,2.9,-76,0.3723,0.02,98.162,188.3,1,2,3025502,CUST-55419,True,0.15,2594.01,30.08
2032-06-22,75435.84,25154.56,50281.28,66.65,101.48,418,2546,17,617,14,Europe,Beauty,Wholesale,Completed,Low,2.8,-66,0.1956,0.265,99.488,133.3,1,8,8798869,CUST-64022,False,0.0,6034.87,36.08
2032-06-23,78459.33,29743.66,48715.67,62.09,107.22,275,1056,16,590,9,Middle East,Home & Kitchen,Online,Cancelled,Low,1.1,-22,0.0725,0.18,98.174,105.2,3,3,9261829,CUST-67697,True,0.29,6276.75,29.23
2032-06-24,52350.41,20552.22,31798.19,60.74,241.51,300,2802,18,1696,68,Latin America,Apparel,Retail Store,Pending,Low,4.1,74,0.0502,0.166,98.585,114.7,0,2,7694529,CUST-55390,True,0.28,4188.03,20.0
2032-06-25,65352.96,20786.55,44566.41,68.19,250.89,576,536,17,141,140,North America,Apparel,Retail Store,Completed,High,4.4,74,0.1641,0.225,99.276,111.5,3,10,5621126,CUST-73236,True,0.06,5228.24,48.66
2032-06-26,52629.3,46890.37,5738.93,10.9,19.03,162,2465,12,703,21,North America,Electronics,Retail Store,Shipped,Medium,3.1,44,0.1825,0.805,98.996,107.0,2,5,8537546,CUST-52936,False,0.0,4210.34,10.98
2032-06-27,29949.12,23115.48,6833.64,22.82,82.5,228,4801,14,1525,71,Asia-Pacific,Home & Kitchen,Online,Pending,Medium,1.7,-12,0.1765,0.95,98.272,160.8,1,1,8658889,CUST-14553,False,0.0,2395.93,38.43
2032-06-28,43822.65,27415.66,16406.99,37.44,195.3,182,596,23,663,25,Europe,Home & Kitchen,Online,Shipped,Medium,2.0,-78,0.0282,0.706,99.043,203.2,1,1,7607488,CUST-70267,True,0.21,3505.81,14.25
2032-06-29,51978.92,27062.1,24916.82,47.94,345.03,617,1466,13,120,20,Europe,Sports,Retail Store,Shipped,Medium,1.5,21,0.026,0.072,98.681,102.1,3,10,7487330,CUST-60247,False,0.0,4158.31,7.8
2032-06-30,43181.78,26629.15,16552.63,38.33,121.93,644,2965,15,1598,31,Europe,Beauty,Direct Sales,Completed,Low,1.7,-84,0.0149,0.628,99.172,104.0,0,6,9663206,CUST-87396,False,0.0,3454.54,39.48
2032-07-01,46720.2,34970.77,11749.43,25.15,217.28,21,1951,10,1474,119,North America,Sports,Retail Store,Completed,Medium,4.5,-72,0.0461,0.734,99.077,116.8,3,4,5981946,CUST-56124,True,0.15,3737.62,43.6
2032-07-02,48629.01,37585.14,11043.87,22.71,283.1,525,1122,15,718,10,Middle East,Books,Wholesale,Completed,Medium,2.9,-99,0.2296,0.111,99.979,71.8,1,8,8965410,CUST-99970,False,0.0,3890.32,10.47
2032-07-03,48786.82,27552.36,21234.46,43.52,445.41,371,3230,13,130,46,Asia-Pacific,Sports,Online,Completed,Medium,1.4,-90,0.1703,0.294,99.727,138.5,2,3,6492557,CUST-42008,False,0.0,3902.95,28.67
2032-07-04,50783.88,20108.17,30675.71,60.4,169.77,867,2944,14,1173,148,Europe,Books,Direct Sales,Completed,Medium,2.0,-85,0.0931,0.428,98.007,126.5,5,10,5406347,CUST-16902,False,0.0,4062.71,37.78
2032-07-05,34090.92,40195.52,-6104.6,-17.91,75.44,588,1589,17,644,7,Middle East,Home & Kitchen,Direct Sales,Completed,Medium,4.8,78,0.2097,0.311,98.352,125.2,1,3,2825835,CUST-22650,False,0.0,2727.27,22.17
2032-07-06,39244.76,29237.27,10007.49,25.5,249.74,666,2434,23,267,44,Latin America,Electronics,Wholesale,Completed,High,3.0,-20,0.1502,0.518,99.826,55.1,2,8,4939831,CUST-83531,False,0.0,3139.58,24.9
2032-07-07,30731.24,43842.57,-13111.33,-42.66,375.89,978,4532,15,933,24,North America,Apparel,Retail Store,Shipped,Medium,3.1,-80,0.1561,0.131,99.079,40.8,2,2,5466044,CUST-26019,False,0.0,2458.5,48.98
2032-07-08,64667.23,12035.31,52631.92,81.39,63.83,486,3489,19,798,11,Latin America,Home & Kitchen,Retail Store,Shipped,Medium,3.1,-80,0.0239,0.445,99.519,107.1,3,2,5624493,CUST-63776,False,0.0,5173.38,37.81
2032-07-09,18415.3,31563.23,-13147.93,-71.4,218.09,586,302,12,174,63,North America,Home & Kitchen,Retail Store,Completed,High,1.4,-95,0.1223,0.733,99.007,143.2,1,13,6143649,CUST-74038,False,0.0,1473.22,46.47
2032-07-10,67303.86,45348.85,21955.01,32.62,18.71,91,330,16,250,143,Asia-Pacific,Electronics,Wholesale,Completed,High,4.9,-55,0.4573,0.461,99.572,57.8,2,7,5130262,CUST-16462,False,0.0,5384.31,24.45
2032-07-11,70795.24,27173.89,43621.35,61.62,26.44,626,3734,24,1075,97,Latin America,Electronics,Online,Completed,Medium,1.3,-78,0.1677,0.21,98.266,151.3,5,10,5019015,CUST-44069,True,0.2,5663.62,26.42
2032-07-12,45467.29,28196.05,17271.24,37.99,246.65,702,3228,15,623,56,Asia-Pacific,Books,Online,Shipped,Low,3.8,-43,0.3233,0.802,99.476,109.4,0,4,9334698,CUST-40636,False,0.0,3637.38,48.64
2032-07-13,10952.94,32364.09,-21411.15,-195.48,156.12,349,2791,7,1093,135,Asia-Pacific,Home & Kitchen,Wholesale,Completed,Low,1.2,84,0.4527,0.394,99.739,91.0,1,4,6117675,CUST-54150,False,0.0,876.24,24.23
2032-07-14,44580.34,25529.63,19050.71,42.73,424.1,450,3591,12,1032,25,Asia-Pacific,Home & Kitchen,Online,Refunded,Low,2.8,88,0.1872,0.425,98.531,122.9,1,7,4669914,CUST-90517,False,0.0,3566.43,23.54
2032-07-15,49037.24,27503.42,21533.82,43.91,305.06,626,3062,11,771,15,Latin America,Beauty,Wholesale,Shipped,Low,4.6,-62,0.3264,0.358,98.737,74.6,1,9,5137209,CUST-25607,True,0.05,3922.98,36.38
2032-07-16,34841.03,27297.48,7543.55,21.65,232.43,235,2427,13,1001,54,Latin America,Apparel,Wholesale,Shipped,Medium,4.1,72,0.101,0.29,99.181,31.2,1,10,9803331,CUST-32081,False,0.0,2787.28,7.0
2032-07-17,42271.72,24980.63,17291.09,40.9,209.89,380,4661,16,1931,13,Latin America,Beauty,Direct Sales,Completed,High,2.3,56,0.0879,0.602,99.736,162.2,2,1,6633083,CUST-96500,False,0.0,3381.74,24.99
2032-07-18,72952.93,39830.85,33122.08,45.4,253.65,37,2884,17,229,49,Europe,Beauty,Direct Sales,Completed,Medium,3.2,-70,0.3339,0.188,99.816,118.3,1,9,7776126,CUST-10135,False,0.0,5836.23,47.27
2032-07-19,59973.91,33688.62,26285.29,43.83,29.82,25,903,13,1482,33,Asia-Pacific,Apparel,Online,Refunded,Low,1.7,-99,0.1094,0.769,99.069,94.8,0,8,8236604,CUST-96918,False,0.0,4797.91,45.35
2032-07-20,36131.54,32005.03,4126.51,11.42,447.47,286,4461,12,1135,66,Europe,Home & Kitchen,Direct Sales,Completed,Low,4.8,-15,0.1253,0.482,99.316,99.8,2,3,8468627,CUST-29663,True,0.26,2890.52,34.72
2032-07-21,26036.01,36468.57,-10432.56,-40.07,499.17,342,3823,20,322,19,North America,Books,Online,Completed,Medium,3.8,64,0.1492,0.884,99.746,92.9,1,6,9535524,CUST-39889,False,0.0,2082.88,24.96
2032-07-22,45094.74,27885.15,17209.59,38.16,98.93,492,3001,9,856,23,Latin America,Apparel,Wholesale,Completed,Medium,2.5,-57,0.0625,0.939,98.463,107.7,1,5,4164501,CUST-81189,False,0.0,3607.58,27.97
2032-07-23,46798.15,23806.37,22991.78,49.13,68.99,819,275,10,1826,147,Middle East,Electronics,Online,Completed,High,2.3,97,0.1756,0.383,99.65,116.1,3,6,7395714,CUST-72250,True,0.27,3743.85,16.97
2032-07-24,57442.99,25179.01,32263.98,56.17,80.35,575,1544,14,812,39,North America,Home & Kitchen,Direct Sales,Shipped,Critical,2.0,26,0.1668,0.159,98.524,144.1,3,3,7126411,CUST-79296,False,0.0,4595.44,14.21
2032-07-25,41970.25,30014.26,11955.99,28.49,333.9,297,4103,12,1083,145,Asia-Pacific,Apparel,Online,Completed,High,4.1,-38,0.1171,0.505,99.162,95.6,2,12,6439195,CUST-46166,False,0.0,3357.62,17.1
2032-07-26,57672.49,21526.31,36146.18,62.67,334.11,123,3632,14,748,148,Asia-Pacific,Apparel,Direct Sales,Shipped,Medium,2.7,21,0.1627,0.27,99.869,83.0,0,3,8031560,CUST-72873,True,0.15,4613.8,45.6
2032-07-27,79027.31,25997.91,53029.4,67.1,425.48,47,4449,21,970,71,Europe,Sports,Wholesale,Pending,Medium,2.3,-26,0.0676,0.427,99.023,101.2,3,5,9421212,CUST-66673,False,0.0,6322.18,16.58
2032-07-28,62232.52,25871.07,36361.45,58.43,378.39,463,1643,12,671,99,Latin America,Apparel,Retail Store,Completed,Low,4.6,-48,0.1353,0.377,98.187,206.2,0,4,9619576,CUST-33093,False,0.0,4978.6,26.12
2032-07-29,49278.67,46996.45,2282.22,4.63,230.35,891,2254,19,589,59,Latin America,Books,Wholesale,Shipped,Low,1.6,-25,0.1772,0.45,99.792,125.5,2,3,9323664,CUST-89866,False,0.0,3942.29,37.25
2032-07-30,47252.74,7809.48,39443.26,83.47,310.3,751,2205,12,1035,39,North America,Beauty,Direct Sales,Refunded,Low,2.1,30,0.347,0.499,99.17,134.0,2,13,2595986,CUST-17051,True,0.19,3780.22,38.39
2032-07-31,44649.9,28563.04,16086.86,36.03,347.26,175,3513,12,509,20,North America,Beauty,Online,Refunded,Low,2.4,-7,0.2399,0.627,98.142,111.1,2,2,4567425,CUST-22968,False,0.0,3571.99,18.97
2032-08-01,67709.61,43805.55,23904.06,35.3,261.24,703,3461,12,1134,133,North America,Sports,Direct Sales,Shipped,Low,2.0,-82,0.1349,0.004,98.021,180.7,2,10,3867167,CUST-93426,False,0.0,5416.77,16.65
2032-08-02,40590.3,30974.76,9615.54,23.69,243.07,965,4279,19,1131,18,Middle East,Apparel,Direct Sales,Completed,High,3.3,-56,0.0469,0.256,98.523,150.1,0,1,1350261,CUST-83473,False,0.0,3247.22,21.66
2032-08-03,50678.34,36027.34,14651.0,28.91,326.1,214,1240,13,349,66,Middle East,Apparel,Retail Store,Completed,Medium,3.4,88,0.1229,0.17,98.241,83.6,3,8,1959720,CUST-40516,False,0.0,4054.27,9.54
2032-08-04,50767.97,30798.61,19969.36,39.33,283.16,887,4907,17,546,139,Asia-Pacific,Beauty,Online,Completed,High,1.2,-46,0.2677,0.71,99.257,125.5,2,3,3120065,CUST-38086,False,0.0,4061.44,29.55
2032-08-05,42473.24,24661.33,17811.91,41.94,325.53,254,1861,13,1412,103,Asia-Pacific,Books,Direct Sales,Completed,High,1.6,98,0.1815,0.832,99.193,106.5,2,4,9607983,CUST-48930,False,0.0,3397.86,37.91
2032-08-06,29413.02,12064.67,17348.35,58.98,310.3,880,2040,14,1325,33,Asia-Pacific,Home & Kitchen,Wholesale,Completed,Critical,1.8,-72,0.2822,0.726,99.682,134.4,1,1,8640927,CUST-21756,False,0.0,2353.04,15.58
2032-08-07,54844.62,31643.65,23200.97,42.3,362.41,342,1906,10,1480,97,Latin America,Beauty,Wholesale,Completed,High,1.3,-53,0.2445,0.975,99.027,154.9,1,6,5219184,CUST-22697,False,0.0,4387.57,9.05
2032-08-08,49084.94,23795.15,25289.79,51.52,324.97,952,3273,14,1329,10,Asia-Pacific,Apparel,Direct Sales,Completed,Medium,1.5,-29,0.0594,0.077,98.506,77.2,0,11,2906777,CUST-15004,False,0.0,3926.8,42.99
2032-08-09,57503.61,23597.32,33906.29,58.96,264.67,405,756,9,1454,93,Europe,Books,Direct Sales,Completed,Medium,2.0,-38,0.0715,0.465,98.101,132.6,3,6,2493485,CUST-65638,False,0.0,4600.29,44.73
2032-08-10,41996.0,26008.1,15987.9,38.07,344.08,830,2603,14,1218,6,North America,Books,Direct Sales,Completed,Medium,2.4,48,0.0691,0.899,98.021,91.7,5,4,2206923,CUST-74664,False,0.0,3359.68,43.73
2032-08-11,68312.32,43958.89,24353.43,35.65,230.25,516,758,17,640,100,Latin America,Sports,Direct Sales,Completed,High,4.2,-44,0.2008,0.319,99.852,169.6,3,2,8543001,CUST-88265,True,0.06,5464.99,24.08
2032-08-12,36848.39,49238.7,-12390.31,-33.63,128.42,938,2938,23,390,40,Middle East,Apparel,Wholesale,Pending,High,1.9,-88,0.1054,0.802,98.289,153.8,4,8,4964707,CUST-53514,False,0.0,2947.87,11.39
2032-08-13,75680.6,31737.66,43942.94,58.06,10.69,933,4336,15,1879,100,North America,Electronics,Retail Store,Completed,Critical,3.7,54,0.3239,0.562,98.998,50.4,0,1,5434777,CUST-44990,False,0.0,6054.45,36.01
2032-08-14,23785.45,26281.86,-2496.41,-10.5,284.38,130,2553,13,1871,41,Asia-Pacific,Books,Direct Sales,Pending,Medium,1.2,95,0.1934,0.979,99.59,80.6,1,4,9702294,CUST-88742,False,0.0,1902.84,9.54
2032-08-15,56521.55,20582.19,35939.36,63.59,299.42,268,1154,16,452,106,Middle East,Beauty,Online,Shipped,Medium,3.6,-13,0.1332,0.371,99.857,73.0,0,11,8704460,CUST-94354,False,0.0,4521.72,36.13
2032-08-16,57131.46,33748.32,23383.14,40.93,486.3,731,3141,14,337,73,Middle East,Electronics,Retail Store,Completed,Critical,4.2,91,0.1831,0.417,98.403,117.8,1,9,7748793,CUST-53954,False,0.0,4570.52,14.79
2032-08-17,38066.64,44263.24,-6196.6,-16.28,187.12,419,4103,8,1038,74,Middle East,Sports,Wholesale,Refunded,Critical,3.4,4,0.0544,0.164,98.464,130.6,1,4,7478500,CUST-85341,False,0.0,3045.33,9.86
2032-08-18,56365.91,28021.28,28344.63,50.29,203.13,319,2438,16,263,111,North America,Home & Kitchen,Direct Sales,Pending,Medium,1.8,-92,0.0529,0.16,98.359,147.7,1,3,1808999,CUST-99038,False,0.0,4509.27,5.08
2032-08-19,69192.78,10968.03,58224.75,84.15,108.88,817,210,14,581,19,Latin America,Beauty,Direct Sales,Completed,Medium,2.3,-27,0.3764,0.861,98.318,111.4,2,4,9288475,CUST-71730,False,0.0,5535.42,27.92
2032-08-20,16747.72,35360.4,-18612.68,-111.14,44.56,715,1818,9,919,102,North America,Sports,Direct Sales,Completed,High,4.2,-26,0.0861,0.407,98.91,110.1,2,1,6847349,CUST-89949,False,0.0,1339.82,43.88
2032-08-21,57541.17,37883.2,19657.97,34.16,388.67,77,4391,21,791,51,Europe,Sports,Direct Sales,Shipped,Medium,2.7,-4,0.1698,0.62,99.272,130.0,0,11,2083240,CUST-40352,False,0.0,4603.29,38.66
2032-08-22,12600.94,17313.23,-4712.29,-37.4,132.34,123,225,19,1649,112,Asia-Pacific,Sports,Online,Completed,High,2.0,34,0.5122,0.752,99.413,230.3,0,13,1366829,CUST-76809,False,0.0,1008.08,16.76
2032-08-23,35515.03,31411.87,4103.16,11.55,308.36,229,361,15,1621,112,Latin America,Apparel,Direct Sales,Completed,Low,4.7,38,0.1991,0.438,98.654,67.0,3,9,7724308,CUST-16661,True,0.23,2841.2,11.68
2032-08-24,74437.5,33609.81,40827.69,54.85,347.01,229,3034,17,260,73,Latin America,Electronics,Wholesale,Cancelled,Medium,3.5,8,0.0957,0.954,99.248,54.2,4,12,7869104,CUST-68937,True,0.2,5955.0,48.14
2032-08-25,41273.27,29415.14,11858.13,28.73,240.91,482,2302,14,220,56,Asia-Pacific,Sports,Online,Shipped,Medium,4.2,-73,0.1966,0.938,98.005,101.2,0,13,9647801,CUST-95843,True,0.18,3301.86,42.23
2032-08-26,32391.8,23673.83,8717.97,26.91,439.41,739,1704,15,587,6,Europe,Sports,Retail Store,Pending,Medium,1.1,1,0.2327,0.68,99.777,94.8,1,11,2768190,CUST-73151,True,0.24,2591.34,33.06
2032-08-27,47030.93,38127.5,8903.43,18.93,227.46,758,4303,16,1336,49,Middle East,Sports,Retail Store,Shipped,Low,2.4,-7,0.1082,0.995,99.74,94.2,0,10,6999771,CUST-41625,True,0.29,3762.47,20.76
2032-08-28,81018.6,26772.96,54245.64,66.95,149.61,952,2182,10,851,115,Asia-Pacific,Beauty,Retail Store,Shipped,Low,2.8,18,0.3717,0.003,99.088,119.6,3,8,3547831,CUST-77853,False,0.0,6481.49,40.45
2032-08-29,22524.77,18118.51,4406.26,19.56,449.05,395,4042,18,725,96,Middle East,Sports,Direct Sales,Completed,High,3.3,-29,0.1176,0.009,98.487,79.0,2,8,4986576,CUST-22186,True,0.16,1801.98,21.91
2032-08-30,34230.35,13604.2,20626.15,60.26,432.17,307,754,11,439,126,Asia-Pacific,Books,Retail Store,Completed,Low,1.8,-74,0.0568,0.068,99.944,99.2,2,4,3852819,CUST-68307,False,0.0,2738.43,36.46
2032-08-31,72461.48,40086.8,32374.68,44.68,90.38,939,2563,16,470,69,North America,Apparel,Online,Shipped,Low,3.0,49,0.1365,0.944,99.621,109.7,1,4,3986003,CUST-59362,False,0.0,5796.92,29.5
2032-09-01,77865.54,34933.31,42932.23,55.14,22.72,615,384,22,111,120,Europe,Electronics,Online,Completed,High,3.7,69,0.0362,0.605,98.034,110.5,2,1,1462195,CUST-35139,True,0.21,6229.24,29.78
2032-09-02,48448.53,30703.79,17744.74,36.63,54.09,262,2665,17,135,131,Europe,Books,Retail Store,Completed,Medium,2.4,59,0.2605,0.928,98.939,115.1,1,8,8536668,CUST-21969,True,0.22,3875.88,28.92
2032-09-03,31414.21,26477.8,4936.41,15.71,150.41,414,3901,14,1062,71,Asia-Pacific,Sports,Retail Store,Completed,High,3.8,41,0.2417,0.127,98.204,114.8,1,10,1286703,CUST-39752,False,0.0,2513.14,48.85
2032-09-04,81437.65,25768.01,55669.64,68.36,486.41,501,126,11,1658,98,Europe,Apparel,Online,Completed,Medium,2.6,53,0.0353,0.032,98.264,91.7,3,9,8609877,CUST-61354,False,0.0,6515.01,45.5
2032-09-05,73916.64,21394.11,52522.53,71.06,283.67,366,2374,10,540,133,Middle East,Apparel,Wholesale,Completed,High,2.9,82,0.2109,0.543,98.003,111.1,2,8,8254419,CUST-99134,False,0.0,5913.33,25.01
2032-09-06,60184.2,26548.35,33635.85,55.89,192.9,437,3967,15,945,63,Europe,Electronics,Retail Store,Shipped,Medium,1.5,-30,0.1654,0.175,99.375,119.8,0,7,9372348,CUST-93671,False,0.0,4814.74,47.42
2032-09-07,37813.96,13039.3,24774.66,65.52,445.47,224,4072,11,109,119,Europe,Electronics,Online,Shipped,High,3.6,82,0.0811,0.86,98.505,153.6,3,13,6070959,CUST-55481,False,0.0,3025.12,34.43
2032-09-08,49264.56,24111.49,25153.07,51.06,232.04,389,1691,11,526,120,Europe,Electronics,Retail Store,Completed,Low,1.9,72,0.3264,0.42,98.61,68.2,4,10,4932769,CUST-83534,False,0.0,3941.16,42.87
2032-09-09,47594.6,27512.5,20082.1,42.19,164.47,779,3481,9,369,51,Latin America,Beauty,Online,Pending,Low,4.3,-71,0.0558,0.77,98.094,120.9,2,2,4820370,CUST-15945,True,0.19,3807.57,41.65
2032-09-10,54962.77,34879.04,20083.73,36.54,471.2,868,1228,15,739,113,Asia-Pacific,Apparel,Direct Sales,Pending,Critical,3.2,-35,0.0532,0.516,98.016,125.8,4,9,2323518,CUST-25297,False,0.0,4397.02,48.25
2032-09-11,71765.02,29680.59,42084.43,58.64,426.26,761,4213,24,101,22,North America,Sports,Retail Store,Completed,Medium,3.2,-2,0.0952,0.529,99.585,126.5,2,10,2421909,CUST-63549,False,0.0,5741.2,13.96
2032-09-12,63191.26,36359.38,26831.88,42.46,423.4,836,2236,11,706,117,North America,Home & Kitchen,Retail Store,Completed,High,4.6,53,0.1143,0.682,99.323,128.1,1,12,2213303,CUST-31230,False,0.0,5055.3,36.65
2032-09-13,33839.36,40793.08,-6953.72,-20.55,261.02,223,256,12,877,37,Latin America,Books,Wholesale,Completed,Low,1.7,-12,0.1139,0.335,98.765,74.0,2,3,4589201,CUST-87973,False,0.0,2707.15,47.49
2032-09-14,70647.45,38465.36,32182.09,45.55,396.82,107,1389,12,1150,147,Latin America,Electronics,Wholesale,Pending,Medium,3.1,28,0.3123,0.949,98.14,125.6,0,6,2055172,CUST-86372,False,0.0,5651.8,7.85
2032-09-15,54696.98,33764.08,20932.9,38.27,97.88,537,2281,17,168,28,North America,Apparel,Wholesale,Completed,Low,2.5,51,0.2693,0.4,99.552,123.7,4,1,7202880,CUST-80453,True,0.28,4375.76,46.55
2032-09-16,60305.99,30094.9,30211.09,50.1,290.88,925,2611,17,770,40,Middle East,Sports,Wholesale,Completed,Low,4.9,-46,0.1714,0.398,99.853,139.2,1,13,2322840,CUST-72285,False,0.0,4824.48,47.0
2032-09-17,71998.11,22153.7,49844.41,69.23,492.08,675,1871,9,1255,64,North America,Books,Retail Store,Completed,Medium,4.2,1,0.1734,0.707,99.055,114.2,0,6,7399206,CUST-75875,False,0.0,5759.85,27.84
2032-09-18,33326.3,35919.55,-2593.25,-7.78,152.57,537,1255,11,555,94,North America,Home & Kitchen,Retail Store,Cancelled,Critical,4.0,-36,0.0731,0.636,98.278,101.1,1,9,2199398,CUST-52593,False,0.0,2666.1,36.12
2032-09-19,49462.62,43437.98,6024.64,12.18,399.23,719,2888,15,1723,55,Asia-Pacific,Books,Wholesale,Shipped,Low,1.8,-76,0.0333,0.996,99.305,155.0,2,1,8434413,CUST-81930,False,0.0,3957.01,5.66
2032-09-20,42028.18,32736.85,9291.33,22.11,250.33,629,3076,18,686,148,North America,Home & Kitchen,Wholesale,Completed,Low,1.9,-3,0.4445,0.85,98.143,77.4,2,13,6548945,CUST-50403,False,0.0,3362.25,6.0
2032-09-21,26482.11,45338.07,-18855.96,-71.2,29.5,544,3599,7,202,108,North America,Sports,Retail Store,Cancelled,Low,1.1,-59,0.0717,0.285,98.331,71.9,4,5,1420481,CUST-21296,False,0.0,2118.57,5.78
2032-09-22,55200.65,17795.43,37405.22,67.76,383.88,563,3013,16,1091,20,Europe,Electronics,Direct Sales,Completed,High,3.6,-57,0.2034,0.102,98.941,76.6,0,5,5548168,CUST-56189,True,0.15,4416.05,25.29
2032-09-23,87673.35,20766.69,66906.66,76.31,92.6,558,303,15,1137,137,Latin America,Beauty,Online,Pending,Medium,2.5,-32,0.1226,0.107,98.498,132.1,2,11,1040373,CUST-94137,False,0.0,7013.87,10.16
2032-09-24,22398.83,36841.61,-14442.78,-64.48,319.42,337,1922,13,546,138,North America,Home & Kitchen,Wholesale,Completed,Low,2.2,4,0.069,0.362,99.86,94.7,4,5,8826378,CUST-74933,False,0.0,1791.91,40.5
2032-09-25,49515.79,32114.32,17401.47,35.14,51.98,911,1459,23,1821,34,North America,Electronics,Online,Completed,High,3.5,39,0.0851,0.477,99.618,116.1,2,13,1363770,CUST-25975,True,0.23,3961.26,15.55
2032-09-26,59608.14,40510.26,19097.88,32.04,473.97,174,2644,7,128,55,Middle East,Books,Direct Sales,Shipped,Low,4.3,-93,0.0634,0.637,98.554,168.5,3,7,3954266,CUST-69574,True,0.14,4768.65,12.17
2032-09-27,51846.17,29876.23,21969.94,42.38,152.94,125,541,20,108,76,North America,Sports,Direct Sales,Shipped,Low,1.5,5,0.2502,0.858,99.928,78.8,0,2,4427818,CUST-81679,False,0.0,4147.69,20.49
2032-09-28,48303.08,23056.2,25246.88,52.27,120.97,159,1415,18,1484,132,Asia-Pacific,Books,Direct Sales,Completed,Low,4.7,-38,0.2294,0.99,98.757,60.4,1,1,6254677,CUST-12116,False,0.0,3864.25,15.03
2032-09-29,30511.75,28291.25,2220.5,7.28,73.28,527,4137,19,812,111,Middle East,Books,Retail Store,Completed,Low,1.1,47,0.4066,0.409,99.137,149.0,1,5,6581096,CUST-36208,False,0.0,2440.94,37.63
2032-09-30,53491.8,17738.53,35753.27,66.84,473.54,41,1248,11,875,131,North America,Sports,Online,Completed,Low,1.4,67,0.1984,0.546,99.128,90.8,3,5,7745453,CUST-90953,False,0.0,4279.34,21.17
2032-10-01,38648.54,20971.27,17677.27,45.74,358.83,666,1298,16,1134,133,Asia-Pacific,Sports,Direct Sales,Shipped,Low,4.4,-28,0.1058,0.601,99.299,79.0,1,8,1078597,CUST-10432,False,0.0,3091.88,40.0
2032-10-02,17151.17,37779.55,-20628.38,-120.27,373.41,815,3016,16,1540,98,Latin America,Beauty,Wholesale,Completed,Medium,3.0,23,0.4765,0.559,98.487,116.2,2,3,6042075,CUST-27201,True,0.27,1372.09,41.72
2032-10-03,67918.88,36982.3,30936.58,45.55,254.71,922,3985,16,1703,62,North America,Apparel,Direct Sales,Pending,Low,4.8,-96,0.0803,0.09,99.844,113.3,1,5,3212353,CUST-54845,False,0.0,5433.51,31.52
2032-10-04,64375.79,32904.03,31471.76,48.89,242.62,302,4275,11,1152,17,Latin America,Home & Kitchen,Wholesale,Shipped,Low,2.8,28,0.1248,0.115,98.531,89.6,1,11,8127502,CUST-40810,False,0.0,5150.06,33.05
2032-10-05,50774.91,16231.38,34543.53,68.03,63.91,928,2959,19,1822,31,North America,Sports,Wholesale,Completed,Low,4.7,-90,0.2253,0.889,99.33,139.7,0,5,5288218,CUST-34325,False,0.0,4061.99,17.82
2032-10-06,53436.12,27132.77,26303.35,49.22,284.32,698,3062,16,1912,125,Middle East,Apparel,Direct Sales,Shipped,Low,2.0,31,0.0921,0.676,99.532,92.7,3,4,5388791,CUST-70483,True,0.24,4274.89,34.03
2032-10-07,66114.77,20200.0,45914.77,69.45,130.99,966,1467,14,1756,144,Middle East,Books,Wholesale,Completed,Low,3.5,65,0.2575,0.679,99.763,91.1,2,4,3512958,CUST-43767,True,0.11,5289.18,27.84
2032-10-08,53365.09,39412.27,13952.82,26.15,488.8,186,4765,16,1561,22,Asia-Pacific,Beauty,Wholesale,Pending,Low,5.0,-84,0.1198,0.815,98.914,54.7,2,2,2767541,CUST-68568,False,0.0,4269.21,36.54
2032-10-09,63560.26,25330.22,38230.04,60.15,400.32,70,3009,11,293,123,Europe,Electronics,Retail Store,Shipped,Critical,2.5,-33,0.0353,0.084,99.423,34.1,2,2,9189485,CUST-43342,False,0.0,5084.82,35.1
2032-10-10,45537.77,21314.02,24223.75,53.19,212.37,598,2316,12,257,19,Asia-Pacific,Beauty,Online,Completed,Medium,1.0,59,0.1267,0.415,98.171,128.3,2,11,7723514,CUST-47337,False,0.0,3643.02,36.23
2032-10-11,69679.76,30238.37,39441.39,56.6,84.16,425,3505,16,905,148,North America,Sports,Retail Store,Completed,High,1.3,-96,0.3669,0.247,99.556,73.8,1,4,1980286,CUST-34124,False,0.0,5574.38,43.41
2032-10-12,54811.79,24878.76,29933.03,54.61,394.81,392,3159,16,1160,101,Latin America,Apparel,Retail Store,Cancelled,High,4.4,49,0.0352,0.661,99.511,114.7,1,7,2346903,CUST-34215,False,0.0,4384.94,31.58
2032-10-13,52910.78,41869.95,11040.83,20.87,69.81,607,2383,17,1724,78,Latin America,Books,Retail Store,Completed,Medium,3.0,-19,0.0999,0.215,98.821,187.5,2,3,5210612,CUST-86337,False,0.0,4232.86,40.07
2032-10-14,30949.08,24121.51,6827.57,22.06,102.77,712,4594,17,649,51,North America,Home & Kitchen,Online,Completed,Medium,3.1,-34,0.0714,0.692,98.627,136.3,2,12,9403548,CUST-93894,False,0.0,2475.93,19.71
2032-10-15,54304.34,18806.17,35498.17,65.37,113.65,16,920,19,694,23,Europe,Beauty,Online,Completed,Medium,4.2,-90,0.2632,0.388,98.76,121.0,1,6,3358282,CUST-75058,False,0.0,4344.35,40.68
2032-10-16,37520.68,12776.69,24743.99,65.95,282.88,927,3160,13,88,95,Europe,Apparel,Direct Sales,Completed,Medium,4.2,52,0.2289,0.439,98.181,134.8,1,5,9971911,CUST-75155,False,0.0,3001.65,19.17
2032-10-17,40425.76,29753.71,10672.05,26.4,395.66,94,2624,15,1249,35,Europe,Apparel,Retail Store,Completed,High,2.9,-59,0.0632,0.818,99.276,195.5,2,2,9517311,CUST-42997,False,0.0,3234.06,21.35
2032-10-18,37769.37,25504.56,12264.81,32.47,164.01,783,2732,17,527,20,North America,Electronics,Online,Completed,Low,4.4,-66,0.178,0.348,99.826,54.0,0,13,9474227,CUST-79809,False,0.0,3021.55,44.36
2032-10-19,34006.48,18568.76,15437.72,45.4,51.49,966,2762,9,1665,82,Middle East,Home & Kitchen,Direct Sales,Completed,Low,2.9,-22,0.1096,0.257,99.331,115.2,2,6,8127730,CUST-93545,False,0.0,2720.52,16.3
2032-10-20,81871.57,39513.81,42357.76,51.74,237.62,407,2925,12,69,27,Middle East,Apparel,Retail Store,Pending,Low,3.7,-42,0.1142,0.85,99.161,171.6,1,7,2699359,CUST-15561,True,0.05,6549.73,38.22
2032-10-21,69970.09,35337.96,34632.13,49.5,376.57,921,4553,16,270,45,North America,Home & Kitchen,Retail Store,Completed,High,1.1,16,0.1433,0.685,99.981,130.8,1,3,8684341,CUST-47632,False,0.0,5597.61,15.51
2032-10-22,78805.51,29774.26,49031.25,62.22,118.62,780,3229,15,1922,16,Middle East,Books,Wholesale,Completed,Medium,1.6,-53,0.1066,0.404,99.084,162.2,2,8,8006614,CUST-25507,True,0.21,6304.44,15.88
2032-10-23,31656.57,40914.61,-9258.04,-29.25,117.76,402,4114,12,324,79,Europe,Sports,Online,Completed,High,4.4,-98,0.3005,0.499,98.692,98.1,3,4,5687959,CUST-78338,False,0.0,2532.53,32.16
2032-10-24,51068.81,35300.29,15768.52,30.88,474.14,56,4716,14,1773,89,Middle East,Beauty,Wholesale,Completed,Medium,2.3,-77,0.0812,0.348,99.409,76.2,3,3,8825245,CUST-45146,True,0.27,4085.5,6.58
2032-10-25,30597.39,23417.15,7180.24,23.47,477.54,350,4588,15,1227,75,North America,Apparel,Retail Store,Completed,Medium,2.3,18,0.1137,0.551,99.043,186.9,4,3,6021870,CUST-19371,False,0.0,2447.79,34.23
2032-10-26,39564.58,21686.24,17878.34,45.19,495.33,507,1766,19,512,130,Middle East,Books,Retail Store,Completed,Medium,3.7,96,0.2428,0.139,99.944,122.6,2,4,2555839,CUST-75650,True,0.28,3165.17,38.15
2032-10-27,36228.1,36543.85,-315.75,-0.87,405.75,615,3500,19,1482,74,Middle East,Electronics,Retail Store,Completed,Medium,3.4,0,0.3061,0.888,99.796,148.9,2,2,1512268,CUST-75673,False,0.0,2898.25,46.15
2032-10-28,68593.76,33170.94,35422.82,51.64,102.21,487,3682,17,1728,8,Middle East,Home & Kitchen,Direct Sales,Completed,High,1.3,-68,0.1973,0.554,99.894,151.1,0,12,5982441,CUST-16529,True,0.11,5487.5,38.88
2032-10-29,44056.55,31357.98,12698.57,28.82,113.87,435,2300,21,300,67,Middle East,Sports,Wholesale,Pending,Low,4.1,-31,0.2279,0.385,98.002,164.8,3,2,5911731,CUST-17291,True,0.07,3524.52,42.96
2032-10-30,66025.69,23228.02,42797.67,64.82,176.71,435,992,16,261,54,North America,Books,Wholesale,Cancelled,Medium,3.5,74,0.0177,0.572,98.668,130.3,0,5,5204332,CUST-76374,True,0.06,5282.06,15.54
2032-10-31,59061.81,34863.58,24198.23,40.97,165.88,745,4050,14,1551,34,Asia-Pacific,Home & Kitchen,Retail Store,Completed,Low,4.4,-48,0.1763,0.161,99.254,131.8,3,11,5985621,CUST-45453,True,0.24,4724.94,19.05
2032-11-01,84554.58,23956.01,60598.57,71.67,478.7,800,1083,10,1734,20,Middle East,Sports,Wholesale,Shipped,Medium,3.1,72,0.2431,0.078,98.617,137.4,1,7,5230331,CUST-20976,True,0.19,6764.37,47.54
2032-11-02,27808.34,29184.11,-1375.77,-4.95,396.65,524,682,18,736,8,Asia-Pacific,Home & Kitchen,Retail Store,Completed,Medium,2.7,98,0.2757,0.548,99.313,97.5,3,13,1674500,CUST-76502,True,0.09,2224.67,32.84
2032-11-03,68888.5,41575.55,27312.95,39.65,364.76,138,4215,19,468,30,North America,Apparel,Retail Store,Shipped,High,2.5,-44,0.2412,0.07,99.43,156.8,0,10,3594698,CUST-57086,True,0.09,5511.08,35.17
2032-11-04,67196.61,24713.33,42483.28,63.22,101.12,844,2740,16,1245,143,Latin America,Home & Kitchen,Wholesale,Pending,High,1.0,97,0.1766,0.661,99.247,100.0,1,5,9484930,CUST-94472,False,0.0,5375.73,35.25
2032-11-05,35399.32,17416.09,17983.23,50.8,455.67,258,2073,19,556,96,Asia-Pacific,Books,Online,Pending,Medium,1.2,-61,0.2718,0.8,98.917,158.7,2,9,9901279,CUST-73444,True,0.07,2831.95,49.8
2032-11-06,65107.0,21579.62,43527.38,66.86,415.66,750,3517,18,695,112,North America,Electronics,Retail Store,Shipped,Low,1.5,-98,0.1035,0.988,99.394,147.8,3,2,9617033,CUST-27777,False,0.0,5208.56,36.98
2032-11-07,55042.17,37954.39,17087.78,31.04,90.18,848,4214,19,1701,55,Latin America,Apparel,Retail Store,Completed,High,4.7,-52,0.046,0.769,99.561,42.8,2,8,4147687,CUST-77853,False,0.0,4403.37,39.31
2032-11-08,46587.86,32037.85,14550.01,31.23,436.87,140,2515,18,918,46,Middle East,Beauty,Wholesale,Completed,Low,4.5,-87,0.1194,0.974,99.392,148.2,0,8,4715446,CUST-85114,False,0.0,3727.03,46.11
2032-11-09,37640.97,28968.98,8671.99,23.04,143.4,749,988,16,1276,139,North America,Electronics,Wholesale,Completed,Medium,3.0,24,0.0349,0.022,99.624,128.2,0,7,4267603,CUST-39940,True,0.27,3011.28,19.07
2032-11-10,39213.36,25927.25,13286.11,33.88,49.63,698,1983,16,1992,22,Europe,Books,Wholesale,Pending,Low,1.7,47,0.0579,0.559,99.895,166.7,5,10,7103313,CUST-75164,False,0.0,3137.07,42.02
2032-11-11,80747.18,33882.88,46864.3,58.04,331.84,332,4921,10,541,7,Latin America,Apparel,Retail Store,Shipped,Low,1.6,93,0.0603,0.165,98.205,180.6,4,4,7898945,CUST-47268,True,0.11,6459.77,6.17
2032-11-12,50010.24,23207.16,26803.08,53.6,330.36,832,3922,20,344,24,Europe,Sports,Online,Completed,Medium,2.0,-76,0.1191,0.245,99.813,123.9,2,7,2261580,CUST-87597,False,0.0,4000.82,10.37
2032-11-13,61731.95,32445.32,29286.63,47.44,56.52,909,246,15,506,102,Middle East,Sports,Online,Completed,Low,4.6,-97,0.0822,0.735,98.547,132.5,2,6,5547639,CUST-24431,False,0.0,4938.56,10.97
2032-11-14,38136.51,24149.96,13986.55,36.67,166.24,552,1816,11,1219,77,Middle East,Home & Kitchen,Online,Pending,High,3.1,68,0.0605,0.253,99.128,75.1,2,10,9021677,CUST-13634,False,0.0,3050.92,5.25
2032-11-15,38302.21,22818.72,15483.49,40.42,496.48,75,2577,8,1311,78,Asia-Pacific,Electronics,Retail Store,Completed,Medium,4.2,-38,0.0356,0.18,99.885,114.1,6,7,2466740,CUST-68294,False,0.0,3064.18,24.62
2032-11-16,66229.77,24900.1,41329.67,62.4,342.43,727,1563,18,789,127,Middle East,Apparel,Wholesale,Completed,Medium,3.0,75,0.1189,0.372,99.24,178.0,2,5,6189565,CUST-23547,False,0.0,5298.38,49.4
2032-11-17,29756.36,26996.74,2759.62,9.27,367.74,110,2345,15,1840,74,Asia-Pacific,Beauty,Online,Completed,Low,3.4,-46,0.1739,0.083,98.168,120.0,2,3,9325003,CUST-41697,False,0.0,2380.51,17.5
2032-11-18,43771.79,29609.36,14162.43,32.36,114.33,841,1410,24,473,149,Latin America,Beauty,Online,Completed,Low,3.4,-99,0.2684,0.146,98.998,152.5,4,8,3449803,CUST-63062,False,0.0,3501.74,13.1
2032-11-19,50510.41,31883.65,18626.76,36.88,48.6,40,4760,15,1057,83,Europe,Beauty,Online,Completed,Medium,1.1,-78,0.2781,0.146,99.789,119.2,0,7,9225163,CUST-12033,False,0.0,4040.83,25.29
2032-11-20,51670.59,493.08,51177.51,99.05,145.68,894,468,14,341,145,Latin America,Sports,Retail Store,Completed,Medium,2.8,7,0.3093,0.226,98.824,115.9,2,8,3555382,CUST-78363,False,0.0,4133.65,38.2
2032-11-21,47313.6,23538.8,23774.8,50.25,131.96,200,1363,17,205,46,Europe,Apparel,Wholesale,Completed,Medium,4.5,75,0.0238,0.871,99.696,140.1,1,3,1475755,CUST-60549,True,0.07,3785.09,7.24
2032-11-22,55937.3,26867.44,29069.86,51.97,124.93,587,2949,15,1924,48,North America,Electronics,Direct Sales,Cancelled,Medium,3.0,18,0.0685,0.295,99.588,18.1,2,4,6389718,CUST-81717,True,0.09,4474.98,29.06
2032-11-23,60392.84,42040.5,18352.34,30.39,104.45,424,2847,14,399,84,Latin America,Home & Kitchen,Wholesale,Completed,Medium,2.7,-86,0.09,0.274,99.813,133.0,1,1,9438167,CUST-16829,True,0.15,4831.43,26.29
2032-11-24,61019.56,21359.98,39659.58,64.99,291.63,824,2665,13,1515,71,North America,Electronics,Wholesale,Pending,Medium,3.1,-50,0.1711,0.126,98.526,41.3,3,6,6128750,CUST-38399,False,0.0,4881.56,30.56
2032-11-25,35212.94,31302.37,3910.57,11.11,170.77,756,1918,10,292,24,Europe,Home & Kitchen,Wholesale,Pending,Medium,2.5,51,0.0737,0.016,98.993,117.1,1,13,4699314,CUST-74328,True,0.27,2817.04,32.19
2032-11-26,45737.67,41960.24,3777.43,8.26,411.97,799,1987,15,1280,51,Asia-Pacific,Electronics,Online,Cancelled,Medium,3.1,-81,0.4634,0.16,98.67,90.8,2,7,9974781,CUST-84168,False,0.0,3659.01,18.04
2032-11-27,67921.44,19496.25,48425.19,71.3,100.13,723,3883,12,1501,28,Latin America,Electronics,Wholesale,Pending,High,1.5,-45,0.0393,0.723,99.069,79.6,5,8,7258489,CUST-62166,False,0.0,5433.72,19.1
2032-11-28,63419.71,33151.8,30267.91,47.73,237.67,509,159,19,1839,27,Latin America,Apparel,Online,Pending,Medium,4.9,-63,0.157,0.97,98.038,171.7,0,9,3608094,CUST-41129,False,0.0,5073.58,24.43
2032-11-29,29407.11,23581.83,5825.28,19.81,16.69,871,644,11,1021,133,Asia-Pacific,Beauty,Retail Store,Shipped,Low,1.1,-76,0.0883,0.744,98.483,159.2,4,9,8084141,CUST-33341,False,0.0,2352.57,48.88
2032-11-30,55272.2,25962.93,29309.27,53.03,246.02,746,3164,11,307,127,Asia-Pacific,Beauty,Direct Sales,Completed,Medium,2.9,-15,0.1681,0.853,99.948,107.5,2,2,3171000,CUST-70524,True,0.23,4421.78,31.96
2032-12-01,20326.62,23575.11,-3248.49,-15.98,37.36,604,1330,18,634,119,Middle East,Beauty,Retail Store,Completed,Medium,1.8,79,0.1402,0.787,99.206,203.2,1,6,9890207,CUST-99903,False,0.0,1626.13,12.36
2032-12-02,50704.02,24145.14,26558.88,52.38,489.08,55,658,19,84,70,Middle East,Beauty,Retail Store,Completed,Low,1.2,78,0.354,0.296,98.347,154.8,0,8,4304027,CUST-77089,False,0.0,4056.32,12.37
2032-12-03,78466.51,51775.3,26691.21,34.02,397.39,98,1612,18,1202,137,Europe,Electronics,Direct Sales,Completed,Medium,3.6,74,0.0751,0.731,99.017,114.5,0,11,9773301,CUST-87374,False,0.0,6277.32,35.98
2032-12-04,35781.61,36755.65,-974.04,-2.72,250.15,707,769,17,479,22,Latin America,Beauty,Wholesale,Completed,Medium,4.9,-33,0.0342,0.751,99.396,53.9,1,10,6859336,CUST-48456,False,0.0,2862.53,25.87
2032-12-05,37485.15,38813.9,-1328.75,-3.54,52.43,384,357,6,1773,121,Asia-Pacific,Electronics,Wholesale,Completed,Medium,4.0,-21,0.1145,0.259,99.207,116.5,1,13,1184865,CUST-25078,False,0.0,2998.81,43.46
2032-12-06,61460.45,33935.95,27524.5,44.78,300.3,710,1170,10,1392,39,Asia-Pacific,Home & Kitchen,Online,Completed,High,2.0,-37,0.0816,0.921,99.004,97.9,5,9,5364859,CUST-58058,False,0.0,4916.84,26.2
2032-12-07,26857.98,17149.95,9708.03,36.15,381.79,255,1150,12,144,110,North America,Books,Wholesale,Pending,High,3.0,70,0.0792,0.998,99.348,103.8,0,4,2572122,CUST-73953,False,0.0,2148.64,6.01
2032-12-08,40508.67,33159.66,7349.01,18.14,103.45,567,4138,15,269,145,Middle East,Books,Direct Sales,Cancelled,Low,1.2,-30,0.4077,0.561,98.334,134.5,2,8,7204859,CUST-45133,False,0.0,3240.69,33.88
2032-12-09,58946.62,38583.44,20363.18,34.55,288.42,266,4122,18,350,43,North America,Home & Kitchen,Retail Store,Completed,Medium,3.1,-13,0.0369,0.317,98.876,98.0,2,12,7524153,CUST-11709,False,0.0,4715.73,17.0
2032-12-10,40485.71,23172.8,17312.91,42.76,408.96,361,244,13,1710,95,Asia-Pacific,Electronics,Wholesale,Completed,Medium,1.4,-44,0.1625,0.358,99.501,166.2,3,7,4997208,CUST-63009,False,0.0,3238.86,49.37
2032-12-11,46460.45,37722.61,8737.84,18.81,386.44,930,2734,18,1258,118,Latin America,Beauty,Online,Refunded,Low,4.2,66,0.1609,0.582,99.159,101.4,2,9,3824809,CUST-96905,True,0.17,3716.84,5.27
2032-12-12,61162.79,35634.69,25528.1,41.74,403.47,582,2669,10,1110,143,Latin America,Apparel,Retail Store,Pending,Low,1.2,18,0.2547,0.008,99.813,84.2,0,9,4043410,CUST-19556,True,0.17,4893.02,14.4
2032-12-13,56323.19,44816.32,11506.87,20.43,440.87,114,900,13,824,39,North America,Electronics,Retail Store,Shipped,Low,1.0,-72,0.0677,0.308,98.888,142.7,0,1,4100665,CUST-92830,False,0.0,4505.86,34.19
2032-12-14,54002.28,26657.74,27344.54,50.64,469.46,346,1585,17,1695,88,Middle East,Electronics,Online,Completed,Low,4.4,53,0.1691,0.049,98.264,119.0,2,12,5092365,CUST-93702,False,0.0,4320.18,12.85
2032-12-15,44913.17,21219.11,23694.06,52.76,208.71,535,3848,11,449,80,Europe,Home & Kitchen,Retail Store,Shipped,High,4.8,41,0.0653,0.624,98.098,149.9,4,7,4089191,CUST-60565,False,0.0,3593.05,36.66
2032-12-16,55550.92,27106.98,28443.94,51.2,288.7,310,2529,13,739,61,Latin America,Home & Kitchen,Online,Shipped,Low,1.3,-37,0.1852,0.604,98.955,126.0,0,7,1421202,CUST-94539,False,0.0,4444.07,28.18
2032-12-17,48144.01,41484.57,6659.44,13.83,397.42,86,2923,16,1215,32,Europe,Apparel,Online,Completed,Low,2.1,-54,0.1322,0.591,98.875,71.4,3,4,7340062,CUST-97738,False,0.0,3851.52,11.23
2032-12-18,56867.08,15372.75,41494.33,72.97,351.6,520,772,11,1042,70,Middle East,Beauty,Direct Sales,Completed,Low,4.0,-81,0.1619,0.151,98.513,130.6,2,2,8452451,CUST-78458,False,0.0,4549.37,23.03
2032-12-19,42546.02,13452.99,29093.03,68.38,497.8,239,4074,16,183,69,North America,Books,Direct Sales,Completed,Medium,3.2,-94,0.5171,0.945,99.181,88.2,2,12,6719677,CUST-88495,False,0.0,3403.68,29.79
2032-12-20,47261.47,30715.16,16546.31,35.01,16.7,688,3589,10,1518,55,Middle East,Sports,Wholesale,Completed,Low,4.8,-7,0.3654,0.534,98.5,125.1,4,2,3884257,CUST-25778,False,0.0,3780.92,30.03
2032-12-21,35150.63,26459.29,8691.34,24.73,184.02,587,4522,16,710,95,Asia-Pacific,Beauty,Direct Sales,Refunded,Low,2.6,94,0.1758,0.556,98.433,99.1,0,5,6486566,CUST-74162,False,0.0,2812.05,27.06
2032-12-22,49474.89,30061.82,19413.07,39.24,147.7,41,1514,11,1979,141,Middle East,Beauty,Retail Store,Completed,Low,1.0,27,0.1488,0.544,99.244,112.8,2,1,5317219,CUST-33897,False,0.0,3957.99,38.0
2032-12-23,37834.99,37562.49,272.5,0.72,138.53,617,3468,12,1361,70,North America,Sports,Wholesale,Shipped,Low,1.1,13,0.1427,0.524,99.89,121.5,3,6,7608502,CUST-26246,False,0.0,3026.8,21.21
2032-12-24,33289.3,25579.45,7709.85,23.16,119.04,67,4825,15,1975,137,North America,Sports,Wholesale,Shipped,Low,3.3,-48,0.1873,0.938,98.406,145.7,2,13,7546026,CUST-80635,False,0.0,2663.14,32.91
2032-12-25,53879.92,15015.95,38863.97,72.13,357.47,113,3994,19,307,85,Middle East,Electronics,Online,Completed,High,4.0,92,0.1616,0.602,98.366,100.7,0,8,6694934,CUST-54783,False,0.0,4310.39,13.51
2032-12-26,53191.1,46355.85,6835.25,12.85,51.53,321,3946,13,1112,67,North America,Apparel,Direct Sales,Pending,Low,4.2,57,0.1788,0.485,99.039,22.4,1,12,8552125,CUST-65017,False,0.0,4255.29,48.72
2032-12-27,61743.11,22022.17,39720.94,64.33,373.39,655,2128,12,354,103,Asia-Pacific,Electronics,Online,Completed,Low,4.6,-35,0.0727,0.766,98.239,86.5,1,3,9852668,CUST-11497,False,0.0,4939.45,15.74
2032-12-28,43533.12,21527.7,22005.42,50.55,349.78,738,1294,16,1356,55,Europe,Home & Kitchen,Wholesale,Completed,Low,1.9,42,0.12,0.251,98.588,124.7,1,11,8656601,CUST-15013,True,0.23,3482.65,43.78
2032-12-29,56120.79,38829.76,17291.03,30.81,132.89,76,2124,21,1897,76,Middle East,Sports,Online,Refunded,High,4.0,26,0.1067,0.192,99.982,161.4,2,12,1591190,CUST-75330,False,0.0,4489.66,12.86
2032-12-30,58261.96,26924.09,31337.87,53.79,133.89,987,1457,12,575,47,North America,Books,Retail Store,Completed,Low,4.3,-31,0.3755,0.439,99.682,130.5,2,11,2516465,CUST-55199,False,0.0,4660.96,48.4
2032-12-31,56671.61,29492.88,27178.73,47.96,318.14,699,2910,12,456,71,Europe,Apparel,Retail Store,Completed,Critical,4.3,97,0.2723,0.016,99.412,154.8,3,8,4198614,CUST-54599,True,0.11,4533.73,49.33
2033-01-01,37615.19,33862.32,3752.87,9.98,383.46,383,668,16,1432,69,Asia-Pacific,Apparel,Wholesale,Shipped,High,2.6,-9,0.0616,0.294,98.052,125.5,4,7,8191498,CUST-63021,False,0.0,3009.22,17.07
2033-01-02,52240.45,38668.66,13571.79,25.98,439.48,768,2045,16,935,66,Middle East,Beauty,Retail Store,Pending,Medium,3.5,19,0.0171,0.42,98.53,127.6,1,7,2528341,CUST-98641,False,0.0,4179.24,14.69
2033-01-03,55462.1,27332.31,28129.79,50.72,427.55,815,446,13,427,94,North America,Electronics,Direct Sales,Pending,Medium,3.2,84,0.1558,0.579,99.139,111.5,5,6,5055472,CUST-80180,True,0.17,4436.97,38.59
2033-01-04,50107.68,42159.62,7948.06,15.86,482.79,244,507,13,518,108,Europe,Beauty,Wholesale,Shipped,Medium,3.4,52,0.1057,0.543,99.421,156.7,1,5,5007096,CUST-24482,False,0.0,4008.61,35.64
2033-01-05,18702.84,12913.6,5789.24,30.95,294.88,652,4328,17,922,55,Asia-Pacific,Beauty,Direct Sales,Completed,Medium,2.1,-78,0.0339,0.367,99.337,177.6,5,10,3252890,CUST-66584,True,0.07,1496.23,36.91
2033-01-06,52407.34,36078.3,16329.04,31.16,455.24,121,3853,17,1039,111,Latin America,Apparel,Retail Store,Shipped,Medium,3.7,39,0.192,0.343,98.371,86.2,0,3,3752016,CUST-94475,False,0.0,4192.59,9.01
2033-01-07,83187.97,23283.78,59904.19,72.01,406.17,398,713,14,1354,42,North America,Books,Online,Shipped,Medium,3.8,75,0.0578,0.001,98.933,127.9,2,13,3516075,CUST-74337,False,0.0,6655.04,30.16
2033-01-08,44599.41,40978.17,3621.24,8.12,448.39,417,205,18,1638,71,Asia-Pacific,Home & Kitchen,Direct Sales,Completed,Low,1.8,11,0.0857,0.881,98.397,78.3,0,8,8662946,CUST-86356,False,0.0,3567.95,35.43
2033-01-09,39078.84,31136.36,7942.48,20.32,15.7,63,2318,21,60,81,Europe,Beauty,Direct Sales,Completed,Medium,2.8,37,0.3869,0.231,99.847,178.5,2,10,4863043,CUST-36981,False,0.0,3126.31,19.25
2033-01-10,55600.23,24616.76,30983.47,55.73,483.29,811,3899,18,724,104,Middle East,Sports,Retail Store,Completed,Medium,2.7,44,0.3698,0.358,99.115,126.0,5,6,6582151,CUST-99557,False,0.0,4448.02,36.06
2033-01-11,54685.67,35302.73,19382.94,35.44,242.03,248,4457,19,744,109,Europe,Books,Direct Sales,Completed,Low,4.0,79,0.2051,0.02,98.781,119.3,1,3,7761715,CUST-87095,False,0.0,4374.85,23.13
2033-01-12,67891.03,37145.51,30745.52,45.29,401.11,761,4013,12,1259,52,Middle East,Sports,Direct Sales,Completed,Critical,3.7,18,0.0454,0.957,99.836,80.1,1,13,3232824,CUST-83494,False,0.0,5431.28,19.72
2033-01-13,31131.98,35135.15,-4003.17,-12.86,72.33,304,593,13,1622,144,Asia-Pacific,Beauty,Online,Pending,Low,2.9,29,0.2873,0.495,99.808,112.1,1,3,1615934,CUST-89197,False,0.0,2490.56,40.53
2033-01-14,60970.7,21762.43,39208.27,64.31,204.01,121,3968,14,1022,24,Asia-Pacific,Books,Wholesale,Cancelled,High,3.6,87,0.0218,0.023,99.008,117.4,4,6,8507811,CUST-45837,False,0.0,4877.66,14.4
2033-01-15,58856.33,26127.86,32728.47,55.61,143.02,97,4485,12,58,107,Europe,Electronics,Retail Store,Pending,Medium,2.1,84,0.3684,0.251,99.374,82.4,1,7,5175146,CUST-67403,False,0.0,4708.51,5.14
2033-01-16,47867.8,29967.42,17900.38,37.4,152.91,749,3434,13,77,76,Europe,Sports,Online,Shipped,Medium,1.9,-20,0.1645,0.879,98.638,125.3,1,13,8365636,CUST-68249,False,0.0,3829.42,40.04
2033-01-17,55080.31,29669.92,25410.39,46.13,70.4,485,4020,9,872,121,Middle East,Home & Kitchen,Online,Completed,High,2.0,100,0.2904,0.376,98.615,89.9,1,5,7179254,CUST-45419,False,0.0,4406.42,46.17
2033-01-18,65441.86,35997.96,29443.9,44.99,404.82,313,1968,18,735,115,North America,Apparel,Wholesale,Completed,High,1.1,74,0.193,0.689,99.099,135.2,1,4,2105407,CUST-21677,True,0.16,5235.35,22.96
2033-01-19,63084.73,13880.79,49203.94,78.0,14.53,314,1538,11,1537,134,Europe,Electronics,Wholesale,Refunded,Low,3.8,-30,0.0615,0.614,99.693,85.5,4,1,3100809,CUST-41076,False,0.0,5046.78,22.45
2033-01-20,32854.71,32674.62,180.09,0.55,163.13,299,1452,17,1712,124,North America,Beauty,Retail Store,Shipped,Medium,4.9,40,0.208,0.472,99.194,125.5,7,7,7621235,CUST-75134,False,0.0,2628.38,48.87
2033-01-21,62302.37,27680.15,34622.22,55.57,95.46,217,144,12,560,138,North America,Beauty,Retail Store,Completed,Low,2.2,-27,0.2285,0.833,98.918,113.2,3,4,9801247,CUST-42329,True,0.24,4984.19,13.83
2033-01-22,49029.67,23292.0,25737.67,52.49,298.63,877,2480,15,551,87,North America,Home & Kitchen,Retail Store,Pending,Medium,4.7,-79,0.0687,0.04,99.328,130.5,2,6,5639292,CUST-52000,False,0.0,3922.37,39.11
2033-01-23,51093.11,24060.11,27033.0,52.91,134.58,912,4660,12,631,132,Asia-Pacific,Sports,Online,Completed,High,3.4,25,0.0288,0.912,99.625,125.8,3,4,6725302,CUST-25092,False,0.0,4087.45,8.33
2033-01-24,51097.95,28283.7,22814.25,44.65,136.91,795,299,17,1868,112,Asia-Pacific,Sports,Direct Sales,Completed,Low,1.9,55,0.0287,0.718,99.575,123.3,2,3,8676504,CUST-82305,False,0.0,4087.84,48.57
2033-01-25,47746.36,1191.32,46555.04,97.5,249.29,591,4524,21,827,88,North America,Home & Kitchen,Wholesale,Shipped,Low,1.0,82,0.0485,0.864,98.741,94.1,1,4,9197134,CUST-71146,False,0.0,3819.71,37.41
2033-01-26,67875.61,24389.68,43485.93,64.07,329.82,379,2387,12,1736,142,North America,Home & Kitchen,Retail Store,Pending,Medium,3.9,77,0.1006,0.017,99.871,139.4,2,12,9762214,CUST-26357,True,0.29,5430.05,11.72
2033-01-27,48744.23,22993.48,25750.75,52.83,69.44,229,4993,16,710,123,Asia-Pacific,Beauty,Retail Store,Completed,Low,3.8,5,0.1203,0.085,98.032,130.1,1,7,2975713,CUST-66015,True,0.1,3899.54,36.78
2033-01-28,33206.81,34262.27,-1055.46,-3.18,96.0,240,4897,13,1291,98,Middle East,Beauty,Online,Completed,Low,1.9,23,0.3034,0.206,98.902,142.3,3,11,8090411,CUST-41089,False,0.0,2656.54,44.09
2033-01-29,44097.05,23555.79,20541.26,46.58,131.12,811,2730,12,1502,113,Latin America,Apparel,Retail Store,Completed,Medium,2.3,-23,0.1163,0.594,99.815,119.1,1,13,9845375,CUST-26581,False,0.0,3527.76,11.46
2033-01-30,52680.42,28279.09,24401.33,46.32,487.14,828,2868,17,1711,138,Europe,Home & Kitchen,Online,Shipped,Medium,4.6,46,0.2979,0.092,99.392,113.7,1,1,4425517,CUST-70928,False,0.0,4214.43,40.89
2033-01-31,68438.22,42338.21,26100.01,38.14,204.6,882,2507,14,52,82,North America,Books,Direct Sales,Completed,Medium,1.6,17,0.16,0.932,99.408,84.5,3,3,2165284,CUST-85608,True,0.06,5475.06,48.17
2033-02-01,59046.42,37954.81,21091.61,35.72,303.51,358,3891,12,1260,135,Asia-Pacific,Apparel,Online,Cancelled,Medium,4.3,-100,0.153,0.749,98.313,96.9,1,3,6703275,CUST-91712,False,0.0,4723.71,46.55
2033-02-02,37241.97,37218.17,23.8,0.06,128.36,264,3393,12,92,28,North America,Books,Wholesale,Shipped,Critical,1.7,95,0.2139,0.808,99.164,103.4,2,7,6749870,CUST-11296,False,0.0,2979.36,22.39
2033-02-03,87277.85,26001.02,61276.83,70.21,250.33,461,2946,15,1684,13,North America,Electronics,Online,Completed,Critical,2.9,83,0.2092,0.584,99.934,153.7,1,5,2881132,CUST-21040,False,0.0,6982.23,35.73
2033-02-04,53971.63,34344.26,19627.37,36.37,46.32,151,3411,14,824,100,North America,Home & Kitchen,Direct Sales,Shipped,Medium,3.0,-13,0.3615,0.631,98.423,76.4,1,1,8077365,CUST-56111,True,0.18,4317.73,23.7
2033-02-05,69130.86,28128.82,41002.04,59.31,27.02,78,2651,20,1484,81,North America,Apparel,Direct Sales,Completed,Low,2.9,41,0.1092,0.221,98.654,73.1,7,12,8573992,CUST-64285,True,0.3,5530.47,9.41
2033-02-06,47724.28,28431.25,19293.03,40.43,239.68,98,1537,16,1263,86,Middle East,Sports,Wholesale,Completed,Low,2.2,91,0.014,0.91,98.777,117.5,1,10,4881893,CUST-98835,False,0.0,3817.94,17.44
2033-02-07,58000.39,33277.48,24722.91,42.63,205.34,880,226,18,91,90,Europe,Apparel,Online,Completed,High,2.0,-14,0.2035,0.649,98.72,93.2,2,4,3801238,CUST-38221,False,0.0,4640.03,26.35
2033-02-08,62592.03,25224.05,37367.98,59.7,77.07,145,1720,15,1170,64,Europe,Electronics,Wholesale,Refunded,Medium,3.9,-32,0.1525,0.418,99.254,106.6,3,6,6098165,CUST-32744,True,0.08,5007.36,35.16
2033-02-09,68272.92,41944.02,26328.9,38.56,346.92,664,3419,14,1845,65,Asia-Pacific,Electronics,Direct Sales,Completed,Critical,2.1,-17,0.031,0.882,98.469,104.6,0,5,9194106,CUST-67082,False,0.0,5461.83,15.61
2033-02-10,65860.52,28718.96,37141.56,56.39,496.52,860,581,14,779,139,Middle East,Electronics,Online,Pending,Medium,3.4,49,0.395,0.864,99.011,97.9,2,9,3363888,CUST-84125,True,0.2,5268.84,35.17
2033-02-11,63082.96,34946.88,28136.08,44.6,203.87,708,4478,19,697,79,Middle East,Apparel,Retail Store,Completed,High,4.4,9,0.1997,0.001,98.8,93.3,6,11,1631642,CUST-91418,False,0.0,5046.64,49.73
2033-02-12,45273.7,41644.8,3628.9,8.02,316.03,532,2221,21,1925,43,Europe,Beauty,Direct Sales,Completed,Low,4.3,27,0.2335,0.925,99.289,87.4,1,7,4597845,CUST-80299,False,0.0,3621.9,28.0
2033-02-13,41423.81,38253.23,3170.58,7.65,481.86,669,3235,21,706,126,Asia-Pacific,Books,Direct Sales,Shipped,Medium,1.7,3,0.1354,0.363,98.484,107.1,1,9,6206690,CUST-33111,False,0.0,3313.9,37.65
2033-02-14,54989.11,18728.65,36260.46,65.94,417.45,960,2920,14,1590,110,Middle East,Sports,Wholesale,Shipped,Medium,3.6,71,0.0956,0.422,99.106,68.8,3,13,4011243,CUST-62381,False,0.0,4399.13,40.38
2033-02-15,63996.92,33559.17,30437.75,47.56,237.14,813,2471,17,930,102,Asia-Pacific,Sports,Direct Sales,Completed,High,3.4,21,0.3679,0.085,99.481,141.2,1,9,2967123,CUST-94283,False,0.0,5119.75,15.5
2033-02-16,46659.19,36805.76,9853.43,21.12,371.37,859,338,17,1978,137,Europe,Books,Wholesale,Completed,Medium,2.1,76,0.1729,0.878,99.386,89.0,2,6,2022141,CUST-76987,False,0.0,3732.74,7.64
2033-02-17,65977.58,37134.9,28842.68,43.72,72.79,919,1520,12,1209,96,North America,Sports,Online,Completed,Low,2.6,-2,0.2984,0.539,99.669,135.9,2,5,5731580,CUST-18101,False,0.0,5278.21,32.03
2033-02-18,71789.25,21093.64,50695.61,70.62,260.93,451,440,11,559,18,Middle East,Electronics,Retail Store,Completed,High,2.1,-65,0.04,0.906,99.912,96.9,2,9,3973264,CUST-18185,False,0.0,5743.14,25.39
2033-02-19,36255.19,24743.72,11511.47,31.75,146.74,47,3450,14,1592,20,Asia-Pacific,Sports,Retail Store,Shipped,Medium,3.1,96,0.075,0.781,99.708,156.3,2,1,5964456,CUST-40159,True,0.06,2900.42,42.46
2033-02-20,37446.19,37956.47,-510.28,-1.36,88.97,866,3093,15,86,134,North America,Beauty,Wholesale,Completed,Low,4.2,-13,0.1945,0.898,99.876,121.4,1,1,8730561,CUST-43716,True,0.16,2995.7,31.34
2033-02-21,47894.37,23905.92,23988.45,50.09,218.88,217,1586,18,872,18,Europe,Beauty,Retail Store,Shipped,Medium,4.5,61,0.2887,0.948,98.035,82.3,4,6,2471089,CUST-75762,True,0.17,3831.55,29.56
2033-02-22,54614.19,27602.43,27011.76,49.46,74.2,219,4657,14,628,67,Latin America,Electronics,Retail Store,Pending,Medium,3.9,-64,0.0883,0.886,99.258,207.4,1,10,4531857,CUST-78873,True,0.08,4369.14,17.0
2033-02-23,42131.49,42607.01,-475.52,-1.13,352.5,522,4175,13,1977,12,Middle East,Home & Kitchen,Direct Sales,Completed,Medium,2.9,-50,0.2923,0.21,98.535,105.4,2,8,9890002,CUST-37668,False,0.0,3370.52,33.59
2033-02-24,70283.04,29617.61,40665.43,57.86,233.56,369,4993,14,886,31,Middle East,Apparel,Direct Sales,Completed,High,4.8,-64,0.0656,0.07,99.618,100.5,2,3,1913919,CUST-60525,False,0.0,5622.64,8.88
2033-02-25,56361.0,24185.81,32175.19,57.09,270.26,586,832,12,566,115,Asia-Pacific,Home & Kitchen,Online,Completed,Medium,3.3,52,0.249,0.62,99.638,102.9,4,10,3781508,CUST-93211,False,0.0,4508.88,22.48
2033-02-26,50591.71,22979.06,27612.65,54.58,81.72,10,3578,14,834,44,Europe,Beauty,Direct Sales,Completed,Medium,2.9,-15,0.3452,0.155,98.096,133.9,4,8,1130963,CUST-24441,False,0.0,4047.34,47.91
2033-02-27,28461.36,32661.75,-4200.39,-14.76,78.49,764,261,15,1070,72,Europe,Electronics,Direct Sales,Pending,Low,4.4,-96,0.1882,0.863,99.191,69.2,5,1,5947077,CUST-99290,False,0.0,2276.91,7.7
2033-02-28,30262.76,19334.82,10927.94,36.11,295.87,990,2595,18,928,127,Middle East,Apparel,Direct Sales,Completed,Medium,1.7,35,0.0855,0.947,99.702,124.8,4,8,1406842,CUST-95174,False,0.0,2421.02,47.98
2033-03-01,54215.14,28021.31,26193.83,48.31,492.65,390,231,15,1131,65,Middle East,Books,Direct Sales,Pending,Low,1.6,-48,0.1948,0.121,99.175,61.0,0,11,5596825,CUST-89008,True,0.06,4337.21,27.22
2033-03-02,18011.07,32665.84,-14654.77,-81.37,57.16,837,1957,22,1008,132,Asia-Pacific,Sports,Retail Store,Completed,Low,4.1,4,0.1121,0.236,98.851,117.4,3,12,9779231,CUST-45616,False,0.0,1440.89,44.51
2033-03-03,65189.56,40393.2,24796.36,38.04,150.01,546,1342,10,204,112,Asia-Pacific,Beauty,Retail Store,Completed,Low,4.5,10,0.1174,0.625,98.154,159.4,2,1,2575906,CUST-79005,False,0.0,5215.16,34.51
2033-03-04,47627.69,35340.38,12287.31,25.8,436.03,868,3588,16,1945,53,Latin America,Apparel,Retail Store,Completed,Low,1.3,-74,0.0604,0.725,99.461,100.6,0,1,9012054,CUST-75587,True,0.08,3810.22,8.2
2033-03-05,98646.39,24287.48,74358.91,75.38,45.41,403,771,18,162,7,North America,Apparel,Direct Sales,Shipped,Low,4.1,-40,0.0589,0.512,98.149,151.1,2,3,8050852,CUST-49403,False,0.0,7891.71,42.71
2033-03-06,84618.74,39427.35,45191.39,53.41,439.18,59,604,15,1533,81,Asia-Pacific,Home & Kitchen,Retail Store,Completed,Medium,2.7,-36,0.1481,0.369,99.196,61.6,2,12,1858129,CUST-46497,False,0.0,6769.5,39.34
2033-03-07,47278.26,27603.88,19674.38,41.61,266.9,405,2256,15,1677,146,North America,Books,Online,Pending,Low,3.8,-17,0.1576,0.306,99.835,98.2,1,7,4747113,CUST-61746,True,0.22,3782.26,44.47
2033-03-08,48404.94,20114.38,28290.56,58.45,210.05,869,1361,9,885,133,Middle East,Home & Kitchen,Online,Completed,Low,1.5,98,0.2326,0.666,98.838,77.1,5,6,1764079,CUST-93907,True,0.25,3872.4,33.28
2033-03-09,64933.72,28623.67,36310.05,55.92,161.74,762,392,17,1829,96,Latin America,Home & Kitchen,Direct Sales,Completed,Critical,4.9,-56,0.1469,0.745,99.54,186.8,1,6,3320524,CUST-70196,False,0.0,5194.7,22.14
2033-03-10,75547.59,41505.35,34042.24,45.06,155.59,41,3750,15,1869,127,Latin America,Home & Kitchen,Retail Store,Completed,Medium,4.5,30,0.181,0.289,99.6,105.7,4,1,2144077,CUST-58281,True,0.11,6043.81,46.46
2033-03-11,25429.56,31321.92,-5892.36,-23.17,159.84,554,4382,16,650,122,Latin America,Home & Kitchen,Online,Completed,Medium,2.6,88,0.274,0.326,98.021,97.2,4,1,5786909,CUST-13594,False,0.0,2034.36,48.68
2033-03-12,23204.37,30100.17,-6895.8,-29.72,443.55,721,1159,16,491,15,Europe,Beauty,Wholesale,Shipped,Low,4.6,-51,0.0354,0.46,99.83,111.0,3,13,8766754,CUST-93697,False,0.0,1856.35,38.02
2033-03-13,40669.48,43097.69,-2428.21,-5.97,364.66,243,2403,15,1763,8,Middle East,Books,Direct Sales,Completed,Medium,4.6,-53,0.2436,0.45,98.378,120.2,1,10,5977384,CUST-69344,False,0.0,3253.56,13.09
2033-03-14,58741.06,18549.16,40191.9,68.42,338.16,35,2895,16,277,14,Europe,Home & Kitchen,Online,Completed,Medium,2.8,100,0.079,0.843,98.565,107.0,0,3,5898343,CUST-72844,False,0.0,4699.28,17.3
2033-03-15,57453.1,19715.21,37737.89,65.68,401.39,563,1301,21,923,85,Europe,Beauty,Online,Pending,Medium,4.8,74,0.1641,0.437,99.742,78.3,2,2,7324453,CUST-76884,True,0.19,4596.25,40.04
2033-03-16,66046.57,17073.23,48973.34,74.15,135.99,443,3413,10,1652,75,Latin America,Sports,Online,Completed,Low,4.9,41,0.2372,0.978,99.373,167.2,1,1,7290440,CUST-35965,False,0.0,5283.73,14.53
2033-03-17,32004.54,32981.19,-976.65,-3.05,312.84,70,2188,18,1195,107,Europe,Beauty,Wholesale,Completed,Medium,1.9,-82,0.1259,0.311,98.744,158.1,4,2,5432207,CUST-69889,False,0.0,2560.36,16.97
2033-03-18,15257.84,31331.95,-16074.11,-105.35,235.43,562,3528,13,720,145,Middle East,Apparel,Wholesale,Shipped,High,1.3,89,0.2148,0.693,98.176,131.7,3,12,9025233,CUST-98546,False,0.0,1220.63,8.26
2033-03-19,62870.21,42341.89,20528.32,32.65,393.4,450,2260,13,1430,26,Middle East,Apparel,Wholesale,Completed,High,2.3,33,0.1757,0.759,98.772,129.8,1,9,3157876,CUST-58337,False,0.0,5029.62,32.7
2033-03-20,37577.06,31947.8,5629.26,14.98,161.54,139,818,10,1341,60,Europe,Electronics,Online,Cancelled,Low,3.0,34,0.1279,0.63,99.933,127.5,0,7,5243858,CUST-84893,False,0.0,3006.16,23.07
2033-03-21,19722.68,26766.74,-7044.06,-35.72,325.16,876,1946,8,744,126,Middle East,Beauty,Wholesale,Completed,Medium,1.4,0,0.2344,0.367,98.209,104.0,1,11,8687498,CUST-65372,False,0.0,1577.81,15.14
2033-03-22,52175.96,30014.36,22161.6,42.47,442.28,363,977,15,1558,96,North America,Electronics,Direct Sales,Completed,Low,1.6,-11,0.0222,0.257,99.692,100.2,1,5,5896895,CUST-97253,True,0.12,4174.08,28.82
2033-03-23,61897.64,30941.66,30955.98,50.01,207.05,207,3367,11,918,101,Europe,Beauty,Wholesale,Cancelled,Medium,4.9,-88,0.1468,0.604,98.651,175.8,1,9,4455067,CUST-10309,False,0.0,4951.81,29.45
2033-03-24,48169.14,16625.91,31543.23,65.48,42.64,808,4597,18,1077,145,Latin America,Home & Kitchen,Direct Sales,Shipped,Medium,3.9,0,0.2556,0.659,99.309,141.9,2,11,9164511,CUST-33556,False,0.0,3853.53,13.44
2033-03-25,43132.27,51682.65,-8550.38,-19.82,262.86,672,163,9,1551,5,Latin America,Home & Kitchen,Online,Completed,Medium,4.5,-55,0.2914,0.258,99.263,73.5,1,4,7972519,CUST-15741,False,0.0,3450.58,6.17
2033-03-26,47609.57,34158.97,13450.6,28.25,179.53,725,2799,17,170,42,Middle East,Electronics,Retail Store,Completed,Medium,4.9,-68,0.0734,0.336,98.651,104.2,2,13,8613607,CUST-72196,True,0.16,3808.77,44.46
2033-03-27,44441.26,31680.07,12761.19,28.71,339.39,703,3033,12,791,46,Middle East,Home & Kitchen,Direct Sales,Completed,Medium,2.5,15,0.132,0.862,98.109,137.1,1,9,2733988,CUST-93726,True,0.28,3555.3,12.08
2033-03-28,29779.29,34921.31,-5142.02,-17.27,476.01,380,472,11,1883,89,Latin America,Home & Kitchen,Direct Sales,Completed,Medium,3.8,-4,0.1407,0.811,98.298,132.9,2,2,6767502,CUST-56966,False,0.0,2382.34,43.12
2033-03-29,39279.79,35675.29,3604.5,9.18,247.95,933,4127,13,1559,41,North America,Apparel,Direct Sales,Pending,Low,1.7,-60,0.1749,0.184,99.132,138.5,1,2,5500374,CUST-24286,False,0.0,3142.38,26.12
2033-03-30,57819.2,28875.57,28943.63,50.06,238.43,728,405,15,1292,102,Latin America,Home & Kitchen,Online,Completed,Medium,3.2,-28,0.4904,0.933,99.898,68.0,3,9,9429560,CUST-51486,True,0.1,4625.54,33.94
2033-03-31,54825.18,24950.07,29875.11,54.49,330.75,156,2614,15,743,66,Europe,Apparel,Direct Sales,Completed,High,1.8,96,0.2995,0.628,99.852,131.2,3,6,5144327,CUST-54501,False,0.0,4386.01,24.11
2033-04-01,52520.9,34795.61,17725.29,33.75,60.71,725,1031,13,1351,135,Latin America,Books,Online,Completed,Low,1.6,-72,0.1696,0.497,98.227,159.0,1,11,6181128,CUST-58675,False,0.0,4201.67,36.45
2033-04-02,35072.77,33085.69,1987.08,5.67,134.22,507,2090,8,306,34,Asia-Pacific,Beauty,Direct Sales,Completed,Low,1.4,16,0.1104,0.201,99.75,67.3,4,6,4780196,CUST-62112,False,0.0,2805.82,17.16
2033-04-03,47277.45,23520.88,23756.57,50.25,460.3,57,3756,17,1377,86,North America,Apparel,Online,Completed,High,3.3,-94,0.1977,0.73,98.468,180.9,1,4,4234197,CUST-89162,False,0.0,3782.2,15.02
2033-04-04,17344.02,41352.28,-24008.26,-138.42,338.27,779,1515,16,92,27,North America,Sports,Retail Store,Completed,Medium,4.8,-6,0.3003,0.921,99.82,131.6,1,11,6904787,CUST-23917,True,0.17,1387.52,24.12
2033-04-05,52677.15,32346.82,20330.33,38.59,16.59,660,461,11,919,70,Latin America,Sports,Online,Pending,Medium,1.5,81,0.1238,0.065,99.517,123.8,1,11,2478100,CUST-31179,False,0.0,4214.17,25.54
2033-04-06,71432.87,35838.55,35594.32,49.83,110.27,181,2868,18,965,6,Asia-Pacific,Apparel,Online,Completed,Medium,3.0,-90,0.0662,0.521,99.923,86.7,1,10,1721056,CUST-28063,False,0.0,5714.63,14.75
2033-04-07,27888.02,41135.37,-13247.35,-47.5,344.59,622,815,12,1603,67,Europe,Apparel,Retail Store,Completed,Critical,3.7,-59,0.235,0.877,98.883,97.7,3,6,4760205,CUST-56513,False,0.0,2231.04,44.46
2033-04-08,41211.08,30175.11,11035.97,26.78,384.56,708,1745,18,1783,9,Latin America,Sports,Online,Cancelled,High,3.0,-96,0.2891,0.953,99.463,106.8,2,9,3837900,CUST-98687,False,0.0,3296.89,20.38
2033-04-09,54936.6,32535.62,22400.98,40.78,421.53,905,642,20,1762,133,Europe,Beauty,Online,Pending,Low,4.6,74,0.155,0.072,99.471,70.1,4,13,1817777,CUST-99648,False,0.0,4394.93,43.89
2033-04-10,68792.64,36480.22,32312.42,46.97,153.17,324,1647,13,637,78,Asia-Pacific,Beauty,Direct Sales,Completed,Low,1.7,-99,0.2358,0.791,98.992,109.0,2,2,9667898,CUST-66577,False,0.0,5503.41,24.7
2033-04-11,43276.63,24201.11,19075.52,44.08,466.2,385,2341,18,962,113,Latin America,Beauty,Online,Refunded,Medium,1.1,-58,0.3124,0.281,99.949,88.8,2,2,1447630,CUST-81559,True,0.17,3462.13,21.22
2033-04-12,39616.25,30432.41,9183.84,23.18,280.94,815,751,15,1766,28,Latin America,Sports,Direct Sales,Shipped,Low,2.5,-97,0.1439,0.542,98.487,143.9,2,1,7854858,CUST-30570,False,0.0,3169.3,43.18
2033-04-13,20466.15,31004.39,-10538.24,-51.49,351.3,930,1150,15,1223,63,Europe,Home & Kitchen,Retail Store,Completed,Medium,3.2,-20,0.1117,0.784,99.972,13.4,1,13,8330583,CUST-50164,False,0.0,1637.29,14.95
2033-04-14,51551.57,22351.53,29200.04,56.64,302.4,884,4842,15,643,27,Latin America,Apparel,Online,Pending,High,2.0,18,0.1819,0.545,99.624,111.4,4,8,1918774,CUST-82260,False,0.0,4124.13,8.41
2033-04-15,80631.14,48541.09,32090.05,39.8,70.14,542,1952,14,1083,93,Asia-Pacific,Beauty,Retail Store,Completed,High,1.7,-6,0.186,0.11,99.232,86.1,2,7,1212112,CUST-28139,False,0.0,6450.49,15.79
2033-04-16,54160.38,18741.65,35418.73,65.4,481.93,819,3101,18,841,26,Latin America,Books,Retail Store,Completed,High,4.2,90,0.336,0.591,98.151,120.1,0,5,5336892,CUST-38521,False,0.0,4332.83,5.75
2033-04-17,49665.82,19615.17,30050.65,60.51,70.21,429,3184,9,261,48,Middle East,Sports,Wholesale,Completed,Low,1.8,-42,0.0555,0.118,98.519,202.4,2,6,5358267,CUST-59389,False,0.0,3973.27,25.03
2033-04-18,54831.23,40513.81,14317.42,26.11,134.89,914,2196,13,1725,48,Asia-Pacific,Beauty,Online,Completed,High,2.8,-71,0.2441,0.347,99.683,178.6,2,11,2649109,CUST-78740,False,0.0,4386.5,35.02
2033-04-19,49833.62,35706.13,14127.49,28.35,408.68,405,902,16,1333,41,North America,Electronics,Online,Completed,Medium,4.8,29,0.2447,0.558,99.456,102.7,2,2,4557654,CUST-15545,False,0.0,3986.69,21.21
2033-04-20,37804.78,21792.28,16012.5,42.36,313.11,531,2754,11,1455,11,Europe,Electronics,Direct Sales,Shipped,Low,3.5,-13,0.1842,0.991,99.925,113.5,2,8,9820691,CUST-64501,False,0.0,3024.38,48.49
2033-04-21,62349.2,34858.31,27490.89,44.09,420.69,196,1780,19,1462,28,Asia-Pacific,Apparel,Direct Sales,Completed,Medium,3.0,-27,0.2354,0.727,98.794,90.7,1,11,3315948,CUST-30937,False,0.0,4987.94,8.57
2033-04-22,53386.42,41742.8,11643.62,21.81,262.71,654,1707,16,971,74,North America,Apparel,Wholesale,Cancelled,High,2.4,27,0.2268,0.303,99.789,114.7,2,6,9252340,CUST-16771,False,0.0,4270.91,13.23
2033-04-23,50264.2,29757.9,20506.3,40.8,194.73,42,3622,13,1813,75,North America,Apparel,Wholesale,Shipped,Medium,3.1,70,0.0502,0.877,99.724,145.8,2,5,4615356,CUST-14505,True,0.25,4021.14,18.5
2033-04-24,35369.51,50790.58,-15421.07,-43.6,461.7,78,2157,14,385,76,Asia-Pacific,Home & Kitchen,Online,Pending,Critical,3.9,-5,0.2812,0.226,99.932,74.0,0,9,4094042,CUST-20694,True,0.21,2829.56,15.27
2033-04-25,69552.62,16207.51,53345.11,76.7,27.76,601,2821,14,1078,64,North America,Sports,Online,Completed,Medium,4.3,-83,0.0509,0.384,98.545,174.8,3,11,8001536,CUST-34273,False,0.0,5564.21,15.55
2033-04-26,59970.54,35550.59,24419.95,40.72,429.5,200,4921,14,971,49,North America,Electronics,Wholesale,Pending,Medium,3.6,51,0.4314,0.647,98.989,152.0,7,1,4902951,CUST-48785,True,0.23,4797.64,12.56
2033-04-27,41706.19,39332.23,2373.96,5.69,123.1,110,2663,16,132,141,Middle East,Electronics,Online,Completed,Low,4.2,64,0.3219,0.411,98.162,150.5,1,11,3050860,CUST-69768,False,0.0,3336.5,29.54
2033-04-28,65027.37,37130.75,27896.62,42.9,425.88,494,3712,18,1079,120,Latin America,Apparel,Online,Pending,Low,1.4,57,0.1716,0.73,99.182,133.4,3,1,2084533,CUST-85970,False,0.0,5202.19,37.54
2033-04-29,42536.44,28365.15,14171.29,33.32,78.21,294,302,15,201,34,Middle East,Sports,Online,Completed,Medium,1.1,96,0.0602,0.651,99.465,88.4,1,1,5366250,CUST-44501,False,0.0,3402.92,27.41
2033-04-30,38269.95,27676.47,10593.48,27.68,294.31,923,1041,16,1808,31,Latin America,Electronics,Wholesale,Shipped,Medium,3.9,-42,0.0689,0.667,98.476,155.4,4,10,8334873,CUST-58109,False,0.0,3061.6,31.18
2033-05-01,38604.45,33553.16,5051.29,13.08,445.17,742,688,9,1254,136,North America,Electronics,Wholesale,Completed,Medium,2.0,50,0.0574,0.42,98.339,108.8,1,6,5646850,CUST-30442,False,0.0,3088.36,19.53
2033-05-02,23433.97,36526.04,-13092.07,-55.87,242.03,399,670,13,1848,87,Latin America,Home & Kitchen,Retail Store,Pending,Medium,4.5,-71,0.0452,0.055,99.279,60.9,0,9,8492879,CUST-59236,False,0.0,1874.72,19.1
2033-05-03,57073.14,34819.79,22253.35,38.99,375.82,574,3104,20,1851,102,Middle East,Books,Direct Sales,Shipped,High,3.1,95,0.1608,0.873,98.786,122.8,2,13,7158791,CUST-84110,False,0.0,4565.85,43.86
2033-05-04,22532.83,38320.46,-15787.63,-70.07,404.29,987,295,10,1240,74,Europe,Apparel,Retail Store,Pending,Low,2.9,68,0.1334,0.074,98.853,79.4,2,8,9889098,CUST-53424,False,0.0,1802.63,28.82
2033-05-05,31573.34,21849.04,9724.3,30.8,370.88,169,1445,21,1543,83,Europe,Books,Online,Completed,Medium,4.1,-50,0.057,0.464,98.942,98.8,1,6,4166872,CUST-56331,True,0.16,2525.87,19.72
2033-05-06,18866.18,28177.83,-9311.65,-49.36,463.41,901,517,13,127,142,Latin America,Books,Online,Completed,Medium,4.0,-13,0.3947,0.302,99.023,144.7,5,9,2825040,CUST-16317,False,0.0,1509.29,39.69
2033-05-07,48708.95,22479.87,26229.08,53.85,228.95,563,1742,14,461,122,Europe,Home & Kitchen,Retail Store,Completed,Low,3.8,-34,0.1309,0.296,98.391,115.8,4,1,4653553,CUST-48479,False,0.0,3896.72,27.55
2033-05-08,47745.19,26911.1,20834.09,43.64,94.83,56,1465,10,1627,110,Asia-Pacific,Electronics,Retail Store,Completed,High,3.8,42,0.1769,0.227,99.155,118.7,1,6,7977294,CUST-65282,True,0.18,3819.62,7.88
2033-05-09,45099.56,38121.77,6977.79,15.47,33.43,168,108,23,1647,40,Europe,Apparel,Retail Store,Completed,Medium,3.1,83,0.0408,0.272,98.138,160.9,1,4,1114182,CUST-48456,False,0.0,3607.96,18.21
2033-05-10,34361.33,30863.87,3497.46,10.18,130.77,455,631,11,430,50,Latin America,Beauty,Online,Completed,Low,4.7,92,0.1169,0.955,98.227,41.0,4,8,5439957,CUST-37092,False,0.0,2748.91,48.11
2033-05-11,32416.49,50854.87,-18438.38,-56.88,80.17,705,4344,20,997,108,North America,Books,Online,Shipped,High,4.6,8,0.2631,0.972,99.423,159.4,2,2,8192408,CUST-15732,True,0.19,2593.32,28.73
2033-05-12,56965.55,31547.25,25418.3,44.62,283.39,767,1652,20,839,138,Middle East,Sports,Retail Store,Completed,High,2.3,82,0.3921,0.571,99.463,125.2,0,10,6017102,CUST-79825,True,0.21,4557.24,42.2
2033-05-13,41741.72,30477.54,11264.18,26.99,100.62,532,1135,16,362,112,Europe,Books,Wholesale,Cancelled,High,4.2,-25,0.3611,0.525,98.533,117.6,3,7,4229815,CUST-62274,False,0.0,3339.34,14.84
2033-05-14,54745.37,30849.46,23895.91,43.65,29.08,675,4671,14,913,108,Latin America,Home & Kitchen,Direct Sales,Completed,Medium,4.6,-36,0.1014,0.048,98.369,118.7,3,10,4742985,CUST-37393,True,0.25,4379.63,41.67
2033-05-15,36721.27,24897.53,11823.74,32.2,27.64,741,1717,13,444,74,Middle East,Books,Direct Sales,Shipped,Critical,3.5,-99,0.1366,0.804,98.108,142.4,4,2,4435140,CUST-34655,True,0.07,2937.7,41.26
2033-05-16,52715.94,29537.31,23178.63,43.97,417.47,164,3816,11,1983,93,Asia-Pacific,Books,Retail Store,Completed,Low,3.2,-90,0.1225,0.171,98.838,155.9,1,10,5910928,CUST-52395,False,0.0,4217.28,16.89
2033-05-17,69549.17,39022.3,30526.87,43.89,299.81,348,1176,12,592,7,North America,Books,Wholesale,Cancelled,Medium,3.7,-25,0.1945,0.143,99.018,111.7,3,4,7251141,CUST-40560,False,0.0,5563.93,33.6
2033-05-18,58792.49,30911.77,27880.72,47.42,185.46,962,4401,18,53,46,Middle East,Home & Kitchen,Direct Sales,Completed,Low,1.7,-9,0.4893,0.424,99.799,115.3,4,9,3130050,CUST-50094,False,0.0,4703.4,20.6
2033-05-19,43813.79,23652.32,20161.47,46.02,448.17,374,4115,10,158,114,Middle East,Electronics,Wholesale,Completed,Medium,1.3,-4,0.328,0.348,98.005,141.3,1,11,3039594,CUST-68283,False,0.0,3505.1,22.86
2033-05-20,53857.98,22599.32,31258.66,58.04,44.4,804,3062,20,967,122,Latin America,Sports,Direct Sales,Completed,High,4.3,69,0.2896,0.097,98.812,46.6,1,8,6920071,CUST-48117,True,0.06,4308.64,40.08
2033-05-21,46390.02,26398.38,19991.64,43.09,490.36,708,4940,14,935,59,Asia-Pacific,Books,Direct Sales,Completed,High,3.3,-98,0.0518,0.148,98.839,116.5,4,9,2158304,CUST-96538,False,0.0,3711.2,32.37
2033-05-22,50118.2,30590.91,19527.29,38.96,311.98,583,1012,12,142,143,Europe,Apparel,Online,Completed,High,1.5,-60,0.4639,0.992,99.773,137.4,0,2,8818619,CUST-57593,False,0.0,4009.46,12.38
2033-05-23,45115.83,39548.69,5567.14,12.34,99.9,157,4249,11,1172,118,Asia-Pacific,Sports,Wholesale,Shipped,Low,2.7,-52,0.1015,0.735,98.392,102.7,2,5,7405910,CUST-12659,False,0.0,3609.27,38.92
2033-05-24,47534.97,19276.09,28258.88,59.45,342.74,908,4170,19,241,34,North America,Books,Direct Sales,Completed,High,2.2,-18,0.1689,0.599,98.132,92.0,1,4,8130410,CUST-87478,False,0.0,3802.8,19.33
2033-05-25,53181.4,27441.39,25740.01,48.4,384.06,153,3661,14,382,112,Europe,Books,Wholesale,Pending,Low,4.5,-19,0.2422,0.304,98.763,114.7,2,11,9615179,CUST-37119,False,0.0,4254.51,46.18
2033-05-26,35099.62,31154.48,3945.14,11.24,220.38,112,443,20,1285,85,Asia-Pacific,Apparel,Retail Store,Shipped,Low,3.0,-64,0.4191,0.428,99.225,99.5,1,8,6327264,CUST-11157,False,0.0,2807.97,16.76
2033-05-27,34761.82,15330.35,19431.47,55.9,432.2,821,1292,19,1668,21,North America,Home & Kitchen,Retail Store,Cancelled,Medium,3.3,-9,0.2215,0.628,99.716,111.4,1,2,9987890,CUST-35022,False,0.0,2780.95,46.18
2033-05-28,29171.86,23331.21,5840.65,20.02,83.86,102,2032,15,1280,37,Middle East,Beauty,Wholesale,Completed,Low,1.9,-94,0.2555,0.784,98.538,103.5,3,3,4570455,CUST-45102,False,0.0,2333.75,17.58
2033-05-29,25995.93,24560.89,1435.04,5.52,146.63,984,802,20,676,106,Middle East,Apparel,Direct Sales,Completed,Low,4.2,10,0.1934,0.946,98.503,174.7,2,4,9768958,CUST-51125,False,0.0,2079.67,41.31
2033-05-30,31740.76,23632.24,8108.52,25.55,55.81,295,1998,14,1035,25,Middle East,Beauty,Retail Store,Completed,High,4.7,-63,0.2131,0.123,98.652,80.1,0,7,1705378,CUST-60402,True,0.16,2539.26,16.34
2033-05-31,52391.94,31535.12,20856.82,39.81,113.33,433,3693,9,1837,115,Middle East,Electronics,Retail Store,Completed,Medium,4.2,85,0.2129,0.192,98.236,149.2,4,2,8481623,CUST-27032,False,0.0,4191.36,49.11
2033-06-01,36608.19,28715.52,7892.67,21.56,126.98,128,298,17,622,14,Europe,Electronics,Direct Sales,Completed,High,3.0,32,0.166,0.568,99.954,99.4,2,12,4100470,CUST-93241,False,0.0,2928.66,45.06
2033-06-02,57704.22,25557.71,32146.51,55.71,459.64,970,3332,12,405,107,Middle East,Books,Retail Store,Completed,Medium,4.3,-40,0.0403,0.938,99.081,131.4,1,8,7025621,CUST-37120,True,0.25,4616.34,12.09
2033-06-03,50520.71,33423.7,17097.01,33.84,48.27,38,2922,9,1975,43,Europe,Sports,Retail Store,Completed,Low,1.8,-18,0.0901,0.453,98.544,142.6,4,6,6956780,CUST-81190,False,0.0,4041.66,31.96
2033-06-04,20472.44,43784.6,-23312.16,-113.87,219.43,520,4584,13,1326,82,Europe,Books,Direct Sales,Pending,Low,1.5,66,0.0586,0.634,98.723,173.6,0,7,3397235,CUST-50841,False,0.0,1637.8,16.42
2033-06-05,59824.63,43114.05,16710.58,27.93,270.88,39,573,13,640,90,Asia-Pacific,Home & Kitchen,Wholesale,Completed,High,2.8,-73,0.2583,0.294,99.732,133.8,2,4,2171345,CUST-69012,False,0.0,4785.97,17.59
2033-06-06,62161.98,14617.83,47544.15,76.48,450.36,881,4960,16,245,56,Middle East,Beauty,Wholesale,Completed,Low,1.7,84,0.0918,0.812,99.347,106.1,1,1,5205937,CUST-36520,False,0.0,4972.96,39.61
2033-06-07,35092.06,34616.58,475.48,1.35,498.87,375,1754,11,311,45,Latin America,Electronics,Direct Sales,Completed,Medium,2.0,29,0.1074,0.605,99.106,122.3,1,2,2632463,CUST-67814,False,0.0,2807.36,8.15
2033-06-08,56302.87,28575.81,27727.06,49.25,379.16,809,691,10,371,91,Middle East,Electronics,Direct Sales,Completed,Low,3.3,-31,0.2389,0.382,99.45,187.1,1,10,4543599,CUST-98386,False,0.0,4504.23,34.33
2033-06-09,37152.53,31241.24,5911.29,15.91,485.69,147,1948,16,469,92,Latin America,Books,Wholesale,Pending,Medium,2.6,55,0.1859,0.543,99.512,125.7,1,13,5538093,CUST-36363,False,0.0,2972.2,28.84
2033-06-10,51465.06,26813.74,24651.32,47.9,395.68,484,3141,15,1571,41,Middle East,Books,Direct Sales,Shipped,Low,4.5,-64,0.0383,0.695,98.388,74.2,2,6,3785799,CUST-74948,False,0.0,4117.2,41.27
2033-06-11,31032.52,30940.71,91.81,0.3,481.97,572,267,7,1984,127,Europe,Home & Kitchen,Wholesale,Cancelled,Low,1.9,19,0.1055,0.214,98.317,106.6,0,1,5003799,CUST-44984,True,0.25,2482.6,7.91
2033-06-12,23103.4,31211.26,-8107.86,-35.09,356.56,401,4479,15,381,68,Middle East,Books,Wholesale,Shipped,Medium,5.0,-5,0.069,0.341,99.933,105.7,2,10,3423891,CUST-69134,False,0.0,1848.27,19.36
2033-06-13,44257.74,25368.39,18889.35,42.68,49.08,444,3370,17,1369,123,Middle East,Sports,Online,Completed,Low,2.4,82,0.1092,0.251,98.371,145.5,2,7,3322264,CUST-73579,True,0.22,3540.62,13.78
2033-06-14,48144.07,22829.06,25315.01,52.58,206.94,813,4107,17,1309,128,Middle East,Books,Retail Store,Completed,Medium,3.1,0,0.3154,0.96,98.93,77.2,4,8,5780066,CUST-42516,False,0.0,3851.53,32.87
2033-06-15,44034.8,26410.43,17624.37,40.02,326.83,243,4110,15,730,40,Middle East,Sports,Direct Sales,Cancelled,High,1.5,-19,0.0738,0.043,99.966,102.2,3,8,6569954,CUST-73080,False,0.0,3522.78,36.49
2033-06-16,32239.54,31874.07,365.47,1.13,181.85,64,3948,13,56,50,Asia-Pacific,Sports,Online,Shipped,Medium,3.3,28,0.1237,0.056,98.834,127.5,2,2,9809546,CUST-86799,False,0.0,2579.16,5.27
2033-06-17,44001.51,34791.97,9209.54,20.93,143.96,940,2281,20,583,26,Asia-Pacific,Home & Kitchen,Wholesale,Shipped,Low,4.8,-98,0.321,0.356,99.03,110.2,5,11,6955744,CUST-90453,False,0.0,3520.12,31.41
2033-06-18,54039.42,36826.79,17212.63,31.85,292.93,301,1754,12,121,39,Europe,Books,Direct Sales,Pending,Medium,4.0,-30,0.3069,0.538,99.597,123.2,2,13,7882164,CUST-83605,False,0.0,4323.15,22.42
2033-06-19,49326.6,26046.48,23280.12,47.2,467.42,761,4317,17,1573,117,Europe,Sports,Retail Store,Completed,High,2.0,-4,0.1261,0.329,98.681,125.2,2,4,7377695,CUST-63743,False,0.0,3946.13,40.36
2033-06-20,52737.52,32270.76,20466.76,38.81,27.14,321,932,11,667,37,Latin America,Sports,Wholesale,Shipped,Medium,2.8,-16,0.0913,0.857,98.862,127.5,2,13,2196160,CUST-10328,False,0.0,4219.0,31.8
2033-06-21,39948.27,37700.02,2248.25,5.63,386.92,557,1121,10,188,145,Europe,Books,Online,Completed,Medium,2.7,41,0.0677,0.169,98.664,87.6,3,9,3973201,CUST-65692,False,0.0,3195.86,29.64
2033-06-22,67575.77,39324.76,28251.01,41.81,364.14,98,2093,12,1459,60,Asia-Pacific,Books,Wholesale,Completed,High,1.4,75,0.1625,0.365,98.575,147.9,2,13,6185018,CUST-74893,True,0.12,5406.06,38.16
2033-06-23,32357.4,29529.34,2828.06,8.74,482.34,221,3592,14,591,71,Europe,Beauty,Direct Sales,Completed,High,4.5,-64,0.1556,0.488,98.944,101.3,0,6,3071301,CUST-84754,False,0.0,2588.59,35.31
2033-06-24,57313.4,28232.55,29080.85,50.74,466.05,966,994,13,373,17,Latin America,Electronics,Retail Store,Completed,Low,2.5,30,0.2676,0.202,99.492,119.6,1,13,9463151,CUST-32338,False,0.0,4585.07,30.14
2033-06-25,67728.37,31528.99,36199.38,53.45,383.49,327,1615,10,998,54,Latin America,Apparel,Wholesale,Completed,Critical,3.0,76,0.2133,0.29,99.735,77.6,0,7,7739003,CUST-51133,False,0.0,5418.27,25.19
2033-06-26,57213.62,20802.34,36411.28,63.64,265.0,886,3770,7,650,32,Asia-Pacific,Electronics,Direct Sales,Completed,Low,2.2,0,0.2506,0.947,98.94,121.4,3,5,7040631,CUST-40289,False,0.0,4577.09,37.46
2033-06-27,46962.14,28451.12,18511.02,39.42,110.09,766,388,11,1990,108,Europe,Beauty,Direct Sales,Completed,Critical,1.6,83,0.11,0.52,98.642,126.7,2,11,7309552,CUST-19344,False,0.0,3756.97,43.27
2033-06-28,42075.54,35956.69,6118.85,14.54,277.17,474,1176,14,1738,102,Latin America,Apparel,Wholesale,Completed,Low,4.6,87,0.0467,0.87,99.823,121.3,3,9,2225574,CUST-44579,True,0.26,3366.04,20.35
2033-06-29,65541.31,35135.58,30405.73,46.39,385.02,96,1471,15,122,100,Europe,Electronics,Retail Store,Completed,Medium,1.1,-4,0.247,0.269,98.672,92.7,3,4,3323139,CUST-98444,False,0.0,5243.3,47.07
2033-06-30,28655.38,27837.86,817.52,2.85,448.88,418,1174,16,889,91,Europe,Home & Kitchen,Direct Sales,Pending,High,2.6,-88,0.0451,0.612,99.55,159.5,0,7,8622286,CUST-46188,False,0.0,2292.43,43.81
2033-07-01,35448.14,31741.75,3706.39,10.46,396.96,249,3059,15,1462,92,Asia-Pacific,Beauty,Online,Shipped,Low,3.9,26,0.2034,0.763,99.497,140.4,2,8,1323762,CUST-44391,False,0.0,2835.85,25.72
2033-07-02,44036.63,23402.8,20633.83,46.86,105.68,841,139,15,1311,129,Asia-Pacific,Home & Kitchen,Online,Completed,Low,2.2,80,0.0531,0.422,98.1,115.1,0,6,3691174,CUST-13218,False,0.0,3522.93,6.14
2033-07-03,68564.81,35627.94,32936.87,48.04,303.85,709,4374,15,1037,85,Europe,Home & Kitchen,Retail Store,Pending,Medium,2.8,-51,0.1429,0.625,98.355,114.8,2,1,9807597,CUST-86740,True,0.12,5485.18,47.47
2033-07-04,55696.51,29377.43,26319.08,47.25,172.76,66,3722,18,1395,11,Middle East,Electronics,Retail Store,Completed,Medium,3.3,46,0.2573,0.863,99.146,94.2,1,6,8659979,CUST-19432,False,0.0,4455.72,25.68
2033-07-05,35479.31,27792.39,7686.92,21.67,14.51,122,282,16,1414,78,Middle East,Sports,Online,Completed,Low,5.0,53,0.183,0.141,99.735,98.2,2,7,4890342,CUST-86759,False,0.0,2838.34,28.67
2033-07-06,45345.38,27106.21,18239.17,40.22,108.11,744,1859,13,1836,87,North America,Apparel,Retail Store,Completed,Medium,4.0,80,0.1002,0.355,99.188,171.0,1,4,3320828,CUST-25015,False,0.0,3627.63,40.87
2033-07-07,40785.15,29496.85,11288.3,27.68,65.48,79,1869,4,1378,28,North America,Sports,Online,Completed,Medium,4.9,-44,0.1339,0.824,99.485,107.5,2,11,5633469,CUST-86667,False,0.0,3262.81,14.74
2033-07-08,39353.17,26416.98,12936.19,32.87,422.93,748,4900,11,1081,141,North America,Books,Wholesale,Pending,Low,3.8,65,0.0745,0.231,99.469,216.7,1,1,4382864,CUST-13942,True,0.23,3148.25,13.77
2033-07-09,64683.34,35265.14,29418.2,45.48,136.67,777,596,20,1280,118,Asia-Pacific,Books,Online,Completed,Medium,2.1,36,0.0362,0.556,98.989,79.4,2,7,2191638,CUST-40717,False,0.0,5174.67,39.08
2033-07-10,29423.85,26837.73,2586.12,8.79,149.5,701,696,12,460,19,Europe,Beauty,Retail Store,Completed,Low,2.1,-55,0.0561,0.438,99.122,132.9,1,3,2355057,CUST-81449,False,0.0,2353.91,19.35
2033-07-11,74131.71,42743.71,31388.0,42.34,480.37,193,2608,6,307,117,Latin America,Home & Kitchen,Wholesale,Completed,Low,4.3,-7,0.0446,0.665,98.143,127.9,4,6,7471558,CUST-53418,False,0.0,5930.54,33.03
2033-07-12,62423.45,41721.68,20701.77,33.16,195.75,712,3926,19,1869,126,Europe,Beauty,Retail Store,Shipped,Medium,2.7,-15,0.1191,0.668,99.855,121.3,0,6,3916703,CUST-45060,False,0.0,4993.88,26.51
2033-07-13,66362.93,22867.65,43495.28,65.54,14.7,973,4669,15,700,90,Europe,Electronics,Online,Completed,High,2.5,31,0.2708,0.578,99.349,64.3,1,3,9198492,CUST-53274,True,0.28,5309.03,11.62
2033-07-14,43055.91,30557.63,12498.28,29.03,149.08,753,784,15,1119,149,North America,Home & Kitchen,Wholesale,Refunded,Medium,4.8,98,0.073,0.947,98.309,72.0,2,2,3403447,CUST-20586,False,0.0,3444.47,48.3
2033-07-15,47750.89,24794.75,22956.14,48.07,68.46,285,418,10,175,23,Europe,Books,Direct Sales,Cancelled,Low,1.1,24,0.1944,0.175,98.488,126.8,3,5,3499660,CUST-88107,False,0.0,3820.07,21.58
2033-07-16,28502.72,27386.82,1115.9,3.92,60.38,242,3726,12,1094,13,North America,Electronics,Online,Shipped,Medium,3.1,-19,0.3243,0.835,98.009,84.2,2,12,3569781,CUST-95317,True,0.18,2280.22,19.5
2033-07-17,42130.06,46019.42,-3889.36,-9.23,47.97,63,1535,17,1243,68,Europe,Electronics,Wholesale,Shipped,High,4.1,77,0.1521,0.489,98.528,162.3,2,10,4585786,CUST-31932,False,0.0,3370.4,46.56
2033-07-18,57404.82,27539.43,29865.39,52.03,300.7,266,2503,12,593,42,Latin America,Sports,Direct Sales,Completed,Medium,3.9,-31,0.0372,0.662,98.633,112.2,2,3,4462993,CUST-39738,True,0.16,4592.39,13.95
2033-07-19,69440.95,32881.81,36559.14,52.65,102.78,99,2764,20,1489,140,Middle East,Beauty,Retail Store,Completed,Medium,2.5,-8,0.027,0.274,99.366,128.9,1,3,7952165,CUST-98571,True,0.11,5555.28,5.66
2033-07-20,33392.65,34330.57,-937.92,-2.81,187.01,747,4424,11,504,138,Middle East,Beauty,Online,Cancelled,Critical,3.1,32,0.0625,0.095,98.953,118.6,1,8,3135600,CUST-43422,True,0.1,2671.41,22.06
2033-07-21,44517.41,21994.97,22522.44,50.59,432.39,768,828,19,711,106,Asia-Pacific,Sports,Wholesale,Completed,Medium,1.0,97,0.2728,0.778,99.686,117.6,1,10,7390706,CUST-17168,False,0.0,3561.39,41.49
2033-07-22,47730.51,23159.24,24571.27,51.48,217.93,915,1387,17,1279,97,Latin America,Apparel,Direct Sales,Completed,High,3.1,61,0.1455,0.252,98.174,173.2,3,4,3613452,CUST-85635,False,0.0,3818.44,6.23
2033-07-23,29063.16,20351.82,8711.34,29.97,458.69,672,4101,14,1406,38,Europe,Books,Wholesale,Completed,Medium,3.4,92,0.1759,0.39,99.414,158.0,2,5,6829932,CUST-99552,True,0.22,2325.05,42.69
2033-07-24,58870.24,22912.23,35958.01,61.08,253.99,444,660,16,1094,144,Latin America,Books,Wholesale,Pending,Low,4.5,45,0.3206,0.048,99.75,125.4,0,8,7260805,CUST-15639,False,0.0,4709.62,15.16
2033-07-25,39140.15,7199.76,31940.39,81.61,205.43,634,1475,13,967,43,Europe,Beauty,Online,Completed,Low,1.8,-74,0.1049,0.65,98.843,143.6,1,1,3832283,CUST-77324,False,0.0,3131.21,37.1
2033-07-26,47069.14,34356.66,12712.48,27.01,377.69,417,1565,13,1875,100,Latin America,Books,Retail Store,Completed,Medium,4.3,-91,0.097,0.687,98.577,161.1,3,7,6390710,CUST-32822,False,0.0,3765.53,25.52
2033-07-27,43220.76,46433.55,-3212.79,-7.43,45.86,278,2606,13,1723,10,Latin America,Books,Direct Sales,Shipped,Medium,3.9,29,0.2508,0.902,98.891,99.1,3,5,5089830,CUST-74689,True,0.21,3457.66,9.96
2033-07-28,38159.92,31182.57,6977.35,18.28,53.84,678,3986,12,1138,85,Middle East,Electronics,Retail Store,Completed,Medium,3.7,88,0.2545,0.891,99.578,65.6,2,13,4521385,CUST-66534,True,0.29,3052.79,25.26
2033-07-29,49894.33,18669.85,31224.48,62.58,329.47,963,124,20,1650,36,Latin America,Sports,Direct Sales,Completed,Low,2.6,17,0.0203,0.705,99.838,139.4,2,2,8361335,CUST-89434,False,0.0,3991.55,15.88
2033-07-30,46765.86,24857.79,21908.07,46.85,248.6,375,1254,15,137,140,Asia-Pacific,Sports,Wholesale,Completed,High,2.5,49,0.0998,0.322,98.131,163.6,2,2,4173098,CUST-50027,False,0.0,3741.27,18.02
2033-07-31,44422.13,26328.99,18093.14,40.73,397.3,868,4565,16,1908,13,Europe,Home & Kitchen,Direct Sales,Completed,High,3.8,37,0.0708,0.375,99.057,60.0,3,8,8802855,CUST-97237,False,0.0,3553.77,40.89
2033-08-01,39073.08,21859.32,17213.76,44.06,458.97,360,1559,17,1552,66,North America,Home & Kitchen,Direct Sales,Completed,Medium,5.0,-42,0.1437,0.382,99.279,98.8,1,10,3982063,CUST-78452,True,0.11,3125.85,43.6
2033-08-02,54792.87,36881.46,17911.41,32.69,200.3,308,4806,13,1116,118,Latin America,Apparel,Retail Store,Completed,Medium,2.6,20,0.0324,0.13,98.035,111.6,0,4,4213204,CUST-36712,True,0.24,4383.43,30.7
2033-08-03,74804.26,36482.08,38322.18,51.23,302.24,915,1320,17,1956,23,North America,Home & Kitchen,Direct Sales,Shipped,Low,4.7,-10,0.1245,0.947,98.362,85.6,3,2,5446540,CUST-83737,False,0.0,5984.34,44.32
2033-08-04,52098.31,20756.39,31341.92,60.16,255.34,168,2256,16,1214,37,Middle East,Sports,Online,Pending,Medium,3.3,39,0.1058,0.818,98.125,114.9,2,10,1253150,CUST-33776,False,0.0,4167.86,35.76
2033-08-05,64941.77,35800.65,29141.12,44.87,490.99,496,3391,12,1447,68,North America,Books,Retail Store,Completed,Medium,4.5,-38,0.1069,0.145,98.581,81.0,0,10,1434255,CUST-47930,False,0.0,5195.34,16.99
2033-08-06,29146.67,42214.5,-13067.83,-44.83,417.23,851,819,20,565,30,Asia-Pacific,Sports,Retail Store,Shipped,Medium,1.9,-86,0.0966,0.946,98.411,108.8,2,11,7260143,CUST-97256,False,0.0,2331.73,43.43
2033-08-07,52366.42,45220.47,7145.95,13.65,456.75,993,1205,17,549,5,Asia-Pacific,Electronics,Online,Completed,Medium,4.0,90,0.0659,0.843,98.974,144.5,1,8,8366631,CUST-44944,False,0.0,4189.31,10.31
2033-08-08,33539.48,52921.7,-19382.22,-57.79,134.63,746,3869,14,1352,81,Middle East,Sports,Online,Completed,Medium,4.3,92,0.0362,0.919,99.311,47.6,3,12,8096108,CUST-45469,False,0.0,2683.16,24.78
2033-08-09,27846.13,22784.06,5062.07,18.18,388.54,535,2579,17,375,107,Asia-Pacific,Home & Kitchen,Retail Store,Shipped,Low,4.3,65,0.409,0.286,99.684,83.2,3,6,6884332,CUST-14505,False,0.0,2227.69,23.76
2033-08-10,38909.43,52593.76,-13684.33,-35.17,140.08,364,2020,11,1491,100,Europe,Books,Retail Store,Completed,Low,4.1,4,0.2396,0.336,98.609,169.0,0,9,3274776,CUST-97801,False,0.0,3112.75,28.83
2033-08-11,67878.49,27166.35,40712.14,59.98,112.28,630,3179,13,602,80,Asia-Pacific,Sports,Retail Store,Pending,High,2.2,-95,0.0297,0.47,98.101,91.1,2,5,1166335,CUST-84445,False,0.0,5430.28,38.58
2033-08-12,64250.24,25260.28,38989.96,60.68,472.69,939,4831,8,1987,37,Latin America,Books,Wholesale,Completed,Low,3.1,33,0.1028,0.224,98.008,29.0,2,1,7595038,CUST-77419,False,0.0,5140.02,10.58
2033-08-13,53645.07,32616.58,21028.49,39.2,19.46,410,3269,10,937,86,Asia-Pacific,Beauty,Direct Sales,Completed,Low,2.2,-63,0.0315,0.465,99.689,126.0,1,12,3067574,CUST-90826,True,0.25,4291.61,37.19
2033-08-14,27009.49,25343.51,1665.98,6.17,483.04,414,3272,9,1045,73,Europe,Sports,Online,Pending,Medium,2.4,-53,0.1367,0.009,99.756,117.4,2,3,5329651,CUST-50903,False,0.0,2160.76,25.78
2033-08-15,47055.79,33192.35,13863.44,29.46,83.14,105,3430,16,1675,87,Middle East,Beauty,Wholesale,Completed,Low,2.2,-86,0.181,0.878,98.202,125.2,4,5,5062503,CUST-37989,False,0.0,3764.46,17.1
2033-08-16,54525.5,19439.38,35086.12,64.35,411.52,716,4551,17,1042,110,Asia-Pacific,Home & Kitchen,Wholesale,Completed,Medium,2.1,-29,0.0416,0.162,98.02,122.0,1,10,4857387,CUST-81165,False,0.0,4362.04,41.39
2033-08-17,52633.04,28089.98,24543.06,46.63,145.2,579,2158,11,1841,106,Europe,Beauty,Wholesale,Completed,Medium,3.8,-72,0.3421,0.501,99.601,164.6,2,12,9258930,CUST-81241,False,0.0,4210.64,27.46
2033-08-18,22343.1,40284.66,-17941.56,-80.3,181.84,984,3421,12,978,118,Latin America,Books,Direct Sales,Completed,Low,3.6,-99,0.3064,0.929,99.281,95.4,1,5,8667009,CUST-32150,False,0.0,1787.45,40.84
2033-08-19,36645.23,29543.51,7101.72,19.38,116.21,401,1970,17,970,147,North America,Books,Wholesale,Shipped,Low,1.8,-26,0.1512,0.821,99.112,116.7,1,7,6197105,CUST-72479,False,0.0,2931.62,16.76
2033-08-20,49038.83,31132.77,17906.06,36.51,296.9,361,3721,12,357,50,North America,Beauty,Retail Store,Shipped,Low,3.8,100,0.2555,0.776,99.066,104.9,4,5,3652227,CUST-94474,False,0.0,3923.11,42.9
2033-08-21,58044.36,33802.07,24242.29,41.77,180.57,815,1245,9,706,124,Middle East,Electronics,Online,Pending,Medium,2.2,43,0.1993,0.605,99.548,143.7,4,9,2874274,CUST-28790,False,0.0,4643.55,10.51
2033-08-22,17058.08,39365.29,-22307.21,-130.77,332.12,675,4091,6,1380,52,Middle East,Beauty,Direct Sales,Completed,High,1.8,85,0.42,0.436,98.587,147.2,4,8,1908959,CUST-38024,True,0.24,1364.65,49.84
2033-08-23,47568.14,16758.2,30809.94,64.77,17.67,585,3473,9,1972,72,North America,Electronics,Direct Sales,Completed,Low,4.0,-13,0.0689,0.446,98.778,133.0,1,5,2925625,CUST-87369,False,0.0,3805.45,38.95
2033-08-24,52145.73,34676.19,17469.54,33.5,41.54,679,224,21,1896,87,North America,Beauty,Retail Store,Pending,Medium,2.5,61,0.2699,0.087,98.156,195.4,2,6,7367862,CUST-69522,False,0.0,4171.66,34.68
2033-08-25,62744.18,27854.89,34889.29,55.61,58.83,786,411,16,519,89,Middle East,Books,Online,Completed,High,3.3,70,0.1757,0.065,99.132,139.4,0,7,9688413,CUST-36472,False,0.0,5019.53,20.36
2033-08-26,60392.86,31333.1,29059.76,48.12,215.31,642,874,14,1257,130,North America,Sports,Wholesale,Completed,Low,1.8,-77,0.1032,0.843,99.922,163.9,1,13,8341104,CUST-66050,False,0.0,4831.43,34.24
2033-08-27,58738.57,38479.6,20258.97,34.49,409.25,297,3020,12,1704,125,Asia-Pacific,Books,Direct Sales,Shipped,Medium,3.5,1,0.117,0.409,98.568,89.0,5,7,2374175,CUST-71955,True,0.29,4699.09,45.56
2033-08-28,38000.89,20446.51,17554.38,46.19,445.21,532,1931,10,674,133,Europe,Beauty,Online,Completed,Medium,1.8,-76,0.132,0.054,99.858,95.6,3,9,3451364,CUST-72183,False,0.0,3040.07,15.27
2033-08-29,21379.97,21898.84,-518.87,-2.43,129.96,735,793,17,340,24,Middle East,Apparel,Direct Sales,Pending,Medium,1.7,68,0.0105,0.663,99.458,189.3,1,3,8803446,CUST-89920,False,0.0,1710.4,22.26
2033-08-30,44104.21,14516.56,29587.65,67.09,291.44,171,1476,22,298,69,Europe,Electronics,Online,Completed,High,2.5,16,0.0415,0.683,98.468,72.6,6,11,6742418,CUST-43102,True,0.18,3528.34,10.31
2033-08-31,65024.48,25606.73,39417.75,60.62,386.5,626,1089,16,373,147,Latin America,Apparel,Online,Shipped,Low,4.2,-68,0.1768,0.227,99.326,146.9,2,5,9514169,CUST-60949,True,0.25,5201.96,33.21
2033-09-01,70901.82,40643.46,30258.36,42.68,151.53,923,2946,13,1516,65,Latin America,Books,Online,Completed,Low,1.7,7,0.1445,0.411,98.732,165.0,1,7,8098996,CUST-64591,False,0.0,5672.15,23.07
2033-09-02,60658.24,29035.3,31622.94,52.13,210.41,668,1852,15,653,83,Asia-Pacific,Electronics,Retail Store,Shipped,Medium,1.5,-58,0.1356,0.573,98.245,161.1,1,6,2281968,CUST-18246,False,0.0,4852.66,41.88
2033-09-03,56440.11,19279.0,37161.11,65.84,266.75,191,3059,12,108,18,Latin America,Sports,Direct Sales,Completed,Low,1.1,-84,0.159,0.596,98.185,64.2,2,4,1069055,CUST-78481,False,0.0,4515.21,10.48
2033-09-04,55694.59,26114.57,29580.02,53.11,76.09,859,2553,13,1070,73,Middle East,Beauty,Wholesale,Shipped,Low,2.7,-94,0.1684,0.511,98.034,107.7,0,4,6874755,CUST-28576,True,0.24,4455.57,11.16
2033-09-05,41658.22,18097.11,23561.11,56.56,22.73,558,3143,9,318,126,Asia-Pacific,Electronics,Retail Store,Completed,High,2.1,86,0.2558,0.364,99.596,141.8,1,5,9080014,CUST-61565,True,0.25,3332.66,19.51
2033-09-06,48049.1,20998.51,27050.59,56.3,84.87,91,1816,14,1391,53,Asia-Pacific,Electronics,Wholesale,Pending,Medium,2.2,-74,0.2547,0.069,99.77,146.0,2,13,2854731,CUST-20124,False,0.0,3843.93,19.41
2033-09-07,75036.04,33110.55,41925.49,55.87,317.16,533,1726,14,143,138,Middle East,Home & Kitchen,Retail Store,Shipped,Medium,4.9,-65,0.2103,0.022,98.965,119.7,2,13,3950104,CUST-77287,True,0.22,6002.88,36.6
2033-09-08,35861.63,20609.01,15252.62,42.53,46.07,13,3188,15,1327,120,North America,Sports,Retail Store,Completed,Low,1.8,46,0.047,0.46,99.04,95.6,3,3,2981132,CUST-55453,False,0.0,2868.93,22.3
2033-09-09,74221.68,38901.07,35320.61,47.59,102.95,504,3431,12,736,94,Europe,Electronics,Retail Store,Completed,Low,2.8,-86,0.0443,0.203,99.383,110.4,2,5,9606753,CUST-59080,True,0.09,5937.73,29.8
2033-09-10,45169.58,29431.04,15738.54,34.84,175.55,564,4128,8,1533,93,Middle East,Sports,Online,Cancelled,Low,4.9,-31,0.0907,0.938,99.402,98.4,1,12,9090770,CUST-37271,False,0.0,3613.57,29.88
2033-09-11,69881.48,30684.76,39196.72,56.09,48.16,932,989,16,564,121,North America,Books,Direct Sales,Completed,High,1.1,84,0.3445,0.64,98.648,76.5,3,2,9133494,CUST-78297,True,0.06,5590.52,15.53
2033-09-12,28897.77,27773.02,1124.75,3.89,103.93,60,1478,12,582,126,North America,Sports,Online,Pending,Critical,3.8,-32,0.3365,0.586,98.318,109.5,3,8,8137533,CUST-17456,False,0.0,2311.82,46.56
2033-09-13,58788.56,36182.78,22605.78,38.45,456.52,270,4684,12,1177,19,Latin America,Apparel,Online,Completed,Medium,2.5,-48,0.2378,0.407,98.861,184.7,3,1,9513610,CUST-88465,True,0.21,4703.08,14.51
2033-09-14,38948.45,36265.28,2683.17,6.89,19.46,143,4375,15,1906,11,Asia-Pacific,Apparel,Online,Pending,Low,4.6,96,0.0882,0.33,99.394,110.2,2,2,4063899,CUST-35187,False,0.0,3115.88,35.84
2033-09-15,28770.99,32680.43,-3909.44,-13.59,330.18,982,1807,11,451,58,Asia-Pacific,Sports,Retail Store,Completed,High,4.6,-99,0.1225,0.18,99.608,67.1,0,12,2771922,CUST-22310,False,0.0,2301.68,25.79
2033-09-16,53278.01,34518.31,18759.7,35.21,198.36,608,2464,17,1854,8,Latin America,Beauty,Retail Store,Pending,High,2.5,6,0.0908,0.06,98.178,107.4,4,8,9757457,CUST-58458,False,0.0,4262.24,29.75
2033-09-17,65142.08,28303.28,36838.8,56.55,339.6,371,331,16,1016,5,Latin America,Home & Kitchen,Wholesale,Completed,High,1.9,45,0.2137,0.634,99.177,180.5,4,12,8931676,CUST-92676,True,0.28,5211.37,36.36
2033-09-18,37325.88,34337.62,2988.26,8.01,298.46,577,1912,14,1406,109,Asia-Pacific,Apparel,Direct Sales,Completed,Medium,2.7,59,0.0274,0.779,98.108,64.2,0,5,6110035,CUST-44510,False,0.0,2986.07,48.15
2033-09-19,27514.76,27296.98,217.78,0.79,119.51,226,1712,14,770,70,Middle East,Apparel,Online,Completed,Medium,4.9,12,0.0376,0.858,99.65,120.0,1,2,4544347,CUST-91150,False,0.0,2201.18,5.06
2033-09-20,48622.33,30017.85,18604.48,38.26,425.13,887,4526,18,926,85,Middle East,Electronics,Online,Pending,Medium,2.1,25,0.4164,0.724,99.334,145.8,1,7,8911559,CUST-70629,False,0.0,3889.79,37.41
2033-09-21,48688.47,27802.85,20885.62,42.9,251.05,77,4756,5,657,142,Middle East,Sports,Online,Completed,Low,4.9,56,0.0754,0.897,99.393,80.1,4,2,6563239,CUST-79184,True,0.14,3895.08,12.13
2033-09-22,58224.79,26342.25,31882.54,54.76,413.04,873,3096,14,142,72,Middle East,Books,Direct Sales,Completed,Medium,4.3,-52,0.3024,0.983,99.523,126.7,1,3,7342055,CUST-62819,False,0.0,4657.98,39.88
2033-09-23,64243.92,24487.11,39756.81,61.88,208.95,565,347,12,1630,106,Latin America,Sports,Direct Sales,Pending,Medium,2.1,15,0.232,0.962,98.991,88.0,4,3,9114349,CUST-99039,False,0.0,5139.51,44.98
2033-09-24,49108.77,33741.52,15367.25,31.29,492.5,152,4478,17,623,55,Europe,Sports,Direct Sales,Completed,Medium,4.2,-41,0.139,0.592,98.598,77.1,0,8,5583351,CUST-13214,False,0.0,3928.7,29.16
2033-09-25,77832.55,40484.85,37347.7,47.98,387.54,355,2179,11,1615,34,Europe,Books,Online,Shipped,Medium,1.2,26,0.242,0.224,99.571,141.8,2,11,4818200,CUST-93268,True,0.25,6226.6,26.07
2033-09-26,53363.52,39368.82,13994.7,26.23,483.32,563,3841,17,1020,43,Asia-Pacific,Beauty,Direct Sales,Pending,Medium,3.2,-73,0.0431,0.106,99.555,183.8,2,2,5540443,CUST-99178,False,0.0,4269.08,7.12
2033-09-27,44803.6,19947.48,24856.12,55.48,262.02,660,4725,17,1855,142,Europe,Books,Online,Completed,Medium,2.4,-15,0.1817,0.994,98.27,106.5,3,13,5496664,CUST-54402,False,0.0,3584.29,43.12
2033-09-28,25826.49,40313.62,-14487.13,-56.09,242.11,594,4576,15,486,67,Middle East,Apparel,Online,Completed,Low,2.7,54,0.1861,0.308,99.806,140.3,0,7,2906489,CUST-19388,False,0.0,2066.12,46.21
2033-09-29,46060.11,27454.73,18605.38,40.39,380.17,788,162,10,1083,65,Latin America,Electronics,Direct Sales,Pending,High,2.9,35,0.178,0.034,98.442,136.9,4,9,2114331,CUST-11447,False,0.0,3684.81,37.33
2033-09-30,44954.2,34805.86,10148.34,22.57,441.34,203,4323,17,505,69,Middle East,Books,Retail Store,Completed,Medium,3.0,99,0.2416,0.391,98.613,126.1,3,10,5266869,CUST-45328,False,0.0,3596.34,15.87
2033-10-01,64404.57,22750.28,41654.29,64.68,482.43,676,1651,15,464,85,North America,Home & Kitchen,Online,Shipped,Medium,3.6,50,0.247,0.748,98.432,95.9,1,5,9958949,CUST-84408,False,0.0,5152.37,15.94
2033-10-02,56937.25,31135.84,25801.41,45.32,169.03,255,3105,19,1591,16,Latin America,Home & Kitchen,Online,Completed,Low,3.8,-69,0.1138,0.891,99.931,84.5,2,1,2134694,CUST-42793,True,0.19,4554.98,45.33
2033-10-03,32309.46,32509.79,-200.33,-0.62,401.37,323,3422,12,1448,128,North America,Home & Kitchen,Retail Store,Completed,High,4.9,-86,0.1865,0.478,98.599,92.1,0,5,4191367,CUST-39387,False,0.0,2584.76,7.33
2033-10-04,52583.82,18123.16,34460.66,65.53,113.22,739,394,12,1604,6,North America,Books,Direct Sales,Completed,Medium,4.1,-10,0.0156,0.294,99.943,113.7,3,13,3934230,CUST-43480,False,0.0,4206.71,8.74
2033-10-05,60072.97,34866.14,25206.83,41.96,277.33,977,4374,15,1597,77,Asia-Pacific,Electronics,Wholesale,Refunded,Medium,3.8,27,0.2378,0.778,99.276,105.3,1,3,4706249,CUST-33591,False,0.0,4805.84,32.61
2033-10-06,72920.47,40767.48,32152.99,44.09,98.13,393,4424,7,1446,80,North America,Books,Retail Store,Shipped,Critical,2.6,22,0.2494,0.504,98.353,79.8,1,7,2946962,CUST-30314,True,0.16,5833.64,27.65
2033-10-07,63312.56,28602.82,34709.74,54.82,180.22,774,982,16,753,29,Europe,Apparel,Direct Sales,Completed,High,1.5,95,0.2045,0.086,99.108,112.8,4,10,1760869,CUST-28803,False,0.0,5065.0,6.55
2033-10-08,61412.7,40881.35,20531.35,33.43,466.37,798,493,16,1688,122,Europe,Books,Online,Refunded,Medium,1.2,67,0.2415,0.888,99.765,97.8,1,1,7099417,CUST-32870,False,0.0,4913.02,45.07
2033-10-09,50901.29,28482.45,22418.84,44.04,81.58,286,2839,11,931,112,North America,Sports,Retail Store,Completed,Low,2.9,-5,0.0984,0.656,99.123,139.5,0,7,8093395,CUST-49138,False,0.0,4072.1,19.03
2033-10-10,55824.68,36796.68,19028.0,34.09,319.88,81,3567,12,811,103,Asia-Pacific,Home & Kitchen,Online,Pending,Critical,3.7,-44,0.1763,0.037,98.265,106.3,3,8,1739442,CUST-82510,False,0.0,4465.97,16.95
2033-10-11,68742.57,12251.44,56491.13,82.18,300.55,138,4267,15,1829,26,North America,Home & Kitchen,Retail Store,Pending,Critical,3.6,-54,0.1946,0.009,98.574,149.5,4,3,7282362,CUST-12353,False,0.0,5499.41,44.97
2033-10-12,30008.34,49350.22,-19341.88,-64.46,69.16,367,4513,19,1923,60,Latin America,Sports,Wholesale,Shipped,Low,4.8,0,0.2175,0.088,98.45,128.0,0,9,9465560,CUST-97863,False,0.0,2400.67,33.38
2033-10-13,44758.41,41963.67,2794.74,6.24,169.73,707,4070,15,1512,59,Latin America,Electronics,Online,Completed,Medium,2.5,17,0.3572,0.822,98.252,102.6,2,8,7972687,CUST-12200,True,0.09,3580.67,23.06
2033-10-14,38411.47,27723.0,10688.47,27.83,285.86,534,4790,15,1268,44,Latin America,Beauty,Direct Sales,Completed,Medium,3.5,-91,0.3759,0.481,98.655,114.3,3,9,3326436,CUST-27220,True,0.26,3072.92,23.84
2033-10-15,55687.3,14223.29,41464.01,74.46,101.72,850,4574,15,314,125,Latin America,Home & Kitchen,Retail Store,Pending,Low,4.6,83,0.1736,0.335,99.322,115.3,3,12,5445375,CUST-77680,False,0.0,4454.98,27.51
2033-10-16,68453.33,32304.23,36149.1,52.81,402.31,229,4331,19,556,8,North America,Home & Kitchen,Retail Store,Completed,Low,2.6,16,0.2031,0.249,98.765,125.8,0,1,7323643,CUST-65255,False,0.0,5476.27,26.13
2033-10-17,41045.39,18448.6,22596.79,55.05,486.36,15,2877,16,695,30,Middle East,Beauty,Retail Store,Completed,Medium,2.9,-9,0.1338,0.507,98.888,132.6,1,8,8642038,CUST-37319,False,0.0,3283.63,8.56
2033-10-18,14145.43,33558.83,-19413.4,-137.24,115.23,760,3792,15,946,116,Middle East,Books,Online,Pending,Critical,4.7,79,0.17,0.083,98.641,104.2,2,13,7889744,CUST-62369,True,0.18,1131.63,47.29
2033-10-19,43816.69,33292.53,10524.16,24.02,101.59,992,1501,20,1499,117,Latin America,Home & Kitchen,Direct Sales,Pending,Low,3.2,-38,0.3529,0.617,99.989,111.7,4,9,9817154,CUST-78830,False,0.0,3505.34,13.09
2033-10-20,63702.11,22468.77,41233.34,64.73,232.92,633,1005,16,910,27,Asia-Pacific,Electronics,Retail Store,Completed,High,4.2,78,0.1501,0.381,99.172,124.0,6,3,3848603,CUST-30904,False,0.0,5096.17,8.38
2033-10-21,58064.45,38967.74,19096.71,32.89,376.4,237,629,11,738,62,Asia-Pacific,Books,Online,Completed,High,4.7,-31,0.1436,0.858,99.668,16.5,6,6,5265313,CUST-65400,False,0.0,4645.16,8.57
2033-10-22,56422.79,36444.6,19978.19,35.41,147.98,963,4718,17,916,12,North America,Books,Online,Completed,High,3.3,36,0.0872,0.754,98.883,139.4,1,4,8874635,CUST-13869,False,0.0,4513.82,33.16
2033-10-23,45800.1,37806.59,7993.51,17.45,19.74,26,3821,13,1172,120,Middle East,Home & Kitchen,Wholesale,Pending,Low,1.4,-7,0.0414,0.018,98.337,86.6,0,4,9202594,CUST-63045,True,0.24,3664.01,44.61
2033-10-24,30814.54,30070.86,743.68,2.41,275.2,594,486,14,1103,55,North America,Books,Direct Sales,Pending,Medium,4.3,-60,0.2419,0.166,99.694,109.9,1,6,9877053,CUST-27610,True,0.14,2465.16,35.5
2033-10-25,57729.41,18675.81,39053.6,67.65,478.73,21,2721,18,1364,5,Europe,Books,Wholesale,Shipped,Medium,4.3,-61,0.0803,0.474,99.527,96.3,2,5,3275145,CUST-19256,False,0.0,4618.35,20.85
2033-10-26,37485.77,37822.98,-337.21,-0.9,201.73,607,672,17,1648,124,Latin America,Electronics,Retail Store,Shipped,High,1.5,-85,0.2365,0.659,98.66,146.2,2,8,6725239,CUST-26036,False,0.0,2998.86,28.98
2033-10-27,82761.45,27837.03,54924.42,66.36,215.87,508,743,13,536,34,Europe,Books,Online,Shipped,Medium,3.2,-76,0.0967,0.715,99.213,155.9,2,7,8227413,CUST-16553,True,0.22,6620.92,16.89
2033-10-28,58557.61,18881.76,39675.85,67.76,484.76,701,4171,21,1479,21,Europe,Sports,Retail Store,Completed,Low,2.9,37,0.1638,0.816,98.187,116.1,3,11,8687703,CUST-53348,False,0.0,4684.61,9.84
2033-10-29,41290.28,40816.31,473.97,1.15,350.36,643,1392,12,77,106,Asia-Pacific,Home & Kitchen,Online,Completed,Low,4.4,57,0.0532,0.049,98.053,116.5,1,12,9533514,CUST-47357,True,0.29,3303.22,9.07
2033-10-30,40829.22,46795.26,-5966.04,-14.61,362.39,725,3695,11,1219,126,Middle East,Home & Kitchen,Online,Shipped,Medium,2.1,-92,0.2872,0.018,99.632,118.6,1,12,6924423,CUST-84449,False,0.0,3266.34,35.97
2033-10-31,48605.84,29670.01,18935.83,38.96,285.72,511,4742,11,337,90,Latin America,Sports,Direct Sales,Completed,Critical,2.7,-61,0.1441,0.601,99.884,119.4,1,12,7773660,CUST-92855,False,0.0,3888.47,23.98
2033-11-01,46407.47,47272.97,-865.5,-1.87,487.56,79,2585,14,630,73,North America,Sports,Retail Store,Refunded,Medium,3.4,-44,0.0526,0.724,98.688,155.0,1,8,7819877,CUST-22377,False,0.0,3712.6,33.26
2033-11-02,66752.51,30730.52,36021.99,53.96,347.54,117,654,18,999,93,Latin America,Sports,Direct Sales,Shipped,Medium,3.1,-55,0.1159,0.787,99.195,225.4,0,10,4042757,CUST-56608,True,0.19,5340.2,35.36
2033-11-03,52796.24,26956.35,25839.89,48.94,448.57,210,2258,19,301,75,North America,Beauty,Online,Completed,Low,4.8,18,0.1559,0.156,99.435,114.0,1,3,8362649,CUST-45289,False,0.0,4223.7,48.08
2033-11-04,39025.52,24956.33,14069.19,36.05,352.7,61,3493,17,1235,62,North America,Apparel,Retail Store,Completed,High,4.8,-94,0.325,0.969,99.492,139.9,3,12,7813228,CUST-18101,True,0.06,3122.04,21.07
2033-11-05,78356.61,43096.66,35259.95,45.0,370.21,558,2674,21,976,63,Middle East,Beauty,Online,Completed,Medium,1.3,70,0.1437,0.229,98.962,90.4,1,11,7422425,CUST-97454,True,0.07,6268.53,13.94
2033-11-06,50739.62,23758.85,26980.77,53.17,152.3,638,2324,13,159,41,Europe,Electronics,Retail Store,Pending,High,2.2,15,0.2475,0.25,99.227,93.6,4,5,4243261,CUST-39268,False,0.0,4059.17,10.82
2033-11-07,61532.6,35882.15,25650.45,41.69,158.7,268,3709,10,1938,104,North America,Electronics,Retail Store,Shipped,Medium,1.0,27,0.1392,0.154,99.314,84.3,1,11,5638131,CUST-78512,False,0.0,4922.61,5.84
2033-11-08,40876.6,25526.69,15349.91,37.55,393.66,491,4819,16,693,117,Middle East,Home & Kitchen,Wholesale,Completed,Medium,2.7,75,0.2597,0.043,98.207,166.9,0,5,9384020,CUST-14330,False,0.0,3270.13,11.86
2033-11-09,55446.73,26317.55,29129.18,52.54,155.39,273,2088,15,447,24,Europe,Apparel,Wholesale,Shipped,Medium,3.6,12,0.2384,0.81,99.29,144.6,0,2,3831162,CUST-82395,False,0.0,4435.74,36.12
2033-11-10,54666.65,38242.0,16424.65,30.05,285.76,915,1043,24,1344,21,Europe,Beauty,Direct Sales,Pending,Low,2.9,18,0.2662,0.006,99.022,106.5,4,5,2552276,CUST-30933,False,0.0,4373.33,24.31
2033-11-11,21655.26,26959.71,-5304.45,-24.49,132.18,312,4668,16,1261,8,Latin America,Apparel,Online,Completed,Low,1.3,3,0.0566,0.464,98.757,127.5,3,6,6879528,CUST-63078,False,0.0,1732.42,44.37
2033-11-12,80229.13,26761.64,53467.49,66.64,410.32,946,1093,13,1605,54,Latin America,Home & Kitchen,Direct Sales,Completed,Low,1.8,-44,0.1139,0.092,98.523,146.8,0,7,2751952,CUST-39710,False,0.0,6418.33,5.59
2033-11-13,69359.67,39062.44,30297.23,43.68,64.15,585,3559,14,325,86,Latin America,Books,Retail Store,Completed,Medium,1.7,44,0.1207,0.045,99.276,161.9,3,5,2887841,CUST-80168,False,0.0,5548.77,46.89
2033-11-14,44042.07,42779.18,1262.89,2.87,416.43,563,1221,13,738,54,Asia-Pacific,Home & Kitchen,Direct Sales,Completed,Medium,3.0,-76,0.0759,0.935,98.334,134.3,1,9,2394738,CUST-85953,True,0.28,3523.37,7.32
2033-11-15,33465.95,35157.52,-1691.57,-5.05,305.34,564,3546,10,1684,20,Europe,Home & Kitchen,Retail Store,Completed,Low,3.7,10,0.1661,0.825,99.622,123.2,2,5,1353078,CUST-16623,False,0.0,2677.28,49.15
2033-11-16,55213.42,24761.84,30451.58,55.15,101.59,134,4365,18,296,76,Asia-Pacific,Apparel,Direct Sales,Completed,Medium,2.3,34,0.1343,0.395,98.344,166.2,2,2,8508692,CUST-80170,False,0.0,4417.07,9.68
2033-11-17,51300.47,25915.13,25385.34,49.48,275.6,914,155,12,1397,65,Latin America,Electronics,Direct Sales,Cancelled,Medium,1.5,-46,0.2211,0.459,99.543,81.4,2,8,2254604,CUST-15383,False,0.0,4104.04,14.32
2033-11-18,55335.03,30639.32,24695.71,44.63,148.42,279,1856,13,1091,48,Middle East,Books,Retail Store,Completed,Medium,4.2,46,0.1972,0.868,99.635,52.7,3,13,4743541,CUST-14923,False,0.0,4426.8,37.56
2033-11-19,52873.66,32567.44,20306.22,38.41,168.5,868,757,14,457,54,Latin America,Books,Retail Store,Completed,Low,4.4,-69,0.2607,0.797,99.879,164.0,1,7,9184170,CUST-66772,False,0.0,4229.89,22.44
2033-11-20,57593.61,22097.07,35496.54,61.63,182.25,754,359,17,1484,84,North America,Electronics,Direct Sales,Completed,Medium,2.1,-14,0.217,0.692,98.927,104.3,5,8,7777525,CUST-59735,False,0.0,4607.49,47.05
2033-11-21,71709.59,35784.3,35925.29,50.1,41.03,489,4836,15,1874,34,Middle East,Apparel,Retail Store,Pending,Low,2.7,59,0.1968,0.537,98.127,166.8,1,8,9351415,CUST-50223,False,0.0,5736.77,10.07
2033-11-22,58521.55,30684.11,27837.44,47.57,493.12,141,2709,16,174,53,Middle East,Apparel,Direct Sales,Pending,Low,1.3,53,0.0731,0.608,99.355,187.2,4,5,8297527,CUST-96021,False,0.0,4681.72,38.04
2033-11-23,34255.17,16274.33,17980.84,52.49,25.45,11,4009,13,1393,102,Europe,Electronics,Online,Shipped,Medium,1.9,-29,0.0609,0.393,98.565,184.9,0,2,1620524,CUST-89378,False,0.0,2740.41,29.43
2033-11-24,70438.44,22568.59,47869.85,67.96,334.62,124,503,12,202,29,Asia-Pacific,Beauty,Wholesale,Pending,Low,4.1,-79,0.3199,0.528,98.185,14.6,2,13,6835526,CUST-25477,False,0.0,5635.08,43.62
2033-11-25,74609.22,25966.97,48642.25,65.2,191.9,490,894,13,1654,60,North America,Apparel,Retail Store,Completed,High,2.5,82,0.2137,0.54,99.712,148.0,0,5,9537464,CUST-12026,False,0.0,5968.74,10.06
2033-11-26,97280.85,29417.14,67863.71,69.76,326.55,990,1661,14,707,8,Middle East,Electronics,Retail Store,Completed,High,3.4,84,0.2716,0.865,98.279,102.2,1,3,2735250,CUST-68667,True,0.12,7782.47,45.65
2033-11-27,33147.59,45114.23,-11966.64,-36.1,184.56,10,1283,8,1630,16,Asia-Pacific,Beauty,Direct Sales,Pending,Medium,4.8,35,0.2424,0.219,99.013,97.2,1,9,9806596,CUST-96608,True,0.22,2651.81,6.61
2033-11-28,53643.23,31905.37,21737.86,40.52,340.14,340,2741,16,1951,149,Asia-Pacific,Home & Kitchen,Retail Store,Completed,Low,3.9,-55,0.0971,0.247,99.577,133.0,0,5,4430493,CUST-50535,False,0.0,4291.46,44.7
2033-11-29,18768.52,23273.82,-4505.3,-24.0,367.33,586,2764,14,69,40,North America,Books,Online,Pending,Medium,2.8,-96,0.0481,0.211,98.398,98.1,0,7,4637553,CUST-94056,False,0.0,1501.48,47.98
2033-11-30,58297.24,31765.05,26532.19,45.51,348.37,951,4909,21,1876,20,North America,Electronics,Wholesale,Completed,Medium,2.5,-89,0.1642,0.579,99.793,146.2,0,4,1108174,CUST-45366,False,0.0,4663.78,9.37
2033-12-01,41777.0,27183.3,14593.7,34.93,65.84,964,3707,18,296,125,Latin America,Apparel,Wholesale,Shipped,Low,1.8,-74,0.1954,0.695,98.663,166.2,1,10,7164323,CUST-95703,True,0.23,3342.16,21.34
2033-12-02,78851.69,32598.07,46253.62,58.66,331.88,980,2057,12,1463,141,Latin America,Books,Retail Store,Completed,Low,4.0,-17,0.1392,0.239,98.793,112.9,4,12,1783291,CUST-73416,False,0.0,6308.14,43.86
2033-12-03,38380.78,34644.54,3736.24,9.73,147.19,646,2193,12,1420,82,Middle East,Beauty,Online,Completed,Low,1.4,38,0.1106,0.677,98.263,132.6,0,6,7685065,CUST-61801,False,0.0,3070.46,20.55
2033-12-04,24662.25,39673.85,-15011.6,-60.87,24.11,777,1852,14,1549,59,Middle East,Books,Wholesale,Completed,Low,1.2,-65,0.0542,0.628,99.289,104.0,2,12,9984723,CUST-89011,False,0.0,1972.98,15.69
2033-12-05,42931.04,29805.71,13125.33,30.57,213.27,400,3662,12,1276,77,Middle East,Sports,Wholesale,Shipped,Medium,1.4,-49,0.2523,0.321,98.991,136.4,4,4,4365277,CUST-61092,False,0.0,3434.48,13.63
2033-12-06,20367.68,43111.68,-22744.0,-111.67,222.44,843,1794,7,1082,68,Latin America,Electronics,Online,Completed,High,2.0,29,0.3722,0.23,99.948,169.6,3,6,4401890,CUST-31520,True,0.1,1629.41,33.54
2033-12-07,61266.49,37264.18,24002.31,39.18,238.92,152,955,14,1765,94,Middle East,Home & Kitchen,Wholesale,Completed,Low,3.5,-27,0.0972,0.882,99.397,134.3,3,4,7134330,CUST-29735,False,0.0,4901.32,12.7
2033-12-08,19023.75,24340.48,-5316.73,-27.95,355.36,337,1395,14,1741,142,Middle East,Beauty,Direct Sales,Completed,Low,4.4,98,0.1843,0.57,99.518,115.8,1,2,2996473,CUST-63167,False,0.0,1521.9,11.35
2033-12-09,50426.86,47678.85,2748.01,5.45,161.33,767,4855,15,580,93,Latin America,Beauty,Online,Completed,Low,5.0,-89,0.438,0.704,98.398,165.9,2,9,9696587,CUST-56678,False,0.0,4034.15,12.0
2033-12-10,18832.82,32615.96,-13783.14,-73.19,164.49,637,3721,20,152,8,Latin America,Beauty,Wholesale,Completed,Medium,3.9,-46,0.2076,0.925,99.426,105.8,3,8,9230957,CUST-79927,False,0.0,1506.63,35.03
2033-12-11,45195.53,23319.0,21876.53,48.4,39.67,386,4306,13,1319,34,Middle East,Books,Online,Completed,Low,1.6,-21,0.0587,0.205,99.115,106.6,1,4,6979291,CUST-56924,False,0.0,3615.64,42.11
2033-12-12,74650.67,43223.3,31427.37,42.1,346.54,824,1138,12,646,143,Middle East,Home & Kitchen,Retail Store,Shipped,Low,2.1,58,0.1987,0.351,98.808,96.8,1,6,7435180,CUST-52937,True,0.22,5972.05,43.4
2033-12-13,55409.72,46622.22,8787.5,15.86,288.23,99,4696,22,1392,55,Asia-Pacific,Electronics,Wholesale,Shipped,Low,1.5,-10,0.1562,0.434,99.565,65.1,3,6,3912650,CUST-20840,False,0.0,4432.78,39.39
